date,R_fighter,B_fighter,Winner,weight_class,gender,no_of_rounds,R_current_win_streak,B_current_win_streak,R_longest_win_streak,B_longest_win_streak,R_current_lose_streak,B_current_lose_streak,R_wins,B_wins,R_losses,B_losses,R_total_rounds_fought,B_total_rounds_fought,R_total_title_bouts,B_total_title_bouts,R_win_by_KO/TKO,B_win_by_KO/TKO,R_win_by_Submission,B_win_by_Submission,R_Height_cms,B_Height_cms,R_Reach_cms,B_Reach_cms,R_age,B_age,R_avg_SIG_STR_landed,B_avg_SIG_STR_landed,R_avg_SIG_STR_pct,B_avg_SIG_STR_pct,R_avg_SUB_ATT,B_avg_SUB_ATT,R_avg_TD_landed,B_avg_TD_landed,R_avg_TD_pct,B_avg_TD_pct,R_Stance,B_Stance,R_ufc_fights,B_ufc_fights
2026-03-28,Israel Adesanya,Joe Pyfer,Blue,Middleweight,MALE,5,0,3,9,4,3,0,13,7,5,2,66,18,12,0,5,4,0,2,193.04,187.96,203.2,190.5,36,29,4.03,3.52,0.48,0.44,0.1,0.9,0.05,1.45,0.09,0.3,Switch,Orthodox,18,9
2026-03-28,Michael Chiesa,Niko Price,Red,Welterweight,MALE,3,3,0,4,2,0,3,14,8,7,10,47,40,1,0,0,4,8,2,185.42,182.88,190.5,193.04,38,36,2.02,5.11,0.4,0.43,1.0,0.6,3.11,1.06,0.47,0.3,Southpaw,Orthodox,21,18
2026-03-28,Mansur Abdul-Malik,Yousri Belgaroui,Blue,Middleweight,MALE,3,4,2,3,2,0,0,4,2,0,1,9,9,0,0,3,2,1,0,187.96,198.12,203.2,200.66,28,33,3.28,6.1,0.44,0.64,0.3,0.0,1.65,0.29,0.41,1.0,Orthodox,Orthodox,4,3
2026-03-28,Terrance McKinney,Kyle Nelson,Red,Lightweight,MALE,3,0,1,2,3,1,0,7,5,6,5,16,26,0,0,4,2,3,0,177.8,180.34,185.42,180.34,31,34,6.53,3.6,0.55,0.45,2.1,0.5,3.31,1.18,0.4,0.23,Switch,Switch,13,10
2026-03-28,Navajo Stirling,Bruno Lopes,Red,Light Heavyweight,MALE,3,4,0,4,2,0,1,4,2,0,2,11,7,0,0,1,1,0,0,193.04,187.96,200.66,187.96,28,32,6.25,2.88,0.52,0.43,0.0,0.0,0.98,1.93,0.28,0.21,Orthodox,Orthodox,4,4
2026-03-28,Ricky Simon,Adrian Yanez,Draw,Bantamweight,MALE,3,0,0,5,6,1,1,11,7,6,3,46,18,0,0,2,6,3,0,167.64,170.18,175.26,177.8,33,32,3.03,5.96,0.42,0.41,0.3,0.0,4.49,0.0,0.41,0.0,Orthodox,Orthodox,17,10
2026-03-21,Movsar Evloev,Lerone Murphy,Red,Featherweight,MALE,5,9,9,9,9,0,0,9,9,0,0,27,29,0,0,0,3,0,0,170.18,175.26,182.88,185.42,32,34,3.91,4.34,0.47,0.51,0.2,0.5,4.78,1.2,0.52,0.54,Orthodox,Orthodox,9,9
2026-03-21,Michael Page,Sam Patterson,Red,Welterweight,MALE,3,2,4,2,4,0,0,3,5,1,1,12,7,0,0,0,2,0,3,190.5,190.5,200.66,198.12,38,29,2.28,2.62,0.58,0.37,0.0,1.6,0.19,0.82,0.16,0.5,Switch,Orthodox,4,6
2026-03-21,Iwo Baraniewski,Austen Lane,Red,Light Heavyweight,MALE,3,2,0,2,1,0,2,2,2,0,5,2,12,0,0,2,1,0,0,182.88,198.12,185.42,203.2,27,38,15.77,2.7,0.7,0.5,0.0,0.0,0.0,1.5,0.0,0.28,Orthodox,Orthodox,2,7
2026-03-21,Roman Dolidze,Christian Leroy Duncan,Blue,Middleweight,MALE,3,0,3,4,3,1,0,9,6,4,2,35,17,0,0,5,5,0,0,187.96,187.96,193.04,200.66,37,30,3.19,4.43,0.41,0.57,0.7,0.0,1.16,0.33,0.43,0.16,Orthodox,Switch,13,8
2026-03-14,Josh Emmett,Kevin Vallejos,Blue,Featherweight,MALE,5,0,4,5,4,2,0,10,4,6,1,44,10,1,0,4,3,0,0,167.64,170.18,177.8,172.72,41,24,3.67,6.12,0.35,0.48,0.1,0.0,1.07,0.66,0.36,0.28,Orthodox,Switch,16,5
2026-03-14,Andre Fili,Jose Delgado,Blue,Featherweight,MALE,3,1,0,2,3,0,1,13,3,11,1,58,7,0,0,4,3,0,0,180.34,180.34,187.96,187.96,35,27,3.88,7.48,0.37,0.54,0.2,0.0,2.32,1.51,0.46,0.4,Orthodox,Switch,24,4
2026-03-14,Ion Cutelaba,Oumar Sy,Red,Light Heavyweight,MALE,3,0,1,2,2,1,0,8,3,10,1,37,8,0,0,4,1,1,1,185.42,193.04,190.5,210.82,32,30,4.23,3.41,0.43,0.48,0.2,0.3,3.76,2.45,0.49,0.35,Southpaw,Orthodox,18,4
2026-03-14,Chris Curtis,Myktybek Orolbai,Blue,Welterweight,MALE,3,1,2,4,2,0,0,7,4,4,1,33,10,0,0,4,1,0,2,177.8,177.8,190.5,187.96,38,28,5.52,2.78,0.5,0.5,0.0,0.5,0.0,8.77,0.0,0.59,Orthodox,Orthodox,11,5
2026-03-14,Elijah Smith,SuYoung You,Red,Bantamweight,MALE,3,3,5,3,5,0,0,3,5,0,0,7,15,0,1,1,0,0,0,175.26,167.64,180.34,165.1,23,30,4.18,2.15,0.48,0.47,1.1,0.4,2.98,4.26,0.53,0.47,Orthodox,Orthodox,3,5
2026-03-14,Brad Tavares,Eryk Anders,Blue,Middleweight,MALE,3,0,0,5,2,1,1,16,9,11,9,74,47,0,0,2,5,0,0,185.42,185.42,187.96,190.5,38,38,3.41,3.44,0.43,0.47,0.0,0.1,0.7,1.83,0.26,0.25,Orthodox,Southpaw,27,18
2026-03-07,Max Holloway,Charles Oliveira,Blue,Lightweight,MALE,5,1,1,13,11,0,0,23,24,8,11,106,71,10,4,11,4,2,17,180.34,177.8,175.26,187.96,34,36,6.91,3.23,0.48,0.55,0.3,2.6,0.23,2.29,0.53,0.39,Orthodox,Orthodox,31,35
2026-03-07,Caio Borralho,Reinier de Ridder,Red,Middleweight,MALE,3,0,0,9,4,1,1,9,4,1,1,30,15,0,0,2,1,1,2,185.42,193.04,190.5,198.12,33,35,3.47,2.47,0.56,0.48,0.4,0.6,1.25,2.56,0.5,0.29,Southpaw,Southpaw,10,5
2026-03-07,Rob Font,Raul Rosas Jr.,Blue,Bantamweight,MALE,3,0,4,4,4,1,0,12,6,8,1,55,16,0,0,6,1,1,2,172.72,175.26,180.34,170.18,38,21,5.11,1.34,0.45,0.42,0.3,0.9,0.7,6.1,0.29,0.54,Orthodox,Switch,20,7
2026-03-07,Drew Dober,Michael Johnson,Red,Lightweight,MALE,3,1,3,3,4,0,0,15,16,11,15,54,79,0,1,11,6,1,0,172.72,177.8,177.8,185.42,37,39,4.48,4.27,0.41,0.39,0.1,0.0,0.61,0.57,0.16,0.38,Southpaw,Southpaw,26,31
2026-03-07,Gregory Rodrigues,Brunno Ferreira,Red,Middleweight,MALE,3,2,3,3,3,0,0,9,7,4,2,28,14,0,0,6,4,0,2,190.5,177.8,190.5,182.88,34,33,5.53,3.77,0.51,0.5,0.4,0.8,1.9,1.25,0.34,0.23,Orthodox,Orthodox,13,9
2026-03-07,Cody Garbrandt,Xiao Long,Red,Bantamweight,MALE,3,0,0,6,2,2,1,9,3,7,3,35,18,3,0,6,1,0,0,172.72,172.72,165.1,177.8,34,27,2.79,5.06,0.4,0.47,0.0,0.0,0.85,0.74,0.22,0.27,Orthodox,Orthodox,16,6
2026-03-07,Donte Johnson,Cody Brundage,Red,Middleweight,MALE,3,2,0,2,2,0,2,2,5,0,8,3,26,0,0,1,3,1,1,172.72,182.88,187.96,182.88,27,31,3.11,2.26,0.48,0.48,0.7,0.5,2.0,1.88,1.0,0.41,Southpaw,Orthodox,2,13
2026-02-28,Marlon Vera,David Martinez,Blue,Bantamweight,MALE,3,0,3,5,3,3,0,15,3,10,0,72,7,1,0,7,1,4,0,172.72,165.1,177.8,170.18,33,27,4.18,4.82,0.47,0.46,0.8,0.0,0.47,0.6,0.39,0.25,Switch,Orthodox,25,3
2026-02-28,Daniel Zellhuber,King Green,Blue,Lightweight,MALE,3,0,1,3,8,2,0,4,18,3,14,20,80,0,0,0,3,1,4,185.42,177.8,195.58,180.34,26,39,5.45,6.38,0.38,0.53,0.3,0.3,0.14,1.31,0.25,0.42,Switch,Orthodox,7,32
2026-02-28,Cristian Quinonez,Kris Moutinho,Red,Bantamweight,MALE,3,0,0,2,0,2,3,2,0,2,3,8,5,0,0,1,0,0,0,172.72,170.18,177.8,172.72,29,33,3.67,3.35,0.43,0.33,0.6,0.0,3.14,0.0,0.55,0.0,Orthodox,Southpaw,4,3
2026-02-28,Erik Silva,Francis Marshall,Blue,Featherweight,MALE,3,0,0,1,2,2,1,1,3,2,3,5,15,0,0,1,1,0,0,175.26,175.26,180.34,182.88,38,26,2.06,3.39,0.67,0.33,0.0,0.6,3.26,2.86,0.8,0.45,Orthodox,Orthodox,3,6
2026-02-21,Sean Strickland,Anthony Hernandez,Red,Middleweight,MALE,5,0,8,6,8,1,0,16,9,7,2,76,31,3,0,4,2,1,5,185.42,182.88,193.04,190.5,34,32,6.04,4.57,0.42,0.6,0.2,1.6,0.71,5.88,0.64,0.48,Orthodox,Orthodox,23,11
2026-02-21,Geoff Neal,Uros Medic,Blue,Welterweight,MALE,3,0,2,6,2,1,0,9,7,5,3,32,14,0,0,6,7,1,0,180.34,185.42,190.5,180.34,35,32,5.02,5.59,0.5,0.6,0.1,0.0,0.54,0.34,0.45,0.5,Southpaw,Southpaw,14,10
2026-02-21,Dan Ige,Melquizael Costa,Blue,Featherweight,MALE,3,0,5,6,5,1,0,12,6,9,2,58,18,0,0,5,1,2,2,170.18,177.8,180.34,180.34,34,29,3.6,4.38,0.45,0.49,0.2,1.1,0.93,2.0,0.26,0.4,Orthodox,Southpaw,21,8
2026-02-21,Zach Reese,Michel Pereira,Blue,Middleweight,MALE,3,2,0,2,8,0,3,5,9,2,5,13,34,0,0,1,2,2,3,193.04,185.42,195.58,185.42,31,32,4.48,4.46,0.54,0.51,1.3,0.7,2.8,1.21,0.61,0.56,Switch,Orthodox,7,14
2026-02-21,Chidi Njokuani,Carlos Leal,Blue,Welterweight,MALE,3,0,0,3,1,1,1,6,1,4,2,20,5,0,0,4,1,0,0,190.5,180.34,203.2,187.96,37,31,5.16,8.75,0.61,0.47,0.1,0.0,0.0,0.43,0.0,0.11,Orthodox,Orthodox,10,3
2026-02-21,Ramiz Brahimaj,Punahele Soriano,Blue,Welterweight,MALE,3,3,3,3,3,0,0,5,7,3,4,15,24,0,0,1,4,4,0,177.8,180.34,182.88,182.88,33,33,2.29,4.42,0.48,0.53,1.6,0.1,1.99,1.97,0.34,0.51,Orthodox,Southpaw,8,11
2026-02-21,Jordan Leavitt,Yadier del Valle,Red,Featherweight,MALE,3,1,3,2,3,0,0,6,3,3,0,15,5,0,0,2,0,3,2,175.26,175.26,180.34,175.26,30,29,2.21,4.05,0.57,0.6,1.1,2.0,3.15,1.23,0.34,0.42,Southpaw,Southpaw,9,3
2026-02-07,Mario Bautista,Vinicius Oliveira,Red,Bantamweight,MALE,5,0,5,8,5,1,0,10,5,3,0,29,13,0,0,1,2,3,0,175.26,175.26,175.26,177.8,32,30,5.3,4.73,0.48,0.43,0.8,0.2,1.91,1.45,0.38,0.46,Switch,Switch,13,5
2026-02-07,Michal Oleksiejczuk,Marc-Andre Barriault,Red,Middleweight,MALE,3,2,0,2,2,0,1,9,6,7,9,27,36,0,0,8,3,0,1,182.88,185.42,187.96,187.96,30,35,5.85,5.65,0.53,0.47,0.0,0.1,1.02,0.34,0.42,0.28,Southpaw,Orthodox,16,15
2026-02-07,Jean Matsumoto,Farid Basharat,Blue,Bantamweight,MALE,3,1,6,3,6,0,0,4,6,1,0,14,16,0,0,0,0,1,1,167.64,172.72,172.72,180.34,26,28,5.37,4.25,0.39,0.52,0.5,0.3,3.0,3.34,0.48,0.44,Orthodox,Orthodox,5,6
2026-02-07,Dustin Jacoby,Julius Walker,Red,Light Heavyweight,MALE,3,2,1,4,1,0,0,10,1,6,1,39,6,0,0,6,0,0,0,190.5,193.04,193.04,198.12,37,26,5.4,3.73,0.48,0.53,0.0,0.0,0.32,4.09,0.25,0.38,Orthodox,Orthodox,16,2
2026-02-07,Nikolay Veretennikov,Niko Price,Red,Welterweight,MALE,3,0,0,1,2,1,2,1,8,4,9,14,39,0,0,0,4,0,2,185.42,182.88,187.96,193.04,36,36,2.69,5.11,0.56,0.43,0.4,0.6,0.42,1.06,0.16,0.3,Orthodox,Orthodox,5,17
2026-01-31,Alexander Volkanovski,Diego Lopes,Red,Featherweight,MALE,5,1,1,12,5,0,0,14,6,3,3,58,22,10,1,5,3,0,1,167.64,180.34,180.34,182.88,37,31,5.99,3.83,0.57,0.47,0.2,1.4,1.63,0.88,0.34,0.5,Orthodox,Orthodox,17,9
2026-01-31,Dan Hooker,Benoit Saint Denis,Blue,Lightweight,MALE,3,0,3,4,5,1,0,14,8,9,3,53,20,0,0,7,4,2,4,182.88,180.34,190.5,185.42,35,30,4.82,5.62,0.48,0.58,0.6,1.8,0.68,4.19,0.33,0.35,Switch,Southpaw,23,11
2026-01-31,Rafael Fiziev,Mauricio Ruffy,Blue,Lightweight,MALE,3,1,0,6,4,0,1,7,4,4,1,30,10,0,0,3,3,0,0,172.72,180.34,180.34,190.5,32,29,4.71,4.19,0.52,0.58,0.0,0.0,0.83,0.0,0.66,0.0,Switch,Orthodox,11,5
2026-01-31,Quillan Salkilld,Jamie Mullarkey,Red,Lightweight,MALE,3,4,1,4,2,0,0,4,6,0,6,8,27,0,0,2,2,0,0,182.88,182.88,190.5,187.96,26,31,5.16,4.1,0.57,0.46,0.8,0.1,7.95,2.46,0.36,0.3,Orthodox,Orthodox,4,12
2026-01-31,Junior Tafa,Billy Elekana,Blue,Light Heavyweight,MALE,3,0,2,1,2,1,0,2,2,4,1,11,6,0,0,2,0,0,1,190.5,190.5,190.5,195.58,29,30,3.41,2.71,0.51,0.56,0.0,0.8,0.0,0.85,0.0,0.22,Orthodox,Southpaw,6,3
2026-01-31,Cam Rowston,Cody Brundage,Red,Middleweight,MALE,3,2,0,2,2,0,1,2,5,1,7,5,24,0,0,2,3,0,1,190.5,182.88,198.12,182.88,31,31,4.26,2.26,0.46,0.48,0.5,0.5,0.5,1.88,0.5,0.41,Orthodox,Orthodox,3,12
2026-01-31,Jacob Malkoun,Torrez Finney,Red,Middleweight,MALE,3,1,4,2,4,0,0,4,4,3,0,16,9,0,0,1,1,0,1,175.26,172.72,185.42,190.5,30,27,4.55,1.78,0.58,0.54,0.9,0.8,5.81,6.86,0.4,0.59,Orthodox,Orthodox,7,4
2026-01-31,Jonathan Micallef,Oban Elliott,Red,Welterweight,MALE,3,2,0,2,4,0,1,2,4,0,1,4,15,0,0,0,1,1,0,182.88,182.88,195.58,182.88,26,28,3.96,3.62,0.41,0.48,1.1,0.0,1.13,1.52,0.66,0.4,Southpaw,Orthodox,2,5
2026-01-31,Kaan Ofli,Yizha,Red,Featherweight,MALE,3,1,1,1,3,0,0,1,6,2,2,6,16,1,2,0,1,1,3,170.18,170.18,167.64,180.34,32,29,2.33,3.25,0.45,0.47,0.4,0.9,0.38,3.42,0.07,0.33,Orthodox,Orthodox,3,8
2026-01-31,Sangwook Kim,Dom Mar Fan,Blue,Lightweight,MALE,5,2,2,2,2,0,0,3,2,1,0,8,6,0,0,1,0,2,0,182.88,180.34,180.34,190.5,32,25,5.11,3.71,0.55,0.56,1.2,0.3,1.77,2.0,0.22,0.5,Orthodox,Orthodox,4,2
2026-01-31,Keiichiro Nakamura,Sebastian Szalay,Red,Featherweight,MALE,5,2,2,2,2,0,0,2,2,0,0,5,4,0,0,1,1,0,0,177.8,167.64,177.8,167.64,27,31,4.48,4.94,0.41,0.41,0.0,0.0,0.0,0.51,0.0,0.2,Southpaw,Orthodox,2,2
2026-01-31,Sulangrangbo,Lawrence Lui,Blue,Bantamweight,MALE,5,2,2,2,2,0,0,2,2,0,0,4,5,0,0,1,1,0,0,175.26,170.18,167.64,182.88,20,29,3.96,3.72,0.48,0.39,0.0,0.0,0.0,5.3,0.0,0.4,Southpaw,Orthodox,2,2
2026-01-24,Justin Gaethje,Paddy Pimblett,Red,Lightweight,MALE,5,1,7,4,7,0,0,9,7,5,0,36,14,2,0,6,2,0,3,180.34,177.8,177.8,185.42,37,31,6.48,5.49,0.58,0.52,0.0,1.2,0.33,0.69,0.4,0.21,Orthodox,Orthodox,14,7
2026-01-24,Sean O'Malley,Song Yadong,Red,Bantamweight,MALE,3,0,1,6,4,2,0,11,11,3,3,37,42,4,0,7,5,0,1,180.34,172.72,182.88,170.18,31,28,6.05,4.42,0.6,0.43,0.2,0.1,0.24,0.78,0.42,0.39,Switch,Orthodox,14,14
2026-01-24,Arnold Allen,Jean Silva,Blue,Featherweight,MALE,3,1,0,10,6,0,1,11,6,2,1,38,14,0,0,2,4,2,1,172.72,170.18,177.8,175.26,32,29,3.47,4.82,0.42,0.51,0.3,0.6,0.86,1.2,0.47,0.6,Southpaw,Orthodox,13,7
2026-01-24,Umar Nurmagomedov,Deiveson Figueiredo,Red,Bantamweight,MALE,3,1,1,6,5,0,0,7,14,1,5,23,54,1,6,1,4,2,4,172.72,165.1,175.26,172.72,30,38,3.86,2.63,0.56,0.53,0.2,1.2,4.03,1.61,0.46,0.35,Orthodox,Orthodox,8,19
2026-01-24,Ateba Gautier,Andrey Pulyaev,Red,Middleweight,MALE,3,4,1,4,1,0,0,4,2,0,1,5,8,0,0,4,1,0,0,193.04,193.04,205.74,198.12,23,28,4.44,3.84,0.48,0.56,0.0,0.0,0.49,0.29,1.0,0.16,Switch,Southpaw,4,3
2026-01-24,Nikita Krylov,Modestas Bukauskas,Red,Light Heavyweight,MALE,3,0,4,5,4,2,0,11,7,9,4,34,23,0,0,4,3,5,1,190.5,190.5,195.58,193.04,33,31,4.36,3.24,0.54,0.42,1.2,0.1,2.05,0.26,0.37,0.66,Orthodox,Switch,20,11
2025-12-13,Giga Chikadze,Kevin Vallejos,Blue,Featherweight,MALE,3,0,3,7,3,2,0,8,3,4,1,34,8,0,0,3,2,0,0,182.88,170.18,187.96,172.72,37,24,3.75,6.12,0.42,0.48,0.2,0.0,0.18,0.66,0.33,0.28,Orthodox,Switch,12,4
2025-12-13,Melquizael Costa,Morgan Charriere,Red,Featherweight,MALE,3,4,1,4,1,0,0,5,3,2,2,17,12,0,0,0,3,2,0,177.8,172.72,180.34,175.26,29,30,4.38,4.02,0.49,0.5,1.1,0.3,2.0,2.06,0.4,0.46,Southpaw,Orthodox,7,5
2025-12-06,Merab Dvalishvili,Petr Yan,Blue,Bantamweight,MALE,5,14,3,14,7,0,0,14,11,2,4,55,53,4,4,1,4,1,0,167.64,170.18,172.72,170.18,34,32,4.42,5.16,0.41,0.54,0.3,0.1,5.97,1.7,0.35,0.49,Orthodox,Switch,16,15
2025-12-06,Henry Cejudo,Payton Talbott,Blue,Bantamweight,MALE,3,0,1,6,4,3,0,10,5,5,1,43,15,6,0,4,2,0,1,162.56,177.8,162.56,177.8,38,27,3.83,6.62,0.47,0.56,0.1,0.2,1.78,0.78,0.29,0.44,Orthodox,Switch,15,6
2025-12-06,Jan Blachowicz,Bogdan Guskov,Draw,Light Heavyweight,MALE,3,0,4,5,4,2,0,12,4,8,1,60,7,4,0,5,3,2,1,187.96,190.5,198.12,193.04,42,33,3.55,4.57,0.5,0.55,0.4,0.7,0.98,0.0,0.48,0.0,Orthodox,Orthodox,20,5
2025-12-06,Grant Dawson,Manuel Torres,Blue,Lightweight,MALE,3,3,1,6,4,0,0,12,5,1,1,36,6,0,0,2,4,5,1,177.8,177.8,182.88,185.42,31,30,3.21,7.29,0.52,0.59,1.1,0.9,3.81,1.72,0.39,0.66,Switch,Switch,13,6
2025-12-06,Terrance McKinney,Chris Duncan,Blue,Lightweight,MALE,3,2,3,2,3,0,0,7,6,5,2,15,16,0,0,4,1,3,2,177.8,177.8,185.42,180.34,31,32,6.53,5.02,0.55,0.46,2.1,0.7,3.31,3.27,0.4,0.42,Switch,Orthodox,12,8
2025-12-06,Nazim Sadykhov,Fares Ziam,Blue,Lightweight,MALE,3,5,5,3,5,0,0,5,7,0,2,14,25,0,0,4,1,1,0,177.8,185.42,175.26,190.5,31,28,4.79,2.87,0.49,0.52,0.2,0.5,1.1,1.73,0.45,0.4,Southpaw,Orthodox,5,9
2025-12-06,Marvin Vettori,Brunno Ferreira,Blue,Middleweight,MALE,3,0,2,5,2,3,0,9,6,7,2,59,11,1,0,0,4,2,2,182.88,177.8,187.96,182.88,32,33,4.74,3.77,0.45,0.5,0.4,0.8,1.41,1.25,0.43,0.23,Southpaw,Orthodox,16,8
2025-12-06,Edson Barboza,Jalin Turner,Blue,Lightweight,MALE,3,0,0,4,5,2,2,18,8,13,6,84,24,0,0,9,5,0,3,180.34,190.5,190.5,195.58,39,30,4.14,5.79,0.44,0.48,0.1,1.1,0.43,0.75,0.5,0.55,Orthodox,Southpaw,31,14
2025-12-06,Mansur Abdul-Malik,Antonio Trocoli,Red,Middleweight,MALE,3,3,0,3,0,0,2,3,0,0,2,8,5,0,0,3,0,0,0,187.96,195.58,203.2,203.2,28,35,3.28,1.27,0.44,0.47,0.3,0.4,1.65,0.88,0.41,0.09,Orthodox,Orthodox,3,2
2025-12-06,Muhammad Naimov,Mairon Santos,Blue,Featherweight,MALE,3,2,3,3,3,0,0,5,3,2,0,18,8,0,1,2,1,0,0,175.26,170.18,177.8,182.88,31,25,2.51,3.33,0.4,0.48,0.2,0.0,1.49,0.0,0.3,0.0,Orthodox,Orthodox,7,3
2025-11-22,Arman Tsarukyan,Dan Hooker,Red,Lightweight,MALE,5,4,3,5,4,0,0,9,14,2,8,30,51,0,0,4,7,0,2,170.18,182.88,182.88,190.5,29,35,3.85,4.82,0.5,0.48,0.1,0.6,3.26,0.68,0.37,0.33,Orthodox,Switch,11,22
2025-11-22,Belal Muhammad,Ian Machado Garry,Blue,Welterweight,MALE,3,0,1,10,8,1,0,15,9,4,1,64,30,2,0,2,3,1,0,180.34,190.5,182.88,187.96,37,28,4.43,4.78,0.43,0.54,0.1,0.4,2.14,0.92,0.36,0.31,Orthodox,Orthodox,19,10
2025-11-22,Volkan Oezdemir,Alonzo Menifield,Red,Light Heavyweight,MALE,3,0,2,3,4,1,0,8,12,7,5,34,35,1,0,4,6,1,2,187.96,182.88,190.5,193.04,36,38,4.99,3.77,0.48,0.53,0.1,0.2,0.5,0.5,0.29,0.31,Orthodox,Orthodox,15,17
2025-11-22,Jack Hermansson,Myktybek Orolbai,Blue,Welterweight,MALE,3,0,1,4,2,1,0,11,3,7,1,45,9,0,0,3,0,3,2,185.42,177.8,195.58,187.96,37,27,5.15,2.78,0.45,0.5,0.4,0.5,1.48,8.77,0.29,0.59,Orthodox,Orthodox,18,4
2025-11-22,Ismail Naurdiev,Ryan Loder,Red,Middleweight,MALE,3,0,0,1,1,1,1,3,1,3,1,18,3,0,1,0,1,0,0,177.8,187.96,187.96,193.04,29,34,3.66,5.1,0.52,0.69,0.2,1.4,1.48,1.37,0.4,0.14,Orthodox,Southpaw,6,2
2025-11-15,Jack Della Maddalena,Islam Makhachev,Blue,Welterweight,MALE,5,9,15,9,15,0,0,9,16,0,1,21,40,1,5,4,3,1,8,180.34,177.8,185.42,177.8,29,34,5.57,2.45,0.51,0.58,0.1,1.0,0.13,3.1,0.1,0.56,Switch,Southpaw,9,17
2025-11-15,Sean Brady,Michael Morales,Blue,Welterweight,MALE,3,3,7,5,7,0,0,8,7,1,0,28,15,0,0,0,4,4,0,177.8,182.88,182.88,200.66,32,26,3.96,5.68,0.55,0.49,0.9,0.0,3.53,1.04,0.53,0.41,Orthodox,Orthodox,9,7
2025-11-15,Leon Edwards,Carlos Prates,Blue,Welterweight,MALE,3,0,1,12,5,2,0,14,6,4,1,69,14,4,0,3,6,1,0,187.96,185.42,187.96,198.12,34,32,2.6,3.77,0.54,0.55,0.4,0.0,1.25,0.21,0.37,1.0,Southpaw,Switch,18,7
2025-11-15,Beneil Dariush,Benoit Saint Denis,Blue,Lightweight,MALE,3,1,2,8,5,0,0,17,7,6,3,50,19,0,0,3,3,5,4,177.8,180.34,182.88,185.42,36,29,3.78,5.62,0.49,0.58,0.8,1.8,2.11,4.19,0.38,0.35,Southpaw,Southpaw,23,10
2025-11-15,Bo Nickal,Rodolfo Vieira,Red,Middleweight,MALE,3,0,1,6,2,1,0,6,6,1,3,11,20,0,0,1,0,4,5,185.42,182.88,193.04,185.42,29,36,3.35,3.55,0.61,0.53,2.5,0.9,3.1,2.7,0.55,0.21,Southpaw,Orthodox,7,9
2025-11-15,Roman Kopylov,Gregory Rodrigues,Blue,Middleweight,MALE,3,0,1,4,3,1,0,6,8,4,4,26,25,0,0,5,6,0,0,182.88,190.5,190.5,190.5,33,33,4.59,5.53,0.5,0.51,0.0,0.4,1.14,1.9,0.47,0.34,Southpaw,Orthodox,10,12
2025-11-15,Kyle Daukaus,Gerald Meerschaert,Red,Middleweight,MALE,3,1,0,1,3,0,3,4,12,4,12,18,50,0,0,1,1,1,11,187.96,185.42,193.04,195.58,32,37,3.32,3.01,0.53,0.45,2.1,1.4,2.08,1.82,0.25,0.3,Southpaw,Southpaw,8,24
2025-11-15,Pat Sabatini,Chepe Mariscal,Red,Featherweight,MALE,3,2,5,4,5,0,0,7,5,2,0,18,14,0,0,0,1,3,0,172.72,170.18,177.8,175.26,35,33,1.69,4.14,0.59,0.55,1.5,0.2,4.48,2.34,0.5,0.39,Orthodox,Orthodox,9,5
2025-11-15,Baisangur Susurkaev,Eric McConico,Red,Middleweight,MALE,3,2,1,2,1,0,0,2,1,0,1,3,5,0,0,1,0,1,0,187.96,182.88,200.66,195.58,24,35,4.56,2.61,0.59,0.43,0.7,0.0,2.76,0.0,0.28,0.0,Orthodox,Southpaw,2,2
2025-11-08,Gabriel Bonfim,Randy Brown,Red,Welterweight,MALE,5,3,1,3,4,0,0,6,14,1,6,13,48,0,0,0,4,4,3,185.42,190.5,182.88,198.12,28,35,4.61,4.49,0.46,0.47,1.4,0.6,3.6,0.76,0.55,0.39,Orthodox,Orthodox,7,20
2025-11-08,Muslim Salikhov,Uros Medic,Blue,Welterweight,MALE,3,3,1,5,2,0,0,9,6,4,3,28,13,0,0,5,6,0,0,180.34,185.42,177.8,180.34,41,32,3.37,5.59,0.49,0.6,0.0,0.0,1.07,0.34,0.32,0.5,Orthodox,Southpaw,13,9
2025-11-08,Chris Padilla,Ismael Bonfim,Red,Lightweight,MALE,3,3,0,3,2,0,1,3,3,0,2,6,10,0,0,1,1,1,0,175.26,172.72,187.96,180.34,30,29,4.78,5.51,0.54,0.54,0.4,0.0,1.18,1.06,0.3,0.33,Orthodox,Orthodox,3,5
2025-11-08,Christian Leroy Duncan,Marco Tulio,Red,Middleweight,MALE,3,2,4,2,4,0,0,5,4,2,0,15,8,0,0,4,3,0,0,187.96,182.88,200.66,187.96,30,31,4.43,6.69,0.57,0.58,0.0,0.3,0.33,1.42,0.16,0.26,Switch,Orthodox,7,4
2025-11-08,Hyder Amil,Jamall Emmers,Blue,Featherweight,MALE,3,0,1,4,1,1,0,4,4,1,5,10,18,0,0,2,2,0,0,175.26,177.8,177.8,187.96,35,36,5.81,5.1,0.52,0.49,0.8,0.3,0.56,2.59,0.18,0.53,Switch,Orthodox,5,9
2025-11-08,Ricky Simon,Raoni Barcelos,Blue,Bantamweight,MALE,3,2,3,5,5,0,0,11,9,5,4,43,35,0,0,2,2,3,2,167.64,170.18,175.26,170.18,33,38,3.03,4.92,0.42,0.51,0.3,0.6,4.49,2.22,0.41,0.31,Orthodox,Orthodox,16,13
2025-11-08,Miles Johns,Daniel Marcos,Blue,Bantamweight,MALE,3,0,0,3,5,2,1,7,5,4,1,35,19,0,0,2,1,0,0,170.18,170.18,172.72,175.26,31,32,3.36,4.9,0.44,0.53,0.0,0.1,1.22,1.35,0.26,0.52,Orthodox,Orthodox,11,6
2025-11-01,Steve Garcia,David Onama,Red,Featherweight,MALE,5,6,4,6,4,0,0,8,6,2,2,17,20,0,0,7,2,0,1,182.88,180.34,190.5,187.96,33,31,5.39,5.07,0.49,0.5,0.4,0.5,0.86,1.05,0.4,0.3,Southpaw,Orthodox,10,8
2025-11-01,Jeremiah Wells,Themba Gorimbo,Red,Welterweight,MALE,3,0,0,4,4,2,1,4,4,2,2,13,13,0,0,2,1,1,0,175.26,185.42,187.96,195.58,39,34,2.35,2.72,0.46,0.6,1.3,0.4,3.06,5.07,0.46,0.65,Switch,Orthodox,6,6
2025-11-01,Isaac Dulgarian,Yadier del Valle,Blue,Featherweight,MALE,3,1,2,1,2,0,0,2,2,1,0,6,4,0,0,1,0,1,1,170.18,175.26,180.34,175.26,29,29,2.99,4.05,0.63,0.6,1.8,2.0,4.57,1.23,0.5,0.42,Orthodox,Southpaw,3,2
2025-11-01,Charles Radtke,Daniel Frunza,Red,Welterweight,MALE,3,0,0,2,1,1,1,3,1,2,1,8,3,0,0,2,1,0,0,175.26,185.42,182.88,185.42,35,31,2.8,3.25,0.54,0.38,0.7,0.0,1.32,0.0,0.3,0.0,Orthodox,Orthodox,5,2
2025-11-01,Timmy Cuamba,ChangHo Lee,Red,Bantamweight,MALE,3,1,4,1,4,0,0,2,4,2,0,11,9,0,0,1,3,0,0,175.26,172.72,180.34,175.26,26,31,2.77,3.88,0.44,0.66,0.0,0.3,1.31,3.2,0.31,0.34,Orthodox,Orthodox,4,4
2025-11-01,Phil Rowe,Seokhyeon Ko,Blue,Welterweight,MALE,3,1,2,3,2,0,0,5,2,3,0,22,6,0,0,5,0,0,0,190.5,177.8,203.2,180.34,35,32,3.51,2.73,0.49,0.59,0.2,0.3,0.46,4.0,0.36,0.63,Orthodox,Southpaw,8,2
2025-10-25,Umar Nurmagomedov,Mario Bautista,Red,Bantamweight,MALE,3,0,8,6,8,1,0,6,10,1,2,20,26,1,0,1,1,2,3,172.72,175.26,175.26,175.26,29,32,3.86,5.3,0.56,0.48,0.2,0.8,4.03,1.91,0.46,0.38,Orthodox,Switch,7,12
2025-10-25,Aleksandar Rakic,Azamat Murzakanov,Blue,Light Heavyweight,MALE,3,0,6,4,6,3,0,6,6,4,0,25,13,0,0,2,5,0,0,193.04,177.8,198.12,180.34,33,36,4.13,4.7,0.5,0.57,0.1,0.0,0.64,0.55,0.21,0.15,Orthodox,Southpaw,10,6
2025-10-25,Nasrat Haqparast,Quillan Salkilld,Blue,Lightweight,MALE,3,5,3,5,3,0,0,10,3,4,0,37,7,0,0,2,1,0,0,177.8,182.88,182.88,190.5,30,25,6.36,5.16,0.45,0.57,0.0,0.8,0.34,7.95,0.2,0.36,Southpaw,Orthodox,14,3
2025-10-25,Ikram Aliskerov,JunYong Park,Red,Middleweight,MALE,3,1,2,3,4,0,0,4,9,1,3,5,30,0,0,3,0,1,3,182.88,177.8,193.04,185.42,32,34,6.86,4.64,0.64,0.51,0.5,0.8,3.2,1.69,0.6,0.42,Southpaw,Orthodox,5,12
2025-10-25,Ludovit Klein,Mateusz Rebecki,Red,Lightweight,MALE,3,0,0,4,4,1,1,7,5,3,2,29,16,0,0,2,1,0,2,170.18,170.18,182.88,167.64,30,33,3.76,5.21,0.53,0.46,0.0,0.5,1.37,3.38,0.51,0.52,Southpaw,Southpaw,10,7
2025-10-25,Nathaniel Wood,Jose Delgado,Red,Featherweight,MALE,3,2,3,3,3,0,0,9,3,3,0,34,4,0,0,0,3,3,0,167.64,180.34,175.26,187.96,32,27,5.64,7.48,0.51,0.54,0.5,0.0,1.35,1.51,0.48,0.4,Orthodox,Switch,12,3
2025-10-18,Reinier de Ridder,Brendan Allen,Blue,Middleweight,MALE,5,4,1,4,7,0,0,4,14,0,4,11,42,0,0,1,1,2,8,193.04,187.96,198.12,190.5,35,29,2.47,3.59,0.48,0.53,0.6,1.1,2.56,1.56,0.29,0.42,Southpaw,Orthodox,4,18
2025-10-18,Kevin Holland,Mike Malott,Blue,Welterweight,MALE,3,0,2,5,4,1,0,16,6,11,1,67,13,0,0,5,2,6,3,190.5,185.42,205.74,185.42,32,33,4.26,3.93,0.49,0.48,0.5,0.8,0.83,1.88,0.39,0.5,Orthodox,Orthodox,27,7
2025-10-18,Marlon Vera,Aiemann Zahabi,Blue,Bantamweight,MALE,3,0,6,5,6,2,0,15,7,9,2,69,23,1,0,7,2,4,0,172.72,172.72,177.8,172.72,32,37,4.18,4.54,0.47,0.47,0.8,0.0,0.47,0.12,0.39,0.14,Switch,Orthodox,24,9
2025-10-18,Charles Jourdain,Davey Grant,Red,Bantamweight,MALE,3,1,2,2,3,0,0,7,8,7,6,38,38,0,1,2,3,3,1,175.26,172.72,175.26,175.26,29,39,5.48,5.14,0.49,0.44,0.7,0.2,0.33,1.03,0.21,0.4,Switch,Orthodox,14,14
2025-10-18,Kyle Nelson,Matt Frevola,Red,Lightweight,MALE,3,0,0,3,3,1,2,4,6,5,5,23,23,0,0,2,3,0,1,180.34,175.26,180.34,180.34,34,35,3.6,3.3,0.45,0.39,0.5,0.8,1.18,2.34,0.23,0.41,Switch,Orthodox,9,11
2025-10-18,Kyle Prepolec,Drew Dober,Blue,Lightweight,MALE,3,0,0,0,3,3,3,0,14,3,11,8,51,0,0,0,10,0,1,177.8,172.72,177.8,177.8,36,36,3.25,4.48,0.34,0.41,0.0,0.1,0.0,0.61,0.0,0.16,Southpaw,Southpaw,3,25
2025-10-18,Cody Gibson,Aoriqileng,Blue,Bantamweight,MALE,3,0,0,2,2,1,1,3,3,6,4,21,19,0,0,1,1,1,0,177.8,170.18,180.34,175.26,38,32,3.63,4.69,0.46,0.49,0.6,0.0,2.12,1.2,0.37,0.46,Orthodox,Orthodox,9,7
2025-10-18,Danny Barlow,Djorden Santos,Blue,Middleweight,MALE,3,0,0,3,1,1,1,3,1,1,1,8,6,0,0,2,0,0,0,187.96,182.88,200.66,190.5,30,28,5.81,7.0,0.51,0.44,0.0,0.0,0.0,0.67,0.0,0.33,Southpaw,Orthodox,4,2
2025-10-18,Azamat Bekoev,Yousri Belgaroui,Blue,Middleweight,MALE,3,2,1,2,1,0,0,2,1,0,1,2,6,0,0,2,1,0,0,182.88,198.12,182.88,200.66,29,33,4.07,6.1,0.45,0.64,0.0,0.0,4.49,0.29,0.45,1.0,Orthodox,Orthodox,2,2
2025-10-11,Charles Oliveira,Mateusz Gamrot,Red,Lightweight,MALE,5,0,1,11,4,1,0,23,8,11,3,69,30,4,0,4,3,16,1,177.8,177.8,187.96,177.8,35,34,3.23,3.29,0.55,0.51,2.6,0.1,2.29,5.15,0.39,0.37,Orthodox,Southpaw,34,11
2025-10-11,Deiveson Figueiredo,Montel Jackson,Red,Bantamweight,MALE,3,0,6,5,6,2,0,13,10,5,2,51,28,6,0,4,4,4,1,165.1,177.8,172.72,190.5,37,33,2.63,3.09,0.53,0.52,1.2,0.3,1.61,3.0,0.35,0.63,Orthodox,Southpaw,18,12
2025-10-11,Vicente Luque,Joel Alvarez,Blue,Welterweight,MALE,3,0,3,6,4,1,0,16,7,7,2,50,16,0,0,8,4,6,3,180.34,190.5,190.5,195.58,33,32,4.83,4.78,0.51,0.55,0.7,1.1,0.9,0.19,0.48,0.33,Orthodox,Orthodox,23,9
2025-10-11,Ricardo Ramos,Kaan Ofli,Blue,Featherweight,MALE,3,0,0,3,0,1,2,8,0,6,2,30,5,0,1,2,0,1,0,175.26,170.18,182.88,167.64,30,32,2.91,2.33,0.36,0.45,1.0,0.4,2.51,0.38,0.57,0.07,Orthodox,Orthodox,14,2
2025-10-11,Lucas Almeida,Michael Aswell Jr.,Blue,Featherweight,MALE,3,0,0,1,0,1,2,2,0,4,2,15,6,0,0,1,0,0,0,180.34,172.72,180.34,175.26,34,25,4.94,7.79,0.39,0.42,0.0,0.0,0.0,0.32,0.0,1.0,Orthodox,Orthodox,6,2
2025-10-11,Luan Lacerda,Saimon Oliveira,Red,Bantamweight,MALE,3,0,0,0,1,2,3,0,1,2,3,5,9,0,0,0,0,0,0,170.18,162.56,180.34,182.88,32,34,4.06,2.62,0.42,0.42,0.6,1.2,2.82,1.18,0.39,0.28,Orthodox,Orthodox,2,4
2025-10-04,Magomed Ankalaev,Alex Pereira,Blue,Light Heavyweight,MALE,5,12,0,9,5,0,1,12,9,1,2,41,30,2,7,6,7,0,0,190.5,193.04,190.5,200.66,33,38,3.65,5.16,0.52,0.62,0.0,0.2,0.79,0.11,0.22,0.5,Orthodox,Orthodox,13,11
2025-10-04,Merab Dvalishvili,Cory Sandhagen,Red,Bantamweight,MALE,5,13,1,13,5,0,0,13,11,2,4,50,46,4,1,1,6,1,1,167.64,180.34,172.72,177.8,34,33,4.42,4.86,0.41,0.45,0.3,0.2,5.97,1.15,0.35,0.34,Orthodox,Switch,15,15
2025-10-04,Jiri Prochazka,Khalil Rountree Jr.,Red,Light Heavyweight,MALE,3,1,1,3,5,0,0,5,10,2,6,18,38,3,2,4,7,1,0,190.5,185.42,203.2,193.04,32,35,5.69,3.88,0.55,0.4,0.2,0.1,0.51,0.0,0.6,0.0,Orthodox,Southpaw,7,16
2025-10-04,Josh Emmett,Youssef Zalal,Blue,Featherweight,MALE,3,0,4,5,4,1,0,10,7,5,3,43,29,1,0,4,0,0,3,167.64,177.8,177.8,182.88,40,29,3.67,3.03,0.35,0.5,0.1,1.4,1.07,2.17,0.36,0.31,Orthodox,Switch,15,10
2025-10-04,Abus Magomedov,Joe Pyfer,Blue,Middleweight,MALE,3,3,2,3,4,0,0,4,6,2,2,15,16,0,0,1,4,1,1,187.96,187.96,198.12,190.5,35,29,3.07,3.52,0.49,0.44,0.4,0.9,2.61,1.45,0.59,0.3,Orthodox,Orthodox,6,8
2025-10-04,Edmen Shahbazyan,Andre Muniz,Red,Middleweight,MALE,3,2,0,5,7,0,1,9,8,5,3,27,22,0,0,6,0,1,4,187.96,185.42,190.5,198.12,27,35,3.8,2.08,0.48,0.48,0.4,1.1,1.62,3.98,0.37,0.48,Orthodox,Southpaw,14,11
2025-10-04,Punahele Soriano,Nikolay Veretennikov,Red,Welterweight,MALE,3,2,1,3,1,0,0,6,1,4,3,21,11,0,0,4,0,0,0,180.34,185.42,182.88,187.96,32,35,4.42,2.69,0.53,0.56,0.1,0.4,1.97,0.42,0.51,0.16,Southpaw,Orthodox,10,4
2025-10-04,Chris Gutierrez,Farid Basharat,Blue,Bantamweight,MALE,3,2,5,4,5,0,0,10,5,3,0,39,13,0,0,3,0,0,1,175.26,172.72,170.18,180.34,34,28,4.4,4.25,0.57,0.52,0.1,0.3,0.3,3.34,0.3,0.44,Orthodox,Orthodox,13,5
2025-10-04,Ramiz Brahimaj,Austin Vanderford,Red,Welterweight,MALE,3,2,2,2,2,0,0,4,2,3,0,13,4,0,0,1,1,3,1,177.8,180.34,182.88,187.96,32,35,2.29,3.04,0.48,0.59,1.6,1.2,1.99,3.08,0.34,0.35,Orthodox,Orthodox,7,2
2025-09-27,Carlos Ulberg,Dominick Reyes,Red,Light Heavyweight,MALE,5,8,3,8,6,0,0,9,9,1,4,19,24,0,2,5,6,1,1,193.04,193.04,195.58,195.58,34,35,6.54,5.39,0.55,0.54,0.2,0.3,0.55,0.29,0.6,0.28,Orthodox,Southpaw,10,13
2025-09-27,Jimmy Crute,Ivan Erslan,Red,Light Heavyweight,MALE,3,1,0,3,0,0,2,6,0,4,2,19,6,0,0,3,0,3,0,187.96,187.96,187.96,182.88,29,33,4.15,2.55,0.52,0.46,2.0,0.0,4.39,0.45,0.52,0.2,Orthodox,Orthodox,10,2
2025-09-27,Jack Jenkins,Ramon Taveras,Red,Featherweight,MALE,3,0,0,3,2,1,1,4,2,2,2,17,8,0,0,2,1,0,0,170.18,172.72,172.72,177.8,31,31,4.48,4.07,0.61,0.43,0.2,0.0,1.98,0.0,0.6,0.0,Switch,Southpaw,6,4
2025-09-27,Jake Matthews,Neil Magny,Blue,Welterweight,MALE,3,3,1,3,7,0,0,15,23,7,12,54,91,0,0,2,7,6,2,180.34,190.5,185.42,203.2,31,38,3.34,3.4,0.43,0.46,0.8,0.3,1.44,2.17,0.41,0.39,Orthodox,Orthodox,22,35
2025-09-27,Tom Nolan,Charlie Campbell,Red,Lightweight,MALE,3,3,2,3,2,0,0,4,2,1,1,9,5,0,0,2,1,0,0,190.5,182.88,185.42,182.88,25,30,5.87,5.23,0.45,0.51,1.9,0.0,0.74,2.45,0.22,0.36,Southpaw,Orthodox,5,3
2025-09-27,Navajo Stirling,Rodolfo Bellato,Red,Light Heavyweight,MALE,3,3,2,3,2,0,0,3,2,0,1,8,10,0,0,1,2,0,0,193.04,190.5,200.66,190.5,27,29,6.25,5.37,0.52,0.6,0.0,0.2,0.98,1.38,0.28,0.35,Orthodox,Orthodox,3,3
2025-09-27,Cam Rowston,Andre Petroski,Red,Middleweight,MALE,3,1,0,1,5,0,1,1,8,1,3,4,28,0,0,1,1,0,2,190.5,182.88,198.12,185.42,30,34,4.26,2.81,0.46,0.49,0.5,1.3,0.5,3.15,0.5,0.51,Orthodox,Switch,2,11
2025-09-27,Jamie Mullarkey,Rolando Bedoya,Red,Lightweight,MALE,3,0,0,2,0,2,3,5,0,6,3,24,9,0,0,2,0,0,0,182.88,180.34,187.96,187.96,31,28,4.1,6.23,0.46,0.47,0.1,0.2,2.46,0.0,0.3,0.0,Orthodox,Orthodox,11,3
2025-09-13,Diego Lopes,Jean Silva,Red,Featherweight,MALE,5,0,6,5,6,1,0,5,6,3,0,20,12,2,0,2,4,1,1,180.34,170.18,182.88,175.26,30,28,3.83,4.82,0.47,0.51,1.4,0.6,0.88,1.2,0.5,0.6,Orthodox,Orthodox,8,6
2025-09-13,Rob Font,David Martinez,Blue,Bantamweight,MALE,3,2,2,4,2,0,0,12,2,7,0,52,4,0,0,6,1,1,0,172.72,165.1,180.34,170.18,38,27,5.11,4.82,0.45,0.46,0.3,0.0,0.7,0.6,0.29,0.25,Orthodox,Orthodox,19,2
2025-09-13,Rafa Garcia,Jared Gordon,Red,Lightweight,MALE,3,1,1,2,3,0,0,5,9,4,6,25,37,0,0,0,3,1,0,170.18,175.26,177.8,172.72,31,37,4.31,5.64,0.45,0.53,0.5,0.0,3.13,1.78,0.44,0.32,Orthodox,Orthodox,9,15
2025-09-13,Kelvin Gastelum,Dustin Stoltzfus,Red,Middleweight,MALE,3,0,0,5,1,1,1,13,4,10,6,69,21,2,0,3,2,2,1,175.26,182.88,180.34,190.5,33,33,3.67,3.3,0.42,0.45,0.1,1.1,1.01,2.08,0.34,0.37,Southpaw,Orthodox,23,10
2025-09-13,Alexander Hernandez,Diego Ferreira,Red,Lightweight,MALE,3,3,0,3,6,0,1,9,10,7,6,36,36,0,0,4,5,0,2,175.26,175.26,182.88,187.96,32,40,4.31,4.7,0.4,0.39,0.1,0.6,1.14,0.82,0.36,0.3,Orthodox,Orthodox,16,16
2025-09-13,Jose Daniel Medina,Dusko Todorovic,Blue,Middleweight,MALE,3,0,0,0,2,3,3,0,4,3,6,7,18,0,0,0,3,0,0,182.88,185.42,187.96,187.96,34,31,2.13,4.73,0.36,0.57,0.0,0.3,0.39,1.77,0.33,0.21,Orthodox,Orthodox,3,10
2025-09-13,Claudio Puelles,Joaquim Silva,Blue,Lightweight,MALE,3,0,0,5,3,2,1,5,6,3,5,20,27,1,0,0,3,3,0,177.8,172.72,182.88,175.26,29,36,1.54,3.43,0.46,0.43,1.0,0.8,3.29,0.34,0.33,0.5,Southpaw,Southpaw,8,11
2025-09-13,Zach Reese,Sedriques Dumas,No Contest,Middleweight,MALE,3,1,0,2,2,0,1,4,4,2,3,10,14,0,0,1,0,1,1,193.04,187.96,195.58,200.66,31,30,4.48,2.0,0.54,0.44,1.3,0.2,2.8,1.34,0.61,0.31,Switch,Orthodox,6,7
2025-09-06,Nassourdine Imavov,Caio Borralho,Red,Middleweight,MALE,5,4,9,4,9,0,0,8,9,2,0,34,25,0,0,4,2,0,1,190.5,185.42,190.5,190.5,29,32,4.28,3.47,0.54,0.56,1.0,0.4,0.74,1.25,0.32,0.5,Orthodox,Southpaw,10,9
2025-09-06,Benoit Saint Denis,Mauricio Ruffy,Red,Lightweight,MALE,3,1,4,5,4,0,0,6,4,3,0,17,8,0,0,3,3,3,0,180.34,180.34,185.42,190.5,29,29,5.62,4.19,0.58,0.58,1.8,0.0,4.19,0.0,0.35,0.0,Southpaw,Orthodox,9,4
2025-09-06,Modestas Bukauskas,Paul Craig,Red,Light Heavyweight,MALE,3,3,0,3,4,0,3,6,9,4,9,22,38,0,0,2,3,1,6,190.5,190.5,193.04,193.04,31,37,3.24,2.5,0.42,0.45,0.1,1.3,0.26,1.43,0.66,0.18,Switch,Orthodox,10,18
2025-09-06,Bolaji Oki,Mason Jones,Blue,Lightweight,MALE,3,1,1,2,1,0,0,3,2,1,2,8,14,0,0,1,0,0,0,177.8,177.8,185.42,187.96,29,30,6.42,5.98,0.45,0.42,0.0,0.2,1.02,3.48,0.57,0.55,Orthodox,Orthodox,4,4
2025-09-06,Oumar Sy,Brendson Ribeiro,Red,Light Heavyweight,MALE,3,0,0,2,2,1,1,2,3,1,3,7,11,0,0,0,1,1,1,193.04,190.5,210.82,205.74,29,28,3.41,3.06,0.48,0.42,0.3,0.6,2.45,0.9,0.35,0.42,Orthodox,Orthodox,3,6
2025-09-06,Sam Patterson,Trey Waters,Red,Welterweight,MALE,3,3,2,3,2,0,0,4,2,1,1,6,7,0,0,1,0,3,0,190.5,195.58,198.12,195.58,29,30,2.62,6.39,0.37,0.44,1.6,0.8,0.82,0.4,0.5,0.33,Orthodox,Orthodox,5,3
2025-09-06,Andreas Gustafsson,Rinat Fakhretdinov,Blue,Welterweight,MALE,3,2,5,2,3,0,0,2,5,0,0,5,16,0,0,1,0,0,1,185.42,182.88,185.42,187.96,34,33,5.82,5.03,0.71,0.52,0.0,0.2,6.19,3.91,0.58,0.34,Orthodox,Orthodox,2,5
2025-08-23,Johnny Walker,Zhang Mingyang,Red,Light Heavyweight,MALE,5,0,4,4,4,2,0,8,4,6,0,26,4,0,0,5,4,1,0,198.12,187.96,208.28,190.5,33,27,4.06,7.71,0.55,0.6,0.8,0.0,0.42,0.0,0.6,0.0,Orthodox,Orthodox,14,4
2025-08-23,Maheshate,Gauge Young,Blue,Lightweight,MALE,3,0,0,2,0,1,2,3,0,3,2,15,6,0,0,1,0,0,0,182.88,175.26,180.34,177.8,25,25,3.96,5.71,0.31,0.51,0.0,0.0,0.0,1.0,0.0,0.3,Orthodox,Orthodox,6,2
2025-08-23,Rongzhu,Austin Hubbard,Red,Lightweight,MALE,3,1,0,3,1,0,2,5,4,3,7,21,29,1,0,2,1,1,0,175.26,177.8,180.34,180.34,25,33,6.02,3.97,0.51,0.42,0.1,0.1,1.35,1.63,0.62,0.28,Orthodox,Orthodox,8,11
2025-08-23,Michel Pereira,Kyle Daukaus,Blue,Middleweight,MALE,3,0,0,8,1,2,2,9,3,4,4,33,17,0,0,2,0,3,1,185.42,187.96,185.42,193.04,31,32,4.46,3.32,0.51,0.53,0.7,2.1,1.21,2.08,0.56,0.25,Orthodox,Southpaw,13,7
2025-08-23,Yizha,Westin Wilson,Red,Featherweight,MALE,3,0,1,3,1,1,0,5,1,2,2,15,3,2,0,0,0,3,1,170.18,185.42,180.34,185.42,28,36,3.25,1.57,0.47,0.31,0.9,7.9,3.42,1.57,0.33,0.16,Orthodox,Southpaw,7,3
2025-08-23,Xiao Long,SuYoung You,Blue,Bantamweight,MALE,3,1,4,2,4,0,0,3,4,2,0,15,12,0,1,1,0,0,0,172.72,167.64,177.8,165.1,27,29,5.06,2.15,0.47,0.47,0.0,0.4,0.74,4.26,0.27,0.47,Orthodox,Orthodox,5,4
2025-08-16,Dricus Du Plessis,Khamzat Chimaev,Blue,Middleweight,MALE,5,9,8,9,8,0,0,9,8,0,0,27,13,3,0,4,2,2,4,185.42,187.96,193.04,190.5,31,31,5.18,4.04,0.48,0.6,0.7,1.8,2.22,5.29,0.51,0.55,Switch,Orthodox,9,8
2025-08-16,Geoff Neal,Carlos Prates,Blue,Welterweight,MALE,3,1,0,6,5,0,1,9,5,4,1,31,13,0,0,6,5,1,0,180.34,185.42,190.5,198.12,34,31,5.02,3.77,0.5,0.55,0.1,0.0,0.54,0.21,0.45,1.0,Southpaw,Switch,13,6
2025-08-16,Jared Cannonier,Michael Page,Blue,Middleweight,MALE,3,1,1,3,1,0,0,11,2,8,1,58,9,1,0,7,0,0,0,180.34,190.5,195.58,200.66,41,38,4.42,2.28,0.49,0.58,0.0,0.0,0.54,0.19,0.4,0.16,Switch,Switch,19,3
2025-08-16,Gerald Meerschaert,Michal Oleksiejczuk,Blue,Middleweight,MALE,3,0,1,3,2,2,0,12,8,11,7,49,26,0,0,1,7,11,0,185.42,182.88,195.58,187.96,37,30,3.01,5.85,0.45,0.53,1.4,0.0,1.82,1.02,0.3,0.42,Southpaw,Southpaw,23,15
2025-08-16,Chase Hooper,Alexander Hernandez,Blue,Lightweight,MALE,3,5,2,5,2,0,0,9,8,3,7,27,35,0,0,2,3,4,0,185.42,175.26,187.96,182.88,25,32,4.5,4.31,0.49,0.4,2.1,0.1,2.43,1.14,0.32,0.36,Southpaw,Orthodox,12,15
2025-08-16,Edson Barboza,Drakkar Klose,Blue,Lightweight,MALE,3,0,0,4,4,1,1,18,9,12,3,81,30,0,0,9,2,0,0,180.34,175.26,190.5,177.8,39,37,4.14,4.25,0.44,0.55,0.1,0.0,0.43,1.49,0.5,0.26,Orthodox,Orthodox,30,12
2025-08-09,Roman Dolidze,Anthony Hernandez,Blue,Middleweight,MALE,5,3,7,4,7,0,0,9,8,3,2,31,27,0,0,5,2,0,4,187.96,182.88,193.04,190.5,37,31,3.19,4.57,0.41,0.6,0.7,1.6,1.16,5.88,0.43,0.48,Orthodox,Orthodox,12,10
2025-08-09,Steve Erceg,Ode Osbourne,Red,Bantamweight,MALE,3,0,1,3,2,3,0,3,6,3,6,19,20,1,0,1,3,0,1,172.72,170.18,172.72,185.42,30,33,4.0,2.94,0.45,0.4,0.4,0.4,1.15,0.94,0.27,0.29,Orthodox,Southpaw,6,12
2025-08-09,Andre Fili,Christian Rodriguez,Red,Featherweight,MALE,3,0,0,2,4,1,1,12,6,11,3,55,23,0,0,4,0,0,1,180.34,170.18,187.96,180.34,35,27,3.88,3.85,0.37,0.5,0.2,1.1,2.32,1.75,0.46,0.4,Orthodox,Orthodox,23,9
2025-08-09,Miles Johns,Jean Matsumoto,Blue,Bantamweight,MALE,3,0,0,3,3,1,1,7,3,3,1,32,11,0,0,2,0,0,1,170.18,167.64,172.72,172.72,31,25,3.36,5.37,0.44,0.39,0.0,0.5,1.22,3.0,0.26,0.48,Orthodox,Orthodox,10,4
2025-08-09,Eryk Anders,Christian Leroy Duncan,Blue,Middleweight,MALE,3,2,1,2,2,0,0,9,4,8,2,46,14,0,0,5,3,0,0,185.42,187.96,190.5,200.66,38,30,3.44,4.43,0.47,0.57,0.1,0.0,1.83,0.33,0.25,0.16,Southpaw,Switch,17,6
2025-08-09,Elijah Smith,Toshiomi Kazama,Red,Bantamweight,MALE,3,2,1,2,1,0,0,2,2,0,2,6,7,0,1,0,0,0,1,175.26,170.18,180.34,175.26,22,28,4.18,1.49,0.48,0.53,1.1,1.0,2.98,1.94,0.53,0.16,Orthodox,Orthodox,2,4
2025-08-09,Uros Medic,Gilbert Urbina,Red,Welterweight,MALE,3,0,0,2,1,1,1,5,1,3,2,12,5,0,0,5,1,0,0,185.42,190.5,180.34,190.5,32,29,5.59,5.57,0.6,0.56,0.0,0.7,0.34,2.86,0.5,0.44,Southpaw,Orthodox,8,3
2025-08-02,Mateusz Rebecki,Chris Duncan,Blue,Lightweight,MALE,3,1,2,4,3,0,0,5,5,1,2,13,13,0,0,1,1,2,2,170.18,177.8,167.64,180.34,32,32,5.21,5.02,0.46,0.46,0.5,0.7,3.38,3.27,0.52,0.42,Southpaw,Orthodox,6,7
2025-08-02,Elves Brener,Esteban Ribovics,Blue,Lightweight,MALE,3,0,0,3,3,2,1,3,4,2,2,13,14,0,0,2,2,0,0,177.8,177.8,182.88,175.26,27,29,4.76,8.09,0.47,0.43,0.0,0.2,0.99,0.39,0.16,0.66,Orthodox,Orthodox,5,6
2025-08-02,Neil Magny,Elizeu Zaleski dos Santos,Red,Welterweight,MALE,3,0,0,7,7,2,1,22,11,12,5,89,43,0,0,6,4,2,1,190.5,180.34,203.2,185.42,37,38,3.4,4.16,0.46,0.41,0.3,0.4,2.17,0.79,0.39,0.2,Orthodox,Orthodox,34,16
2025-08-02,Danny Silva,Kevin Vallejos,Blue,Featherweight,MALE,3,3,2,3,2,0,0,3,2,0,1,9,5,0,0,0,2,0,0,170.18,170.18,175.26,172.72,28,23,6.35,6.12,0.54,0.48,0.2,0.0,2.06,0.66,0.36,0.28,Switch,Switch,3,3
2025-08-02,Rinya Nakamura,Nathan Fletcher,Red,Bantamweight,MALE,3,0,0,5,1,1,1,5,1,1,1,12,5,1,0,2,0,1,1,170.18,170.18,172.72,177.8,30,27,3.27,3.41,0.52,0.59,1.4,0.7,2.58,3.37,0.81,0.38,Southpaw,Orthodox,6,2
2025-08-02,Rodolfo Vieira,Tresean Gore,Red,Middleweight,MALE,3,0,0,2,2,1,1,5,2,3,3,17,9,0,0,0,0,5,2,182.88,182.88,185.42,190.5,35,31,3.55,2.76,0.53,0.42,0.9,0.9,2.7,1.83,0.21,0.75,Orthodox,Switch,8,5
2025-08-02,Nick Klein,Andrey Pulyaev,Blue,Middleweight,MALE,3,0,0,1,1,1,1,1,1,1,1,3,6,0,0,0,0,1,0,185.42,193.04,195.58,198.12,29,27,2.51,3.84,0.56,0.56,1.9,0.0,5.79,0.29,0.35,0.16,Orthodox,Southpaw,2,2
2025-07-26,Robert Whittaker,Reinier de Ridder,Blue,Middleweight,MALE,5,0,3,9,3,1,0,17,3,6,0,65,6,4,0,6,1,0,2,182.88,193.04,185.42,198.12,34,34,4.39,2.47,0.43,0.48,0.0,0.6,0.73,2.56,0.38,0.29,Orthodox,Southpaw,23,3
2025-07-26,Petr Yan,Marcus McGhee,Red,Bantamweight,MALE,3,2,4,7,4,0,0,10,4,4,0,50,8,5,0,4,2,0,1,170.18,172.72,170.18,175.26,32,35,5.16,5.5,0.54,0.45,0.1,0.3,1.7,0.31,0.49,0.14,Switch,Orthodox,14,4
2025-07-26,Shara Magomedov,Marc-Andre Barriault,Red,Middleweight,MALE,3,0,1,4,2,1,0,4,6,1,8,14,33,0,0,2,3,0,1,187.96,185.42,185.42,187.96,31,35,5.93,5.65,0.62,0.47,0.0,0.1,0.0,0.34,0.0,0.28,Orthodox,Orthodox,5,14
2025-07-26,Nikita Krylov,Bogdan Guskov,Blue,Light Heavyweight,MALE,3,0,3,5,3,1,0,11,3,8,1,33,6,0,0,4,2,5,1,190.5,190.5,195.58,193.04,33,32,4.36,4.57,0.54,0.55,1.2,0.7,2.05,0.0,0.37,0.0,Orthodox,Orthodox,19,4
2025-07-26,Bryce Mitchell,Said Nurmagomedov,Red,Bantamweight,MALE,3,0,0,6,4,1,1,8,7,3,3,27,21,0,0,1,2,1,3,177.8,172.72,177.8,177.8,30,33,2.27,3.08,0.59,0.48,1.2,1.1,3.24,0.86,0.36,0.15,Southpaw,Orthodox,11,10
2025-07-26,Muslim Salikhov,Carlos Leal,Red,Welterweight,MALE,3,2,1,5,1,0,0,8,1,4,1,27,4,0,0,4,1,0,0,180.34,180.34,177.8,187.96,41,31,3.37,8.75,0.49,0.47,0.0,0.0,1.07,0.43,0.32,0.11,Orthodox,Orthodox,12,2
2025-07-26,Davey Grant,Da'Mon Blackshear,Red,Bantamweight,MALE,3,1,3,3,3,0,0,7,5,6,3,35,19,1,0,3,1,1,3,172.72,177.8,175.26,182.88,39,30,5.14,4.33,0.44,0.45,0.2,1.5,1.03,1.48,0.4,0.33,Orthodox,Switch,13,8
2025-07-26,Mohammad Yahya,Steven Nguyen,Blue,Featherweight,MALE,3,0,0,0,2,2,1,0,2,2,2,4,11,0,0,0,1,0,0,175.26,180.34,185.42,185.42,31,32,3.5,7.47,0.39,0.42,0.5,0.0,0.5,0.24,0.2,1.0,Switch,Switch,2,4
2025-07-19,Max Holloway,Dustin Poirier,Red,Lightweight,MALE,5,0,0,13,5,1,1,22,23,8,9,101,80,10,4,11,12,2,4,180.34,175.26,175.26,182.88,33,36,6.91,5.24,0.48,0.5,0.3,1.2,0.23,1.15,0.53,0.35,Orthodox,Southpaw,30,32
2025-07-19,Paulo Costa,Roman Kopylov,Red,Middleweight,MALE,3,0,2,5,4,2,0,6,6,4,3,28,23,1,0,4,5,0,0,185.42,182.88,182.88,190.5,34,33,6.26,4.59,0.58,0.5,0.0,0.0,0.32,1.14,0.5,0.47,Orthodox,Southpaw,10,9
2025-07-19,Kevin Holland,Daniel Rodriguez,Blue,Welterweight,MALE,3,2,2,5,4,0,0,16,10,10,4,64,35,0,0,5,3,6,1,190.5,185.42,205.74,187.96,32,38,4.26,7.2,0.49,0.49,0.5,0.1,0.83,0.51,0.39,0.5,Orthodox,Southpaw,26,14
2025-07-19,Michael Johnson,Daniel Zellhuber,Red,Lightweight,MALE,3,2,0,4,3,0,1,15,4,15,2,76,17,1,0,6,0,0,1,177.8,185.42,185.42,195.58,39,26,4.27,5.45,0.39,0.38,0.0,0.3,0.57,0.14,0.38,0.25,Southpaw,Switch,30,6
2025-07-19,Kyler Phillips,Vinicius Oliveira,Blue,Bantamweight,MALE,3,0,4,4,4,1,0,7,4,2,0,24,10,0,0,2,2,1,0,172.72,175.26,182.88,177.8,30,29,5.04,4.73,0.42,0.43,0.4,0.2,2.31,1.45,0.45,0.46,Orthodox,Switch,9,4
2025-07-19,Marvin Vettori,Brendan Allen,Blue,Middleweight,MALE,3,0,0,5,7,2,2,9,13,6,4,56,39,1,0,0,1,2,8,182.88,187.96,187.96,190.5,31,29,4.74,3.59,0.45,0.53,0.4,1.1,1.41,1.56,0.43,0.42,Southpaw,Orthodox,15,17
2025-07-19,Francisco Prado,Nikolay Veretennikov,Blue,Welterweight,MALE,3,0,0,1,0,2,3,1,0,3,3,10,8,0,0,1,0,0,0,177.8,185.42,175.26,187.96,23,35,4.09,2.69,0.43,0.56,0.5,0.4,0.94,0.42,0.19,0.16,Orthodox,Orthodox,4,3
2025-07-19,Ateba Gautier,Robert Valentin,Red,Middleweight,MALE,3,2,0,2,0,0,2,2,0,0,2,3,5,0,1,2,0,0,0,193.04,187.96,205.74,195.58,23,30,4.44,1.13,0.48,0.56,0.0,1.3,0.49,0.0,1.0,0.0,Switch,Orthodox,2,2
2025-07-19,Jimmy Crute,Marcin Prachnio,Red,Light Heavyweight,MALE,3,0,0,3,2,3,1,5,4,4,6,18,23,0,0,3,1,2,0,187.96,190.5,187.96,185.42,29,37,4.15,5.52,0.52,0.54,2.0,0.0,4.39,0.14,0.52,0.2,Orthodox,Orthodox,9,10
2025-07-12,Stephen Thompson,Gabriel Bonfim,Blue,Welterweight,MALE,3,0,2,7,3,2,0,12,5,8,1,63,10,2,0,6,0,0,4,182.88,185.42,190.5,182.88,42,27,4.05,4.61,0.46,0.46,0.0,1.4,0.23,3.6,0.35,0.55,Orthodox,Orthodox,20,6
2025-07-12,Calvin Kattar,Steve Garcia,Blue,Featherweight,MALE,3,0,5,2,5,4,0,7,7,7,2,44,14,0,0,4,7,0,0,180.34,182.88,182.88,190.5,37,33,4.41,5.39,0.37,0.49,0.1,0.4,0.34,0.86,0.29,0.4,Orthodox,Southpaw,14,9
2025-07-12,Nate Landwehr,Morgan Charriere,Blue,Featherweight,MALE,3,0,0,3,1,1,1,5,2,4,2,20,9,0,0,1,2,2,0,175.26,172.72,182.88,175.26,37,29,5.63,4.02,0.45,0.5,0.8,0.3,0.76,2.06,0.41,0.46,Orthodox,Orthodox,9,4
2025-07-12,Junior Tafa,Tuco Tokkos,Blue,Light Heavyweight,MALE,3,1,0,1,0,0,3,2,0,3,3,9,5,0,0,2,0,0,0,190.5,193.04,190.5,193.04,28,35,3.41,2.12,0.51,0.4,0.0,0.5,0.0,4.21,0.0,0.47,Orthodox,Orthodox,5,3
2025-07-12,Max Griffin,Chris Curtis,Blue,Welterweight,MALE,3,0,0,3,4,1,2,8,6,9,4,47,30,0,0,3,4,0,0,180.34,177.8,193.04,190.5,39,37,3.76,5.52,0.47,0.5,0.3,0.0,1.28,0.0,0.4,0.0,Orthodox,Orthodox,17,10
2025-07-12,Jake Matthews,Chidi Njokuani,Red,Welterweight,MALE,3,2,3,3,3,0,0,14,6,7,3,53,19,0,0,2,4,5,0,180.34,190.5,185.42,203.2,30,36,3.34,5.16,0.43,0.61,0.8,0.1,1.44,0.0,0.41,0.0,Orthodox,Orthodox,21,9
2025-07-12,Mitch Ramirez,Mike Davis,Blue,Lightweight,MALE,3,0,0,0,4,2,1,0,4,2,3,5,19,0,0,0,1,0,1,180.34,182.88,180.34,182.88,32,32,3.51,4.73,0.44,0.53,0.0,0.8,0.59,2.4,0.33,0.44,Orthodox,Orthodox,2,7
2025-06-28,Ilia Topuria,Charles Oliveira,Red,Lightweight,MALE,5,8,1,8,11,0,0,8,23,0,10,19,68,2,3,5,4,1,16,170.18,177.8,175.26,187.96,28,35,4.81,3.23,0.48,0.55,1.1,2.6,1.96,2.29,0.61,0.39,Orthodox,Orthodox,8,33
2025-06-28,Beneil Dariush,Renato Moicano,Red,Lightweight,MALE,3,0,0,8,4,2,1,16,12,6,6,47,38,0,1,3,2,5,6,177.8,180.34,182.88,182.88,36,36,3.78,4.17,0.49,0.48,0.8,0.5,2.11,1.67,0.38,0.41,Southpaw,Orthodox,22,18
2025-06-28,Payton Talbott,Felipe Lima,Red,Bantamweight,MALE,3,0,2,4,2,1,0,4,2,1,0,12,6,0,0,2,0,1,1,177.8,167.64,177.8,172.72,26,27,6.62,2.86,0.56,0.45,0.2,0.7,0.78,2.18,0.44,0.27,Switch,Orthodox,5,2
2025-06-28,Jack Hermansson,Gregory Rodrigues,Blue,Middleweight,MALE,3,1,0,4,3,0,1,11,7,6,4,44,24,0,0,3,5,3,0,185.42,190.5,195.58,190.5,37,33,5.15,5.53,0.45,0.51,0.4,0.4,1.48,1.9,0.29,0.34,Orthodox,Orthodox,17,11
2025-06-28,Hyder Amil,Jose Delgado,Blue,Featherweight,MALE,3,4,2,4,2,0,0,4,2,0,0,9,3,0,0,2,2,0,0,175.26,180.34,177.8,187.96,35,27,5.81,7.48,0.52,0.54,0.8,0.0,0.56,1.51,0.18,0.4,Switch,Switch,4,2
2025-06-28,Terrance McKinney,Viacheslav Borshchev,Red,Lightweight,MALE,3,1,0,2,2,0,1,6,4,5,4,14,22,0,0,4,3,2,0,177.8,180.34,185.42,175.26,30,33,6.53,5.1,0.55,0.5,2.1,0.1,3.31,0.0,0.4,0.0,Switch,Orthodox,11,8
2025-06-28,Niko Price,Jacobe Smith,Blue,Welterweight,MALE,3,0,2,2,2,1,0,8,2,8,0,37,3,0,0,4,2,2,0,182.88,177.8,193.04,182.88,35,29,5.11,6.89,0.43,0.67,0.6,0.7,1.06,7.78,0.3,0.91,Orthodox,Southpaw,16,2
2025-06-21,Jamahal Hill,Khalil Rountree Jr.,Blue,Light Heavyweight,MALE,5,0,0,4,5,2,1,7,9,3,6,24,33,2,2,5,7,0,0,193.04,185.42,200.66,193.04,34,35,6.19,3.88,0.51,0.4,0.0,0.1,0.0,0.0,0.0,0.0,Southpaw,Southpaw,10,15
2025-06-21,Rafael Fiziev,Ignacio Bahamondes,Red,Lightweight,MALE,3,0,3,6,3,3,0,6,7,4,2,27,20,0,0,3,4,0,2,172.72,190.5,180.34,190.5,32,27,4.71,5.99,0.52,0.46,0.0,0.6,0.83,0.0,0.66,0.0,Switch,Orthodox,10,9
2025-06-21,Nazim Sadykhov,Nikolas Motta,Red,Lightweight,MALE,3,4,2,3,2,0,0,4,4,0,2,12,14,0,0,3,2,1,0,177.8,175.26,175.26,177.8,31,32,4.79,4.13,0.49,0.38,0.2,0.0,1.1,0.0,0.45,0.0,Southpaw,Orthodox,4,6
2025-06-21,Muhammad Naimov,Bogdan Grad,Red,Featherweight,MALE,3,1,2,3,2,0,0,4,2,2,1,15,6,0,0,2,1,0,0,175.26,172.72,177.8,177.8,30,29,2.51,4.06,0.4,0.51,0.2,0.0,1.49,4.22,0.3,0.4,Orthodox,Orthodox,6,3
2025-06-21,Ismail Naurdiev,JunYong Park,Blue,Middleweight,MALE,3,1,1,1,4,0,0,3,8,2,3,15,27,0,0,0,0,0,3,177.8,177.8,187.96,185.42,28,34,3.66,4.64,0.52,0.51,0.2,0.8,1.48,1.69,0.4,0.42,Orthodox,Orthodox,5,11
2025-06-14,Kamaru Usman,Joaquin Buckley,Red,Welterweight,MALE,5,0,6,15,6,3,0,15,11,3,4,66,37,9,0,4,8,1,0,182.88,177.8,193.04,193.04,38,31,4.16,3.88,0.51,0.36,0.1,0.1,2.79,1.54,0.44,0.45,Switch,Southpaw,18,15
2025-06-14,Edmen Shahbazyan,Andre Petroski,Red,Middleweight,MALE,3,1,3,5,5,0,0,8,8,5,2,24,25,0,0,6,1,1,2,187.96,182.88,190.5,185.42,27,34,3.8,2.81,0.48,0.49,0.4,1.3,1.62,3.15,0.37,0.51,Orthodox,Switch,13,10
2025-06-14,Cody Garbrandt,Raoni Barcelos,Blue,Bantamweight,MALE,3,0,2,6,5,1,0,9,8,6,4,32,32,3,0,6,2,0,2,172.72,170.18,165.1,170.18,33,38,2.79,4.92,0.4,0.51,0.0,0.6,0.85,2.22,0.22,0.31,Orthodox,Orthodox,15,12
2025-06-14,Mansur Abdul-Malik,Cody Brundage,Draw,Middleweight,MALE,3,3,1,3,2,0,0,3,5,0,6,5,18,0,0,3,3,0,1,187.96,182.88,203.2,182.88,27,31,3.28,2.26,0.44,0.48,0.3,0.5,1.65,1.88,0.41,0.41,Orthodox,Orthodox,3,11
2025-06-14,Alonzo Menifield,Oumar Sy,Red,Light Heavyweight,MALE,3,1,2,4,2,0,0,11,2,5,0,32,4,0,0,6,0,2,1,182.88,193.04,193.04,210.82,37,29,3.77,3.41,0.53,0.48,0.2,0.3,0.5,2.45,0.31,0.35,Orthodox,Orthodox,16,2
2025-06-14,Paul Craig,Rodolfo Bellato,No Contest,Light Heavyweight,MALE,3,0,2,4,2,3,0,9,2,9,1,37,9,0,0,3,2,6,0,190.5,190.5,193.04,190.5,37,29,2.5,5.37,0.45,0.6,1.3,0.2,1.43,1.38,0.18,0.35,Orthodox,Orthodox,18,3
2025-06-14,Michael Chiesa,Court McGee,Red,Welterweight,MALE,3,2,1,4,3,0,0,13,11,7,12,44,60,1,1,0,0,8,3,185.42,180.34,190.5,190.5,37,40,2.02,4.5,0.4,0.36,1.0,0.5,3.11,1.78,0.47,0.24,Southpaw,Orthodox,20,23
2025-06-14,Malcolm Wellmaker,Kris Moutinho,Red,Bantamweight,MALE,3,2,0,2,0,0,2,2,0,0,2,2,4,0,0,2,0,0,0,177.8,170.18,180.34,172.72,31,32,5.8,3.35,0.56,0.33,0.0,0.0,0.0,0.0,0.0,0.0,Switch,Southpaw,2,2
2025-06-14,Ricky Simon,Cameron Smotherman,Red,Bantamweight,MALE,3,1,0,5,1,0,1,10,1,5,2,40,7,0,0,2,0,3,0,167.64,175.26,175.26,175.26,32,27,3.03,4.07,0.42,0.37,0.3,0.0,4.49,0.0,0.41,0.0,Orthodox,Orthodox,15,3
2025-06-14,Phil Rowe,Ange Loosa,Red,Welterweight,MALE,3,0,0,3,2,2,1,4,2,3,3,19,17,0,0,4,0,0,0,190.5,177.8,203.2,187.96,34,32,3.51,5.46,0.49,0.46,0.2,0.2,0.46,2.53,0.36,0.39,Orthodox,Orthodox,7,5
2025-06-07,Merab Dvalishvili,Sean O'Malley,Red,Bantamweight,MALE,5,12,0,12,6,0,1,12,11,2,2,47,34,4,3,1,7,0,0,167.64,180.34,172.72,182.88,34,30,4.42,6.05,0.41,0.6,0.3,0.2,5.97,0.24,0.35,0.42,Orthodox,Switch,14,13
2025-06-07,Kelvin Gastelum,Joe Pyfer,Blue,Middleweight,MALE,3,1,1,5,4,0,0,13,5,9,2,66,13,2,0,3,4,2,1,175.26,187.96,180.34,190.5,33,28,3.67,3.52,0.42,0.44,0.1,0.9,1.01,1.45,0.34,0.3,Southpaw,Orthodox,22,7
2025-06-07,Vicente Luque,Kevin Holland,Blue,Welterweight,MALE,3,1,1,6,5,0,0,16,15,6,10,48,62,0,0,8,5,6,5,180.34,190.5,190.5,205.74,33,32,4.83,4.26,0.51,0.49,0.7,0.5,0.9,0.83,0.48,0.39,Orthodox,Orthodox,22,25
2025-06-07,Azamat Murzakanov,Brendson Ribeiro,Red,Light Heavyweight,MALE,3,5,2,5,2,0,0,5,3,0,2,12,10,0,0,4,1,0,1,177.8,190.5,180.34,205.74,36,28,4.7,3.06,0.57,0.42,0.0,0.6,0.55,0.9,0.15,0.42,Southpaw,Orthodox,5,5
2025-06-07,Quillan Salkilld,Yanal Ashmouz,Red,Lightweight,MALE,3,2,1,2,1,0,0,2,2,0,1,4,7,0,0,1,1,0,0,182.88,175.26,190.5,175.26,25,30,5.16,2.88,0.57,0.5,0.8,0.0,7.95,3.24,0.36,0.38,Orthodox,Orthodox,2,3
2025-05-31,Mateusz Gamrot,Ludovit Klein,Red,Lightweight,MALE,5,0,6,4,4,1,0,7,7,3,2,27,26,0,0,3,2,1,0,177.8,170.18,177.8,182.88,34,30,3.29,3.76,0.51,0.53,0.1,0.0,5.15,1.37,0.37,0.51,Southpaw,Southpaw,10,9
2025-05-31,Billy Ray Goff,Ramiz Brahimaj,Blue,Welterweight,MALE,3,0,1,2,1,1,0,2,3,1,3,5,12,0,0,2,1,0,2,177.8,177.8,182.88,182.88,26,32,7.51,2.29,0.46,0.48,0.0,1.6,1.75,1.99,0.16,0.34,Switch,Orthodox,3,6
2025-05-31,Dustin Jacoby,Bruno Lopes,Red,Light Heavyweight,MALE,3,1,2,4,2,0,0,9,2,6,1,38,6,0,0,5,1,0,0,190.5,187.96,193.04,187.96,37,32,5.4,2.88,0.48,0.43,0.0,0.0,0.32,1.93,0.25,0.21,Orthodox,Orthodox,15,3
2025-05-31,Zach Reese,Dusko Todorovic,Red,Middleweight,MALE,3,0,0,2,2,1,2,3,4,2,5,7,15,0,0,1,3,1,0,193.04,185.42,195.58,187.96,31,31,4.48,4.73,0.54,0.57,1.3,0.3,2.8,1.77,0.61,0.21,Switch,Orthodox,5,9
2025-05-31,Kurt Holobaugh,Jordan Leavitt,Blue,Lightweight,MALE,3,0,0,1,2,1,1,2,5,7,3,25,14,0,0,0,2,1,2,180.34,175.26,177.8,180.34,38,29,4.58,2.21,0.44,0.57,0.8,1.1,0.65,3.15,0.33,0.34,Orthodox,Southpaw,9,8
2025-05-17,Gilbert Burns,Michael Morales,Blue,Welterweight,MALE,5,0,6,6,6,3,0,15,6,8,0,62,14,1,0,3,3,5,0,177.8,182.88,180.34,200.66,38,25,3.15,5.68,0.48,0.49,0.5,0.0,2.12,1.04,0.37,0.41,Orthodox,Orthodox,23,6
2025-05-17,Sodiq Yusuff,Mairon Santos,Blue,Lightweight,MALE,3,0,2,5,2,2,0,7,2,3,0,24,5,0,1,2,1,1,0,175.26,170.18,180.34,182.88,31,24,5.27,3.33,0.49,0.48,0.4,0.0,0.36,0.0,0.23,0.0,Orthodox,Orthodox,10,2
2025-05-17,Dustin Stoltzfus,Nursulton Ruziboev,Blue,Middleweight,MALE,3,1,1,1,2,0,0,4,3,5,1,18,7,0,0,2,3,1,0,182.88,195.58,190.5,193.04,33,31,3.3,2.59,0.45,0.46,1.1,0.0,2.08,0.75,0.37,0.66,Orthodox,Orthodox,9,4
2025-05-17,Julian Erosa,Melquizael Costa,Blue,Featherweight,MALE,3,3,3,3,3,0,0,10,4,7,2,33,14,0,0,3,0,4,2,185.42,177.8,187.96,180.34,35,28,6.18,4.38,0.48,0.49,0.7,1.1,1.73,2.0,0.43,0.4,Southpaw,Southpaw,17,6
2025-05-17,Jared Gordon,Thiago Moises,Red,Lightweight,MALE,3,0,1,3,3,1,0,8,9,6,6,36,37,0,0,2,2,0,3,175.26,175.26,172.72,177.8,36,30,5.64,2.48,0.53,0.42,0.0,1.1,1.78,1.31,0.32,0.35,Orthodox,Orthodox,14,15
2025-05-10,Belal Muhammad,Jack Della Maddalena,Blue,Welterweight,MALE,5,10,8,10,8,0,0,15,8,3,0,59,16,1,1,2,4,1,1,180.34,180.34,182.88,185.42,36,28,4.43,5.57,0.43,0.51,0.1,0.1,2.14,0.13,0.36,0.1,Orthodox,Switch,18,8
2025-05-10,Jose Aldo,Aiemann Zahabi,Blue,Featherweight,MALE,3,0,5,15,5,1,0,22,6,8,2,93,20,15,0,11,2,0,0,170.18,172.72,177.8,172.72,38,37,3.65,4.54,0.46,0.47,0.1,0.0,0.47,0.12,0.51,0.14,Orthodox,Orthodox,30,8
2025-05-10,Benoit Saint Denis,Kyle Prepolec,Red,Lightweight,MALE,3,0,0,5,0,2,2,5,0,3,2,15,6,0,0,3,0,2,0,180.34,177.8,185.42,177.8,29,35,5.62,3.25,0.58,0.34,1.8,0.0,4.19,0.0,0.35,0.0,Southpaw,Southpaw,8,2
2025-05-10,Mike Malott,Charles Radtke,Red,Welterweight,MALE,3,1,1,4,2,0,0,5,3,1,1,11,6,0,0,1,2,3,0,185.42,175.26,185.42,182.88,33,34,3.93,2.8,0.48,0.54,0.8,0.7,1.88,1.32,0.5,0.3,Orthodox,Orthodox,6,4
2025-05-10,Modestas Bukauskas,Ion Cutelaba,Red,Light Heavyweight,MALE,3,2,2,2,2,0,0,5,8,4,9,19,34,0,0,2,4,1,1,190.5,185.42,193.04,190.5,31,31,3.24,4.23,0.42,0.43,0.1,0.2,0.26,3.76,0.66,0.49,Switch,Southpaw,9,17
2025-05-10,Marc-Andre Barriault,Bruno Silva,Red,Middleweight,MALE,3,0,0,2,3,3,4,5,4,8,6,32,22,0,0,2,4,1,0,185.42,182.88,187.96,187.96,35,35,5.65,3.86,0.47,0.48,0.1,0.0,0.34,0.77,0.28,0.22,Orthodox,Orthodox,13,10
2025-05-10,Daniel Santos,JeongYeong Lee,Red,Featherweight,MALE,3,2,0,2,4,0,1,2,4,1,1,8,9,0,1,1,1,0,1,170.18,177.8,170.18,185.42,30,29,4.76,3.38,0.4,0.49,0.0,0.3,3.01,0.63,0.4,0.66,Orthodox,Orthodox,3,5
2025-05-03,Cory Sandhagen,Deiveson Figueiredo,Red,Bantamweight,MALE,5,0,0,5,5,1,1,10,13,4,4,44,49,2,6,5,4,1,4,180.34,165.1,177.8,172.72,33,37,4.86,2.63,0.45,0.53,0.2,1.2,1.15,1.61,0.34,0.35,Switch,Orthodox,14,17
2025-05-03,Reinier de Ridder,Bo Nickal,Red,Middleweight,MALE,3,2,6,2,6,0,0,2,6,0,0,4,9,0,0,0,1,2,4,193.04,185.42,198.12,193.04,34,29,2.47,3.35,0.48,0.61,0.6,2.5,2.56,3.1,0.29,0.55,Southpaw,Southpaw,2,6
2025-05-03,Santiago Ponzinibbio,Daniel Rodriguez,Blue,Welterweight,MALE,3,1,1,7,4,0,0,12,9,7,4,47,32,0,0,7,2,0,1,182.88,185.42,185.42,187.96,38,38,4.78,7.2,0.41,0.49,0.0,0.1,0.6,0.51,0.27,0.5,Orthodox,Southpaw,19,13
2025-05-03,Montel Jackson,Daniel Marcos,Red,Bantamweight,MALE,3,5,5,5,5,0,0,9,5,2,0,25,16,0,0,4,1,1,0,177.8,170.18,190.5,175.26,33,32,3.09,4.9,0.52,0.53,0.3,0.1,3.0,1.35,0.63,0.52,Southpaw,Orthodox,11,5
2025-05-03,Cameron Smotherman,Serhiy Sidey,Blue,Bantamweight,MALE,3,1,1,1,1,0,0,1,2,1,1,4,7,0,0,0,1,0,0,175.26,180.34,175.26,182.88,27,28,4.07,4.49,0.37,0.39,0.0,1.3,0.0,1.58,0.0,0.25,Orthodox,Switch,2,3
2025-05-03,Jeremy Stephens,Mason Jones,Blue,Lightweight,MALE,3,0,0,3,1,5,1,15,1,18,2,86,11,0,0,8,0,0,0,175.26,177.8,180.34,187.96,38,30,3.15,5.98,0.4,0.42,0.4,0.2,1.11,3.48,0.38,0.55,Orthodox,Orthodox,33,3
2025-05-03,Gaston Bolanos,Quang Le,Blue,Bantamweight,MALE,3,1,0,1,0,0,2,2,0,1,2,8,6,0,0,0,0,0,0,170.18,170.18,175.26,177.8,32,33,3.28,2.82,0.49,0.38,0.0,0.4,0.66,2.9,1.0,0.33,Orthodox,Orthodox,3,2
2025-04-26,Ian Machado Garry,Carlos Prates,Red,Welterweight,MALE,5,0,5,8,5,1,0,8,5,1,0,25,8,0,0,3,5,0,0,190.5,185.42,187.96,198.12,27,31,4.78,3.77,0.54,0.55,0.4,0.0,0.92,0.21,0.31,1.0,Orthodox,Switch,9,5
2025-04-26,Anthony Smith,Zhang Mingyang,Blue,Light Heavyweight,MALE,3,0,3,3,3,2,0,15,3,13,0,65,3,1,0,7,3,6,0,193.04,187.96,193.04,190.5,36,26,3.19,7.71,0.49,0.6,0.6,0.0,0.44,0.0,0.22,0.0,Orthodox,Orthodox,28,3
2025-04-26,Giga Chikadze,David Onama,Blue,Featherweight,MALE,3,0,3,7,3,1,0,8,5,3,2,31,17,0,0,3,2,0,1,182.88,180.34,187.96,187.96,36,30,3.75,5.07,0.42,0.5,0.2,0.5,0.18,1.05,0.33,0.3,Orthodox,Orthodox,11,7
2025-04-26,Michel Pereira,Abus Magomedov,Blue,Middleweight,MALE,3,0,2,8,2,1,0,9,3,3,2,30,12,0,0,2,1,3,1,185.42,187.96,185.42,198.12,31,34,4.46,3.07,0.51,0.49,0.7,0.4,1.21,2.61,0.56,0.59,Orthodox,Orthodox,12,5
2025-04-26,Randy Brown,Nicolas Dalby,Red,Welterweight,MALE,3,0,0,4,4,1,1,13,7,6,4,46,36,0,0,3,1,3,0,190.5,180.34,198.12,187.96,34,40,4.49,3.88,0.47,0.43,0.6,0.1,0.76,0.9,0.39,0.26,Orthodox,Orthodox,19,11
2025-04-26,Ikram Aliskerov,Andre Muniz,Red,Middleweight,MALE,3,0,1,3,7,1,0,3,8,1,2,4,21,0,0,2,0,1,4,182.88,185.42,193.04,198.12,32,35,6.86,2.08,0.64,0.48,0.5,1.1,3.2,3.98,0.6,0.48,Southpaw,Southpaw,4,10
2025-04-26,Chris Gutierrez,John Castaneda,Red,Featherweight,MALE,3,1,0,4,2,0,1,9,5,3,3,36,21,0,0,3,1,0,1,175.26,167.64,170.18,180.34,34,33,4.4,4.42,0.57,0.5,0.1,0.1,0.3,1.68,0.3,0.37,Orthodox,Switch,12,8
2025-04-26,Da'Mon Blackshear,Alatengheili,Red,Bantamweight,MALE,3,2,1,2,2,0,0,4,5,3,2,16,22,0,0,1,1,3,0,177.8,165.1,182.88,167.64,30,33,4.33,2.82,0.45,0.32,1.5,0.0,1.48,1.74,0.33,0.43,Switch,Orthodox,7,7
2025-04-12,Alexander Volkanovski,Diego Lopes,Red,Featherweight,MALE,5,0,5,12,5,2,0,13,5,3,2,53,15,10,1,5,2,0,1,167.64,180.34,180.34,182.88,36,30,5.99,3.83,0.57,0.47,0.2,1.4,1.63,0.88,0.34,0.5,Orthodox,Orthodox,16,7
2025-04-12,Michael Chandler,Paddy Pimblett,Blue,Lightweight,MALE,3,0,6,3,6,2,0,4,6,4,0,19,11,1,1,3,1,1,3,172.72,177.8,180.34,185.42,38,30,4.04,5.49,0.49,0.52,0.6,1.2,1.96,0.69,0.41,0.21,Orthodox,Orthodox,8,6
2025-04-12,Bryce Mitchell,Jean Silva,Blue,Featherweight,MALE,3,1,5,6,5,0,0,8,5,2,0,25,10,0,0,1,4,1,0,177.8,170.18,177.8,175.26,30,28,2.27,4.82,0.59,0.51,1.2,0.6,3.24,1.2,0.36,0.6,Southpaw,Orthodox,10,5
2025-04-12,Nikita Krylov,Dominick Reyes,Blue,Light Heavyweight,MALE,3,3,2,5,6,0,0,11,8,7,4,32,23,0,2,4,5,5,1,190.5,193.04,195.58,195.58,33,35,4.36,5.39,0.54,0.54,1.2,0.3,2.05,0.29,0.37,0.28,Orthodox,Southpaw,18,12
2025-04-12,Dan Ige,Sean Woodson,Red,Featherweight,MALE,3,0,6,6,4,2,0,11,8,8,1,52,25,0,0,4,3,2,0,170.18,187.96,180.34,198.12,33,32,3.6,5.57,0.45,0.46,0.2,0.3,0.93,0.58,0.26,0.55,Orthodox,Orthodox,19,9
2025-04-12,Jim Miller,Chase Hooper,Blue,Lightweight,MALE,3,1,4,7,4,0,0,27,8,17,3,100,24,0,0,6,2,13,4,172.72,185.42,180.34,187.96,41,25,2.92,4.5,0.42,0.49,1.7,2.1,1.5,2.43,0.45,0.32,Southpaw,Southpaw,44,11
2025-04-12,Darren Elkins,Julian Erosa,Blue,Featherweight,MALE,3,2,2,6,3,0,0,19,9,10,7,75,32,0,0,4,2,3,4,177.8,185.42,180.34,187.96,40,35,3.4,6.18,0.38,0.48,1.1,0.7,2.87,1.73,0.34,0.43,Orthodox,Southpaw,29,16
2025-04-12,Sedriques Dumas,Michal Oleksiejczuk,Blue,Middleweight,MALE,3,1,0,2,2,0,3,4,7,2,7,13,25,0,0,0,6,1,0,187.96,182.88,200.66,187.96,29,30,2.0,5.85,0.44,0.53,0.2,0.0,1.34,1.02,0.31,0.42,Orthodox,Southpaw,6,14
2025-04-12,Tresean Gore,Marco Tulio,Blue,Middleweight,MALE,3,2,3,2,3,0,0,2,3,2,0,7,6,0,0,0,2,2,0,182.88,182.88,190.5,187.96,30,30,2.76,6.69,0.42,0.58,0.9,0.3,1.83,1.42,0.75,0.26,Switch,Orthodox,4,3
2025-04-05,Josh Emmett,Lerone Murphy,Blue,Featherweight,MALE,5,1,7,5,7,0,0,10,7,4,0,38,23,1,0,4,2,0,0,167.64,175.26,177.8,185.42,40,33,3.67,4.34,0.35,0.51,0.1,0.5,1.07,1.2,0.36,0.54,Orthodox,Orthodox,14,7
2025-04-05,Pat Sabatini,Joanderson Brito,Red,Featherweight,MALE,3,1,0,4,5,0,1,6,6,2,2,15,16,0,0,0,3,3,2,172.72,172.72,177.8,182.88,34,30,1.69,2.43,0.59,0.51,1.5,1.1,4.48,3.38,0.5,0.67,Orthodox,Orthodox,8,8
2025-04-05,Cortavious Romious,ChangHo Lee,Blue,Bantamweight,MALE,3,0,3,1,3,1,0,1,3,2,0,7,7,0,0,0,2,0,0,162.56,172.72,172.72,175.26,31,30,1.91,3.88,0.38,0.66,0.8,0.3,2.29,3.2,0.66,0.34,Southpaw,Orthodox,3,3
2025-04-05,Brad Tavares,Gerald Meerschaert,Red,Middleweight,MALE,3,0,0,5,3,2,1,15,12,10,10,68,46,0,0,2,1,0,11,185.42,185.42,187.96,195.58,37,37,3.41,3.01,0.43,0.45,0.0,1.4,0.7,1.82,0.26,0.3,Orthodox,Southpaw,25,22
2025-04-05,Victor Henry,Pedro Falcao,Red,Bantamweight,MALE,3,0,0,2,1,1,1,3,1,2,1,16,6,0,0,1,1,0,0,170.18,167.64,172.72,167.64,37,32,7.17,3.21,0.53,0.48,0.3,0.0,1.04,2.73,0.42,0.25,Switch,Orthodox,5,2
2025-03-29,Manuel Torres,Drew Dober,Red,Lightweight,MALE,3,0,0,4,3,1,2,4,14,1,10,5,50,0,0,3,10,1,1,177.8,172.72,185.42,177.8,30,36,7.29,4.48,0.59,0.41,0.9,0.1,1.72,0.61,0.66,0.16,Switch,Southpaw,5,24
2025-03-29,Raul Rosas Jr.,Vince Morales,Red,Bantamweight,MALE,3,3,0,3,2,0,4,5,3,1,8,13,29,0,0,1,1,2,0,175.26,170.18,170.18,177.8,20,34,1.34,3.57,0.42,0.37,0.9,0.5,6.1,0.59,0.54,0.4,Switch,Orthodox,6,11
2025-03-29,Christian Rodriguez,Melquizael Costa,Blue,Featherweight,MALE,3,1,2,4,2,0,0,6,3,2,2,20,11,0,0,0,0,1,2,170.18,177.8,180.34,180.34,27,28,3.85,4.38,0.5,0.49,1.1,1.1,1.75,2.0,0.4,0.4,Orthodox,Southpaw,8,5
2025-03-29,Rafa Garcia,Vinc Pichel,Red,Lightweight,MALE,3,0,0,2,4,1,2,4,7,4,4,22,28,0,0,0,1,1,0,170.18,177.8,177.8,182.88,30,42,4.31,3.78,0.45,0.46,0.5,0.2,3.13,2.5,0.44,0.51,Orthodox,Orthodox,8,11
2025-03-29,Jamall Emmers,Gabriel Miranda,Red,Featherweight,MALE,3,0,0,1,1,1,1,3,1,5,2,17,5,0,0,1,0,0,1,177.8,180.34,187.96,180.34,35,35,5.1,3.23,0.49,0.43,0.3,1.9,2.59,4.75,0.53,0.38,Orthodox,Orthodox,8,3
2025-03-29,MarQuel Mederos,Austin Hubbard,Red,Lightweight,MALE,3,2,0,2,1,0,1,2,4,0,6,4,26,0,0,1,1,0,0,177.8,177.8,175.26,180.34,28,33,4.84,3.97,0.56,0.42,0.0,0.1,0.0,1.63,0.0,0.28,Orthodox,Orthodox,2,10
2025-03-22,Leon Edwards,Sean Brady,Blue,Welterweight,MALE,5,0,2,12,5,1,0,14,7,3,1,65,24,4,0,3,0,1,3,187.96,177.8,187.96,182.88,33,32,2.6,3.96,0.54,0.55,0.4,0.9,1.25,3.53,0.37,0.53,Southpaw,Orthodox,17,8
2025-03-22,Jan Blachowicz,Carlos Ulberg,Blue,Light Heavyweight,MALE,3,0,7,5,7,1,0,12,8,7,1,57,16,4,0,5,5,2,1,187.96,193.04,198.12,195.58,42,34,3.55,6.54,0.5,0.55,0.4,0.2,0.98,0.55,0.48,0.6,Orthodox,Orthodox,19,9
2025-03-22,Gunnar Nelson,Kevin Holland,Blue,Welterweight,MALE,3,2,0,4,5,0,2,10,14,5,10,33,59,0,0,0,5,8,5,180.34,190.5,182.88,205.74,36,32,1.77,4.26,0.61,0.49,1.0,0.5,2.0,0.83,0.52,0.39,Switch,Orthodox,15,24
2025-03-22,Nathaniel Wood,Morgan Charriere,Red,Featherweight,MALE,3,1,1,3,1,0,0,8,2,3,1,31,6,0,0,0,2,3,0,167.64,172.72,175.26,175.26,31,29,5.64,4.02,0.51,0.5,0.5,0.3,1.35,2.06,0.48,0.46,Orthodox,Orthodox,11,3
2025-03-22,Jai Herbert,Chris Padilla,Blue,Lightweight,MALE,3,1,2,1,2,0,0,3,2,4,0,20,3,0,0,1,1,0,1,185.42,175.26,195.58,187.96,36,29,3.07,4.78,0.4,0.54,0.0,0.4,0.43,1.18,0.21,0.3,Orthodox,Orthodox,7,2
2025-03-22,Guram Kutateladze,Kaue Fernandes,Blue,Lightweight,MALE,3,1,1,1,1,0,0,2,1,2,1,12,4,0,0,0,1,0,0,180.34,175.26,182.88,185.42,33,30,3.53,4.28,0.45,0.55,0.0,0.0,0.61,1.18,0.15,1.0,Orthodox,Orthodox,4,2
2025-03-15,Marvin Vettori,Roman Dolidze,Blue,Middleweight,MALE,5,0,2,5,4,1,0,9,8,5,3,51,26,1,0,0,5,2,0,182.88,187.96,187.96,193.04,31,36,4.74,3.19,0.45,0.41,0.4,0.7,1.41,1.16,0.43,0.43,Southpaw,Orthodox,14,11
2025-03-15,Chidi Njokuani,Elizeu Zaleski dos Santos,Red,Welterweight,MALE,3,2,1,3,7,0,0,5,11,3,4,17,41,0,0,3,4,0,1,190.5,180.34,203.2,185.42,36,38,5.16,4.16,0.61,0.41,0.1,0.4,0.0,0.79,0.0,0.2,Orthodox,Orthodox,8,15
2025-03-15,Alexander Hernandez,Kurt Holobaugh,Red,Lightweight,MALE,3,1,1,2,1,0,0,7,2,7,6,32,22,0,0,3,0,0,1,175.26,180.34,182.88,177.8,32,38,4.31,4.58,0.4,0.44,0.1,0.8,1.14,0.65,0.36,0.33,Orthodox,Orthodox,14,8
2025-03-15,Da'Mon Blackshear,Cody Gibson,Red,Bantamweight,MALE,3,1,2,2,2,0,0,3,3,3,5,14,19,0,0,1,1,2,1,177.8,177.8,182.88,180.34,30,37,4.33,3.63,0.45,0.46,1.5,0.6,1.48,2.12,0.33,0.37,Switch,Orthodox,6,8
2025-03-15,SeungWoo Choi,Kevin Vallejos,Blue,Featherweight,MALE,3,0,1,3,1,1,0,4,1,6,1,23,4,0,0,1,1,0,0,182.88,170.18,187.96,172.72,32,23,3.56,6.12,0.38,0.48,0.0,0.0,0.83,0.66,0.54,0.28,Orthodox,Switch,10,2
2025-03-15,SuYoung You,AJ Cunningham,Red,Bantamweight,MALE,3,3,0,3,0,0,2,3,0,0,2,9,3,1,0,0,0,0,0,167.64,177.8,165.1,180.34,29,30,2.15,4.22,0.47,0.29,0.4,0.5,4.26,0.0,0.47,0.0,Orthodox,Orthodox,3,2
2025-03-08,Alex Pereira,Magomed Ankalaev,Blue,Light Heavyweight,MALE,5,5,11,5,9,0,0,9,11,1,1,25,36,7,2,7,6,0,0,193.04,190.5,200.66,190.5,37,32,5.16,3.65,0.62,0.52,0.2,0.0,0.11,0.79,0.5,0.22,Orthodox,Orthodox,10,12
2025-03-08,Justin Gaethje,Rafael Fiziev,Red,Lightweight,MALE,3,0,0,4,6,1,2,8,6,5,3,33,24,3,0,6,3,0,0,180.34,172.72,177.8,180.34,36,32,6.48,4.71,0.58,0.52,0.0,0.0,0.33,0.83,0.4,0.66,Orthodox,Switch,13,9
2025-03-08,Jalin Turner,Ignacio Bahamondes,Blue,Lightweight,MALE,3,0,2,5,3,1,0,8,6,5,2,23,19,0,0,5,4,3,1,190.5,190.5,195.58,190.5,29,27,5.79,5.99,0.48,0.46,1.1,0.6,0.75,0.0,0.55,0.0,Southpaw,Orthodox,13,8
2025-03-08,King Green,Mauricio Ruffy,Blue,Lightweight,MALE,3,0,3,8,3,1,0,17,3,13,0,76,7,0,0,3,2,4,0,177.8,180.34,180.34,190.5,38,28,6.38,4.19,0.53,0.58,0.3,0.0,1.31,0.0,0.42,0.0,Orthodox,Orthodox,30,3
2025-03-08,Brunno Ferreira,Armen Petrosyan,Red,Middleweight,MALE,3,0,0,2,2,1,2,4,4,2,3,8,16,0,0,4,1,0,0,177.8,190.5,182.88,180.34,32,34,3.77,5.84,0.5,0.53,0.8,0.0,1.25,0.17,0.23,0.33,Orthodox,Orthodox,6,7
2025-03-01,Cody Brundage,Julian Marquez,Red,Middleweight,MALE,3,0,0,2,2,1,3,4,4,6,4,17,16,0,0,2,1,1,3,182.88,187.96,182.88,182.88,30,34,2.26,5.06,0.48,0.45,0.5,2.6,1.88,0.0,0.41,0.0,Orthodox,Orthodox,10,8
2025-03-01,Nasrat Haqparast,Esteban Ribovics,Red,Lightweight,MALE,3,4,3,4,3,0,0,9,4,4,1,34,11,0,0,2,2,0,0,177.8,177.8,182.88,175.26,29,28,6.36,8.09,0.45,0.43,0.0,0.2,0.34,0.39,0.2,0.66,Southpaw,Orthodox,13,5
2025-03-01,Hyder Amil,William Gomis,Red,Featherweight,MALE,3,3,4,3,4,0,0,3,4,0,0,6,12,0,0,2,1,0,0,175.26,182.88,177.8,185.42,34,27,5.81,3.48,0.52,0.49,0.8,0.3,0.56,0.86,0.18,0.38,Switch,Southpaw,3,4
2025-03-01,Danny Barlow,Sam Patterson,Blue,Welterweight,MALE,3,3,2,3,2,0,0,3,3,0,1,7,5,0,0,2,0,0,3,187.96,190.5,200.66,198.12,29,28,5.81,2.62,0.51,0.37,0.0,1.6,0.0,0.82,0.0,0.5,Southpaw,Orthodox,3,4
2025-03-01,Ricardo Ramos,Chepe Mariscal,Blue,Featherweight,MALE,3,1,4,3,4,0,0,8,4,5,0,27,11,0,0,2,1,1,0,175.26,170.18,182.88,175.26,29,32,2.91,4.14,0.36,0.55,1.0,0.2,2.51,2.34,0.57,0.39,Orthodox,Orthodox,13,4
2025-03-01,Danny Silva,Lucas Almeida,Red,Featherweight,MALE,3,2,1,2,1,0,0,2,2,0,3,6,12,0,0,0,1,0,0,170.18,180.34,175.26,180.34,28,34,6.35,4.94,0.54,0.39,0.2,0.0,2.06,0.0,0.36,0.0,Switch,Orthodox,2,5
2025-02-22,Henry Cejudo,Song Yadong,Blue,Bantamweight,MALE,5,0,0,6,4,2,1,10,10,4,3,40,39,6,0,4,5,0,1,162.56,172.72,162.56,170.18,38,27,3.83,4.42,0.47,0.43,0.1,0.1,1.78,0.78,0.29,0.39,Orthodox,Orthodox,14,13
2025-02-22,Brendan Allen,Anthony Hernandez,Blue,Middleweight,MALE,3,0,6,7,6,1,0,13,7,3,2,36,24,0,0,1,2,8,4,187.96,182.88,190.5,190.5,29,31,3.59,4.57,0.53,0.6,1.1,1.6,1.56,5.88,0.42,0.48,Orthodox,Orthodox,16,9
2025-02-22,Jean Silva,Melsik Baghdasaryan,Red,Featherweight,MALE,3,4,1,4,3,0,0,4,4,0,1,9,13,0,0,3,1,0,0,170.18,175.26,175.26,177.8,28,33,4.82,5.04,0.51,0.59,0.6,0.0,1.2,0.0,0.6,0.0,Orthodox,Southpaw,4,5
2025-02-22,Ion Cutelaba,Ibo Aslan,Red,Light Heavyweight,MALE,3,1,3,2,3,0,0,7,3,9,0,33,5,0,0,4,3,0,0,185.42,190.5,190.5,195.58,31,28,4.23,5.75,0.43,0.48,0.2,0.0,3.76,0.0,0.49,0.0,Southpaw,Orthodox,16,3
2025-02-22,Andre Fili,Melquizael Costa,Blue,Featherweight,MALE,3,1,1,2,1,0,0,12,2,10,2,54,10,0,0,4,0,0,1,180.34,177.8,187.96,180.34,34,28,3.88,4.38,0.37,0.49,0.2,1.1,2.32,2.0,0.46,0.4,Orthodox,Southpaw,22,4
2025-02-22,Ricky Simon,Javid Basharat,Red,Bantamweight,MALE,3,0,0,5,4,3,1,9,4,5,1,39,17,0,0,1,0,3,1,167.64,175.26,175.26,175.26,32,29,3.03,5.18,0.42,0.54,0.3,0.1,4.49,1.83,0.41,0.4,Orthodox,Orthodox,14,5
2025-02-15,Jared Cannonier,Gregory Rodrigues,Red,Middleweight,MALE,5,0,3,3,3,2,0,10,7,8,3,54,20,1,0,6,5,0,0,180.34,190.5,195.58,190.5,40,32,4.42,5.53,0.49,0.51,0.0,0.4,0.54,1.9,0.4,0.34,Switch,Orthodox,18,10
2025-02-15,Calvin Kattar,Youssef Zalal,Blue,Featherweight,MALE,3,0,3,2,3,3,0,7,6,6,3,41,26,0,0,4,0,0,3,180.34,177.8,182.88,182.88,36,28,4.41,3.03,0.37,0.5,0.1,1.4,0.34,2.17,0.29,0.31,Orthodox,Switch,13,9
2025-02-15,Edmen Shahbazyan,Dylan Budka,Red,Middleweight,MALE,3,0,0,5,1,1,2,7,1,5,2,23,8,0,0,5,0,1,0,187.96,182.88,190.5,190.5,27,25,3.8,1.06,0.48,0.38,0.4,0.4,1.62,1.93,0.37,0.38,Orthodox,Switch,12,3
2025-02-15,Ismael Bonfim,Nazim Sadykhov,Blue,Lightweight,MALE,3,1,3,2,3,0,0,3,3,1,0,9,11,0,0,1,2,0,1,172.72,177.8,180.34,175.26,29,30,5.51,4.79,0.54,0.49,0.0,0.2,1.06,1.1,0.33,0.45,Orthodox,Southpaw,4,3
2025-02-15,Rodolfo Vieira,Andre Petroski,Blue,Middleweight,MALE,3,2,2,2,5,0,0,5,7,2,2,14,22,0,0,0,1,5,2,182.88,182.88,185.42,185.42,35,33,3.55,2.81,0.53,0.49,0.9,1.3,2.7,3.15,0.21,0.51,Orthodox,Switch,7,9
2025-02-15,Gabriel Bonfim,Khaos Williams,Red,Welterweight,MALE,3,1,2,3,2,0,0,4,6,1,2,8,18,0,0,0,4,3,0,185.42,182.88,182.88,195.58,27,30,4.61,4.94,0.46,0.39,1.4,0.0,3.6,0.0,0.55,0.0,Orthodox,Orthodox,5,8
2025-02-08,Dricus Du Plessis,Sean Strickland,Red,Middleweight,MALE,5,8,1,8,6,0,0,8,16,0,6,22,71,3,2,4,4,2,1,185.42,185.42,193.04,193.04,31,33,5.18,6.04,0.48,0.42,0.7,0.2,2.22,0.71,0.51,0.64,Switch,Orthodox,8,22
2025-02-08,Jimmy Crute,Rodolfo Bellato,Draw,Light Heavyweight,MALE,3,0,2,3,2,3,0,5,2,4,1,15,6,0,0,3,2,2,0,187.96,190.5,187.96,190.5,28,29,4.15,5.37,0.52,0.6,2.0,0.2,4.39,1.38,0.52,0.35,Orthodox,Orthodox,9,3
2025-02-08,Jake Matthews,Francisco Prado,Red,Welterweight,MALE,3,1,0,3,1,0,1,13,1,7,2,50,7,0,0,2,1,5,0,180.34,177.8,185.42,175.26,30,22,3.34,4.09,0.43,0.43,0.8,0.5,1.44,0.94,0.41,0.19,Orthodox,Orthodox,20,3
2025-02-08,Jack Jenkins,Gabriel Santos,Blue,Featherweight,MALE,3,1,1,3,1,0,0,4,1,1,2,14,8,0,0,2,0,0,0,170.18,175.26,172.72,177.8,31,28,4.48,4.35,0.61,0.6,0.2,1.2,1.98,3.8,0.6,0.54,Switch,Orthodox,5,3
2025-02-08,Tom Nolan,Viacheslav Borshchev,Red,Lightweight,MALE,3,2,1,2,2,0,0,3,4,1,3,6,19,0,0,2,3,0,0,190.5,180.34,185.42,175.26,24,33,5.87,5.1,0.45,0.5,1.9,0.1,0.74,0.0,0.22,0.0,Southpaw,Orthodox,4,7
2025-02-01,Israel Adesanya,Nassourdine Imavov,Blue,Middleweight,MALE,5,0,3,9,3,2,0,13,7,4,2,64,32,12,0,5,3,0,0,193.04,190.5,203.2,190.5,35,28,4.03,4.28,0.48,0.54,0.1,1.0,0.05,0.74,0.09,0.32,Switch,Orthodox,17,9
2025-02-01,Shara Magomedov,Michael Page,Blue,Middleweight,MALE,3,4,0,4,1,0,1,4,1,0,1,11,6,0,0,2,0,0,0,187.96,190.5,185.42,200.66,30,37,5.93,2.28,0.62,0.58,0.0,0.0,0.0,0.19,0.0,0.16,Orthodox,Switch,4,2
2025-02-01,Said Nurmagomedov,Vinicius Oliveira,Blue,Bantamweight,MALE,3,1,3,4,3,0,0,7,3,2,0,18,7,0,0,2,2,3,0,172.72,175.26,177.8,177.8,32,29,3.08,4.73,0.48,0.43,1.1,0.2,0.86,1.45,0.15,0.46,Orthodox,Switch,9,3
2025-02-01,Fares Ziam,Mike Davis,Red,Lightweight,MALE,3,4,4,4,4,0,0,6,4,2,2,22,16,0,0,1,1,0,1,185.42,182.88,190.5,182.88,27,32,2.87,4.73,0.52,0.53,0.5,0.8,1.73,2.4,0.4,0.44,Orthodox,Orthodox,8,6
2025-02-01,Terrance McKinney,Damir Hadzovic,Red,Lightweight,MALE,3,0,0,2,2,1,1,5,4,5,5,13,22,0,0,3,2,2,0,177.8,175.26,185.42,177.8,30,38,6.53,3.34,0.55,0.47,2.1,0.1,3.31,0.91,0.4,0.54,Switch,Orthodox,10,9
2025-02-01,Bogdan Grad,Lucas Alexander,Red,Featherweight,MALE,3,1,0,1,1,0,1,1,1,1,2,4,5,0,0,0,0,0,0,172.72,180.34,177.8,185.42,29,29,4.06,4.69,0.51,0.57,0.0,0.0,4.22,0.0,0.4,0.0,Orthodox,Orthodox,2,3
2025-01-18,Islam Makhachev,Renato Moicano,Red,Lightweight,MALE,5,14,4,14,4,0,0,15,12,1,5,39,37,5,0,3,2,7,6,177.8,180.34,177.8,182.88,33,35,2.45,4.17,0.58,0.48,1.0,0.5,3.1,1.67,0.56,0.41,Southpaw,Orthodox,16,17
2025-01-18,Merab Dvalishvili,Umar Nurmagomedov,Red,Bantamweight,MALE,5,11,6,11,6,0,0,11,6,2,0,42,15,4,0,1,1,0,2,167.64,172.72,172.72,175.26,34,29,4.42,3.86,0.41,0.56,0.3,0.2,5.97,4.03,0.35,0.46,Orthodox,Orthodox,13,6
2025-01-18,Jiri Prochazka,Jamahal Hill,Red,Light Heavyweight,MALE,3,0,0,3,4,1,1,4,7,2,2,15,21,3,2,3,5,1,0,190.5,193.04,203.2,200.66,32,33,5.69,6.19,0.55,0.51,0.2,0.0,0.51,0.0,0.6,0.0,Orthodox,Southpaw,6,9
2025-01-18,Payton Talbott,Raoni Barcelos,Blue,Bantamweight,MALE,3,4,1,4,5,0,0,4,7,0,4,9,29,0,0,2,2,1,2,177.8,170.18,177.8,170.18,26,37,6.62,4.92,0.56,0.51,0.2,0.6,0.78,2.22,0.44,0.31,Switch,Orthodox,4,11
2025-01-18,Grant Dawson,Diego Ferreira,Red,Lightweight,MALE,3,2,2,6,6,0,0,11,10,1,5,33,33,0,0,2,5,5,2,177.8,175.26,182.88,187.96,30,40,3.21,4.7,0.52,0.39,1.1,0.6,3.81,0.82,0.39,0.3,Switch,Orthodox,12,15
2025-01-18,Rinya Nakamura,Muin Gafurov,Blue,Bantamweight,MALE,3,5,1,5,1,0,0,5,1,0,3,9,10,1,0,2,0,1,0,170.18,170.18,172.72,172.72,29,28,3.27,3.36,0.52,0.47,1.4,0.0,2.58,1.57,0.81,0.28,Southpaw,Orthodox,5,4
2025-01-11,Santiago Ponzinibbio,Carlston Harris,Red,Welterweight,MALE,3,0,0,7,2,2,1,11,4,7,2,44,10,0,0,6,1,0,2,182.88,182.88,185.42,193.04,38,37,4.78,3.79,0.41,0.43,0.0,0.6,0.6,1.46,0.27,0.22,Orthodox,Orthodox,18,6
2025-01-11,Cesar Almeida,Abdul Razak Alhassan,Red,Middleweight,MALE,3,1,0,2,3,0,1,3,6,1,6,11,23,0,0,1,6,0,0,185.42,177.8,187.96,185.42,36,39,3.46,3.64,0.58,0.49,0.2,0.2,0.0,0.84,0.0,0.33,Orthodox,Orthodox,4,12
2025-01-11,Chris Curtis,Roman Kopylov,Blue,Middleweight,MALE,3,0,1,4,4,1,0,6,5,3,3,27,20,0,0,4,4,0,0,177.8,182.88,190.5,190.5,37,32,5.52,4.59,0.5,0.5,0.0,0.0,0.0,1.14,0.0,0.47,Orthodox,Southpaw,9,8
2025-01-11,Punahele Soriano,Uros Medic,Red,Welterweight,MALE,3,1,1,3,2,0,0,5,5,4,2,20,11,0,0,3,5,0,0,180.34,185.42,182.88,180.34,32,31,4.42,5.59,0.53,0.6,0.1,0.0,1.97,0.34,0.51,0.5,Southpaw,Southpaw,9,7
2025-01-11,Marco Tulio,Ihor Potieria,Red,Middleweight,MALE,3,2,0,2,1,0,2,2,3,0,5,5,14,0,0,1,2,0,0,182.88,190.5,187.96,190.5,30,28,6.69,4.44,0.58,0.5,0.3,0.0,1.42,0.73,0.26,0.18,Orthodox,Southpaw,2,8
2025-01-11,Thiago Moises,Trey Ogden,Red,Lightweight,MALE,3,0,2,3,2,1,0,8,3,6,2,34,18,0,0,2,0,3,0,175.26,180.34,177.8,182.88,29,35,2.48,3.2,0.42,0.5,1.1,0.7,1.31,1.89,0.35,0.32,Orthodox,Orthodox,14,5
2025-01-11,Magomed Gadzhiyasulov,Bruno Lopes,Blue,Light Heavyweight,MALE,3,2,1,2,1,0,0,2,1,0,1,6,3,0,0,0,1,0,0,187.96,187.96,190.5,187.96,31,31,2.89,2.88,0.49,0.43,0.0,0.0,3.67,1.93,0.73,0.21,Orthodox,Orthodox,2,2
2025-01-11,Nurullo Aliev,Joe Solecki,Red,Lightweight,MALE,3,2,0,2,4,0,2,2,6,0,3,4,20,0,0,1,0,0,3,177.8,175.26,182.88,177.8,24,31,2.72,1.97,0.44,0.53,0.3,1.4,2.12,2.06,0.43,0.48,Orthodox,Orthodox,2,9
2024-12-14,Colby Covington,Joaquin Buckley,Blue,Welterweight,MALE,5,0,5,7,5,1,0,12,10,4,4,58,34,4,0,3,7,2,0,180.34,177.8,182.88,193.04,36,30,3.88,4.13,0.38,0.36,0.2,0.0,3.79,1.96,0.44,0.46,Orthodox,Southpaw,16,14
2024-12-14,Cub Swanson,Billy Quarantillo,Red,Featherweight,MALE,3,0,0,6,4,1,1,19,7,13,4,82,28,0,0,6,4,2,1,172.72,177.8,177.8,177.8,41,36,4.67,7.36,0.5,0.56,0.4,1.1,1.04,1.24,0.5,0.23,Orthodox,Orthodox,32,11
2024-12-14,Vitor Petrino,Dustin Jacoby,Blue,Light Heavyweight,MALE,3,0,0,5,4,1,2,5,8,1,6,14,35,0,0,2,4,1,0,187.96,190.5,195.58,193.04,27,36,2.82,5.5,0.45,0.47,0.8,0.0,3.98,0.36,0.66,0.25,Orthodox,Orthodox,6,14
2024-12-14,Adrian Yanez,Daniel Marcos,Blue,Bantamweight,MALE,3,1,4,6,4,0,0,7,4,2,0,15,13,0,0,6,1,0,0,170.18,170.18,177.8,175.26,31,31,6.51,5.94,0.41,0.52,0.0,0.0,0.0,0.25,0.0,0.5,Orthodox,Orthodox,9,4
2024-12-14,Michael Johnson,Ottman Azaitar,Red,Lightweight,MALE,3,1,0,4,2,0,2,14,2,15,2,74,4,1,0,5,2,0,0,177.8,172.72,185.42,180.34,38,34,4.27,5.73,0.39,0.51,0.0,0.0,0.62,0.0,0.41,0.0,Southpaw,Switch,29,4
2024-12-14,Joel Alvarez,Drakkar Klose,Red,Lightweight,MALE,3,2,4,4,4,0,0,6,9,2,2,15,29,0,0,3,2,3,0,190.5,175.26,195.58,177.8,31,36,4.39,4.37,0.52,0.55,1.2,0.0,0.0,1.58,0.0,0.26,Orthodox,Orthodox,8,11
2024-12-14,Sean Woodson,Fernando Padilla,Red,Featherweight,MALE,3,5,1,3,1,0,0,7,2,1,1,24,5,0,0,2,1,0,1,187.96,185.42,198.12,193.04,32,27,5.58,6.48,0.46,0.42,0.4,0.8,0.66,0.0,0.62,0.0,Orthodox,Orthodox,8,3
2024-12-14,Davey Grant,Ramon Taveras,Red,Bantamweight,MALE,3,0,2,3,2,1,0,6,2,6,1,32,5,1,0,3,1,1,0,172.72,172.72,175.26,177.8,38,30,4.77,4.63,0.42,0.45,0.2,0.0,1.26,0.0,0.41,0.0,Orthodox,Southpaw,12,3
2024-12-07,Shavkat Rakhmonov,Ian Machado Garry,Red,Welterweight,MALE,3,6,8,6,8,0,0,6,8,0,0,11,20,0,0,1,3,5,0,185.42,190.5,195.58,187.96,30,27,4.12,5.5,0.61,0.55,1.8,0.3,1.49,0.77,0.29,0.55,Orthodox,Orthodox,6,8
2024-12-07,Bryce Mitchell,Kron Gracie,Red,Featherweight,MALE,3,0,0,6,1,1,2,7,1,2,2,22,7,0,0,0,0,1,1,177.8,175.26,177.8,177.8,30,36,2.3,3.74,0.58,0.44,1.6,0.5,3.45,0.47,0.41,0.25,Southpaw,Southpaw,9,3
2024-12-07,Nate Landwehr,Dooho Choi,Blue,Featherweight,MALE,3,1,1,3,3,0,0,5,4,3,3,17,15,0,0,1,4,2,0,175.26,177.8,182.88,177.8,36,33,6.25,4.41,0.46,0.53,1.0,0.8,1.0,0.75,0.41,0.37,Orthodox,Orthodox,8,7
2024-12-07,Dominick Reyes,Anthony Smith,Red,Light Heavyweight,MALE,3,1,0,6,3,0,1,7,15,4,12,21,63,2,1,4,7,1,6,193.04,193.04,195.58,193.04,34,36,4.87,3.24,0.5,0.49,0.3,0.6,0.35,0.46,0.28,0.26,Southpaw,Orthodox,11,27
2024-12-07,Vicente Luque,Themba Gorimbo,Red,Welterweight,MALE,3,0,4,6,4,1,0,15,4,6,1,47,12,0,0,8,1,5,0,180.34,185.42,190.5,195.58,33,33,5.07,3.11,0.52,0.61,0.6,0.6,1.0,4.89,0.53,0.65,Orthodox,Orthodox,21,5
2024-12-07,Movsar Evloev,Aljamain Sterling,Red,Featherweight,MALE,3,8,1,8,9,0,0,8,16,0,4,24,57,0,5,0,2,0,4,170.18,170.18,182.88,180.34,30,35,4.43,4.61,0.48,0.52,0.2,0.7,4.75,2.31,0.46,0.27,Orthodox,Orthodox,8,20
2024-12-07,Randy Brown,Bryan Battle,Blue,Welterweight,MALE,3,3,3,4,3,0,0,13,6,5,1,43,16,0,0,3,3,3,2,190.5,185.42,198.12,195.58,34,30,4.38,5.44,0.47,0.53,0.6,0.5,0.72,0.96,0.39,0.23,Orthodox,Orthodox,18,7
2024-12-07,Michael Chiesa,Max Griffin,Red,Welterweight,MALE,3,1,1,4,3,0,0,12,8,7,8,41,44,1,0,0,3,7,0,185.42,180.34,190.5,193.04,37,39,1.86,3.92,0.4,0.49,1.0,0.3,3.35,1.45,0.51,0.41,Southpaw,Orthodox,19,16
2024-12-07,Clay Guida,Chase Hooper,Blue,Lightweight,MALE,3,0,3,4,3,2,0,20,7,19,3,105,23,2,0,2,2,5,3,170.18,185.42,177.8,187.96,42,25,2.64,5.08,0.33,0.52,0.6,2.3,3.13,1.45,0.36,0.24,Orthodox,Southpaw,39,10
2024-11-23,Petr Yan,Deiveson Figueiredo,Red,Bantamweight,MALE,5,1,3,7,5,0,0,9,13,4,3,45,44,4,6,4,4,0,4,170.18,165.1,170.18,172.72,31,36,5.11,2.91,0.54,0.54,0.1,1.4,1.61,1.62,0.49,0.34,Switch,Orthodox,13,16
2024-11-23,Song Kenan,Muslim Salikhov,Blue,Welterweight,MALE,3,1,1,2,5,0,0,6,7,4,4,23,26,0,0,3,3,0,0,182.88,180.34,180.34,177.8,34,40,4.49,3.38,0.46,0.49,0.0,0.0,0.42,1.08,0.3,0.32,Orthodox,Orthodox,10,11
2024-11-23,Volkan Oezdemir,Carlos Ulberg,Blue,Light Heavyweight,MALE,3,2,6,3,6,0,0,8,7,6,1,31,13,1,0,4,5,1,1,187.96,193.04,190.5,195.58,35,34,4.95,7.2,0.48,0.56,0.1,0.2,0.5,0.72,0.29,0.75,Orthodox,Orthodox,14,8
2024-11-23,Baergeng Jieleyisi,SuYoung You,Blue,Bantamweight,MALE,3,2,2,2,2,0,0,2,2,1,0,8,6,0,0,0,0,1,0,175.26,167.64,177.8,165.1,28,28,1.75,2.11,0.38,0.42,0.3,0.3,1.65,4.67,0.75,0.58,Orthodox,Orthodox,3,2
2024-11-23,Maheshate,Nikolas Motta,Blue,Lightweight,MALE,3,1,1,2,1,0,0,3,3,2,2,12,11,0,0,1,2,0,0,182.88,175.26,180.34,177.8,24,31,3.86,3.64,0.29,0.37,0.0,0.0,0.0,0.0,0.0,0.0,Orthodox,Orthodox,5,5
2024-11-16,Charles Oliveira,Michael Chandler,Red,Lightweight,MALE,3,0,0,11,3,1,1,22,4,10,3,63,14,3,1,4,3,16,1,177.8,172.72,187.96,180.34,35,38,3.4,4.49,0.55,0.5,2.7,0.6,2.25,1.59,0.4,0.37,Orthodox,Orthodox,32,7
2024-11-16,Bo Nickal,Paul Craig,Red,Middleweight,MALE,3,5,0,5,4,0,2,5,9,0,8,6,34,0,0,1,3,4,6,185.42,190.5,193.04,193.04,28,36,2.65,2.52,0.63,0.44,3.6,1.4,3.61,1.52,0.5,0.2,Southpaw,Orthodox,5,17
2024-11-16,Jonathan Martinez,Marcus McGhee,Blue,Bantamweight,MALE,3,0,3,6,3,1,0,10,3,4,0,39,5,0,0,4,2,0,1,172.72,172.72,177.8,175.26,30,34,4.44,6.06,0.49,0.48,0.1,0.5,0.38,0.46,0.35,0.33,Southpaw,Orthodox,14,3
2024-11-16,Jim Miller,Damon Jackson,Red,Lightweight,MALE,3,0,0,7,4,1,1,26,6,17,5,99,30,0,0,6,1,12,2,172.72,180.34,180.34,180.34,41,36,2.99,2.96,0.42,0.42,1.7,1.2,1.52,2.3,0.44,0.32,Southpaw,Switch,43,11
2024-11-16,Mickey Gall,Ramiz Brahimaj,Blue,Welterweight,MALE,3,0,0,3,1,3,1,6,2,6,3,24,11,0,0,0,0,5,2,187.96,177.8,187.96,182.88,32,31,3.5,2.26,0.49,0.44,1.6,1.5,1.15,1.51,0.32,0.35,Switch,Orthodox,12,5
2024-11-16,Bassil Hafez,Oban Elliott,Blue,Welterweight,MALE,3,1,3,1,3,0,0,1,3,1,0,6,9,0,0,0,0,0,0,180.34,182.88,182.88,182.88,32,26,3.71,4.26,0.38,0.49,0.0,0.0,2.21,2.16,0.24,0.5,Orthodox,Orthodox,2,3
2024-11-09,Neil Magny,Carlos Prates,Blue,Welterweight,MALE,5,0,4,7,4,1,0,22,4,11,0,88,7,0,0,6,4,2,0,190.5,185.42,203.2,198.12,37,31,3.43,4.39,0.46,0.57,0.2,0.0,2.12,0.44,0.38,1.0,Orthodox,Switch,33,4
2024-11-09,Gaston Bolanos,Cortavious Romious,Red,Bantamweight,MALE,3,0,1,1,1,1,0,1,1,1,1,5,4,0,0,0,0,0,0,170.18,162.56,175.26,172.72,32,30,3.74,2.1,0.5,0.37,0.0,1.0,0.78,1.97,1.0,0.66,Orthodox,Southpaw,2,2
2024-11-09,Matthew Semelsberger,Charles Radtke,Blue,Welterweight,MALE,3,0,0,2,2,3,1,5,2,5,1,26,5,0,0,2,1,0,0,185.42,175.26,190.5,182.88,31,34,3.77,3.38,0.42,0.53,0.4,0.0,1.01,0.59,0.57,0.12,Switch,Orthodox,10,3
2024-11-09,Cody Stamann,Da'Mon Blackshear,Blue,Bantamweight,MALE,3,0,0,3,2,2,2,7,2,6,3,37,13,0,0,1,1,0,1,167.64,177.8,162.56,182.88,35,30,4.32,4.3,0.46,0.47,0.0,1.4,2.17,2.17,0.37,0.37,Orthodox,Switch,13,5
2024-11-02,Caio Machado,Brendson Ribeiro,Blue,Light Heavyweight,MALE,3,0,0,1,1,2,2,1,1,2,2,9,5,0,0,0,1,0,0,193.04,190.5,198.12,205.74,30,28,5.82,3.16,0.53,0.42,0.0,0.4,0.0,1.27,0.0,0.5,Southpaw,Orthodox,3,3
2024-11-02,Marc-Andre Barriault,Dustin Stoltzfus,Blue,Middleweight,MALE,3,0,0,2,1,2,1,5,3,7,5,31,17,0,0,2,1,1,1,185.42,182.88,187.96,190.5,34,32,5.98,3.47,0.47,0.44,0.1,1.1,0.21,2.31,0.25,0.41,Orthodox,Orthodox,12,8
2024-11-02,Mike Malott,Trevin Giles,Red,Welterweight,MALE,3,0,0,4,3,1,2,4,7,1,6,8,32,0,0,1,3,3,0,185.42,182.88,185.42,187.96,32,32,3.85,3.17,0.46,0.54,0.8,0.3,2.27,1.07,0.56,0.5,Orthodox,Orthodox,5,13
2024-11-02,Aiemann Zahabi,Pedro Munhoz,Red,Bantamweight,MALE,3,4,0,4,4,0,2,5,10,2,9,17,51,0,0,2,3,0,3,172.72,167.64,172.72,165.1,36,38,4.06,5.38,0.46,0.41,0.0,0.5,0.16,0.48,0.14,0.16,Orthodox,Orthodox,7,19
2024-11-02,Charles Jourdain,Victor Henry,Red,Bantamweight,MALE,3,0,2,2,2,2,0,6,3,7,1,36,14,0,0,2,1,2,0,175.26,170.18,175.26,172.72,28,37,5.43,7.66,0.48,0.53,0.6,0.4,0.34,0.84,0.21,0.36,Switch,Switch,13,4
2024-11-02,Jack Shore,Youssef Zalal,Blue,Featherweight,MALE,3,0,2,5,3,1,0,6,5,2,3,20,24,0,0,0,0,3,2,172.72,177.8,180.34,182.88,29,28,3.6,2.84,0.58,0.49,0.6,1.5,3.22,2.34,0.39,0.35,Orthodox,Switch,8,8
2024-11-02,Serhiy Sidey,Garrett Armfield,Red,Bantamweight,MALE,3,0,0,1,2,1,1,1,2,1,2,4,9,0,0,1,1,0,0,180.34,167.64,182.88,177.8,28,28,4.87,5.35,0.39,0.53,1.4,0.6,0.0,1.1,0.0,0.5,Switch,Orthodox,2,4
2024-11-02,Chad Anheliger,Cody Gibson,Blue,Bantamweight,MALE,3,1,1,2,1,0,0,3,2,2,5,15,16,0,0,1,1,0,1,167.64,177.8,162.56,180.34,37,37,3.11,3.47,0.46,0.44,0.5,0.7,0.68,2.18,0.3,0.4,Orthodox,Orthodox,5,7
2024-10-26,Ilia Topuria,Max Holloway,Red,Featherweight,MALE,5,7,3,7,13,0,0,7,22,0,7,16,98,1,9,4,11,1,2,170.18,180.34,175.26,175.26,27,32,4.69,7.16,0.47,0.47,1.1,0.3,2.02,0.25,0.61,0.53,Orthodox,Orthodox,7,29
2024-10-26,Robert Whittaker,Khamzat Chimaev,Blue,Middleweight,MALE,3,2,7,9,7,0,0,17,7,5,0,64,12,4,0,6,2,0,3,182.88,187.96,185.42,190.5,33,30,4.54,5.36,0.43,0.58,0.0,2.8,0.8,4.31,0.38,0.46,Orthodox,Orthodox,22,7
2024-10-26,Magomed Ankalaev,Aleksandar Rakic,Red,Light Heavyweight,MALE,3,10,0,9,4,0,2,10,6,1,3,33,22,1,0,6,2,0,0,190.5,193.04,190.5,198.12,32,32,3.64,4.16,0.52,0.5,0.0,0.1,0.92,0.66,0.31,0.23,Orthodox,Orthodox,11,9
2024-10-26,Lerone Murphy,Dan Ige,Red,Featherweight,MALE,3,6,0,6,6,0,1,6,11,0,7,20,49,0,0,2,4,0,2,175.26,170.18,185.42,180.34,33,33,4.8,3.66,0.54,0.45,0.6,0.2,1.78,0.99,0.54,0.26,Orthodox,Orthodox,6,18
2024-10-26,Shara Magomedov,Armen Petrosyan,Red,Middleweight,MALE,3,3,0,3,2,0,1,3,4,0,2,9,14,0,0,1,1,0,0,187.96,190.5,185.42,180.34,30,33,6.82,5.95,0.65,0.52,0.0,0.0,0.0,0.19,0.0,0.33,Orthodox,Orthodox,3,6
2024-10-26,Geoff Neal,Rafael Dos Anjos,Red,Welterweight,MALE,3,0,0,6,5,2,2,8,21,4,14,30,111,0,4,5,4,1,5,180.34,172.72,190.5,177.8,34,40,5.05,3.48,0.51,0.47,0.1,0.6,0.56,1.95,0.5,0.35,Southpaw,Southpaw,12,35
2024-10-26,Abus Magomedov,Brunno Ferreira,Red,Middleweight,MALE,3,1,2,1,2,0,0,2,4,2,1,9,5,0,0,1,4,0,0,187.96,177.8,198.12,182.88,34,31,2.65,3.76,0.44,0.5,0.3,0.5,3.12,0.5,0.64,0.16,Orthodox,Orthodox,4,5
2024-10-26,Farid Basharat,Victor Hugo,Red,Featherweight,MALE,3,4,2,4,2,0,0,4,2,0,0,10,5,0,0,0,0,1,1,172.72,170.18,180.34,180.34,27,31,4.36,3.27,0.55,0.44,0.5,1.2,3.97,0.81,0.44,0.33,Orthodox,Orthodox,4,2
2024-10-26,Ismail Naurdiev,Bruno Silva,Red,Middleweight,MALE,3,0,0,1,3,1,3,2,4,2,5,12,19,0,0,0,4,0,0,177.8,182.88,187.96,187.96,28,35,3.41,3.85,0.53,0.47,0.2,0.0,1.6,0.78,0.4,0.23,Orthodox,Orthodox,4,9
2024-10-19,Anthony Hernandez,Michel Pereira,Red,Middleweight,MALE,5,5,8,5,8,0,0,6,9,2,2,19,25,0,0,1,2,4,3,182.88,185.42,190.5,185.42,31,31,4.9,4.46,0.63,0.53,2.3,0.8,6.64,1.27,0.44,0.52,Orthodox,Orthodox,8,11
2024-10-19,Rob Font,Kyler Phillips,Red,Bantamweight,MALE,3,0,3,4,4,2,0,10,7,7,1,46,21,0,0,6,2,1,1,172.72,172.72,180.34,182.88,37,29,5.44,5.28,0.45,0.44,0.3,0.4,0.84,2.63,0.34,0.51,Orthodox,Orthodox,17,8
2024-10-19,Darren Elkins,Daniel Pineda,Red,Featherweight,MALE,3,1,0,6,2,0,2,18,5,10,7,72,27,0,0,4,1,3,4,177.8,170.18,180.34,175.26,40,39,3.4,2.85,0.38,0.49,1.1,1.5,2.86,1.42,0.34,0.24,Orthodox,Orthodox,28,12
2024-10-19,Brad Katona,Jean Matsumoto,Blue,Bantamweight,MALE,3,1,2,2,2,0,0,4,2,3,0,21,5,1,0,0,0,0,1,167.64,167.64,162.56,172.72,32,25,4.84,5.2,0.52,0.4,0.0,0.4,1.88,1.13,0.34,0.27,Orthodox,Orthodox,7,2
2024-10-12,Brad Tavares,JunYong Park,Blue,Middleweight,MALE,3,0,0,5,4,1,1,15,7,9,3,65,24,0,0,2,0,0,3,185.42,177.8,187.96,185.42,36,33,3.43,4.77,0.43,0.51,0.0,0.9,0.74,1.85,0.26,0.47,Orthodox,Orthodox,24,10
2024-10-12,Chidi Njokuani,Jared Gooden,Red,Welterweight,MALE,3,1,1,3,1,0,0,4,2,3,4,14,15,0,0,3,1,0,1,190.5,182.88,203.2,195.58,35,30,4.59,4.4,0.63,0.48,0.2,0.4,0.0,0.91,0.0,0.45,Orthodox,Orthodox,7,6
2024-10-12,Grant Dawson,Rafa Garcia,Red,Lightweight,MALE,3,1,2,6,2,0,0,10,4,1,3,31,20,0,0,1,0,5,1,177.8,170.18,182.88,177.8,30,30,3.15,3.97,0.52,0.42,1.2,0.3,3.65,3.38,0.38,0.44,Switch,Orthodox,11,7
2024-10-12,Daniel Rodriguez,Alex Morono,Red,Welterweight,MALE,3,0,0,4,4,3,1,8,13,4,7,29,53,0,0,2,2,1,2,185.42,180.34,187.96,182.88,37,34,7.5,4.96,0.49,0.4,0.1,0.3,0.59,0.34,0.54,0.25,Southpaw,Orthodox,12,20
2024-10-12,Jonathan Pearce,Pat Sabatini,Blue,Featherweight,MALE,3,0,0,5,4,2,1,6,5,3,2,21,14,0,0,3,0,1,2,182.88,172.72,180.34,177.8,32,33,5.12,1.94,0.54,0.59,0.8,2.0,5.02,3.97,0.5,0.44,Switch,Orthodox,9,7
2024-10-12,Themba Gorimbo,Niko Price,Red,Welterweight,MALE,3,3,1,3,2,0,0,3,8,1,7,9,34,0,0,1,4,0,2,185.42,182.88,195.58,193.04,33,35,3.11,5.21,0.61,0.42,0.6,0.7,4.89,1.04,0.65,0.29,Orthodox,Orthodox,4,15
2024-10-05,Alex Pereira,Khalil Rountree Jr.,Red,Light Heavyweight,MALE,5,4,5,4,5,0,0,8,9,1,5,21,29,5,1,6,7,0,0,193.04,185.42,200.66,193.04,37,34,5.46,3.73,0.63,0.38,0.3,0.1,0.14,0.0,1.0,0.0,Orthodox,Southpaw,9,14
2024-10-05,Jose Aldo,Mario Bautista,Blue,Bantamweight,MALE,3,1,6,15,6,0,0,22,8,7,2,90,20,15,0,11,1,0,3,170.18,175.26,177.8,175.26,38,31,3.62,5.33,0.46,0.47,0.1,0.9,0.49,1.92,0.53,0.33,Orthodox,Switch,29,10
2024-10-05,Roman Dolidze,Kevin Holland,Red,Middleweight,MALE,3,1,1,4,5,0,0,7,14,3,8,25,57,0,0,4,5,0,5,187.96,190.5,193.04,205.74,36,31,3.16,4.24,0.42,0.49,1.1,0.6,1.33,0.83,0.42,0.38,Orthodox,Orthodox,10,22
2024-10-05,Stephen Thompson,Joaquin Buckley,Blue,Welterweight,MALE,3,0,4,7,4,1,0,12,9,7,4,60,31,2,0,6,6,0,0,182.88,177.8,190.5,193.04,41,30,4.11,4.13,0.46,0.36,0.0,0.0,0.25,1.96,0.41,0.46,Orthodox,Southpaw,19,13
2024-10-05,Austin Hubbard,Alexander Hernandez,Blue,Lightweight,MALE,3,1,0,1,2,0,2,4,6,5,7,23,29,0,0,1,3,0,0,177.8,175.26,180.34,182.88,32,32,4.12,4.43,0.43,0.41,0.0,0.1,1.54,0.95,0.34,0.29,Orthodox,Orthodox,9,13
2024-10-05,Cesar Almeida,Ihor Potieria,Red,Middleweight,MALE,3,0,0,2,1,1,1,2,3,1,4,8,11,0,0,1,2,0,0,185.42,190.5,187.96,190.5,36,28,4.12,4.57,0.57,0.5,0.3,0.0,0.0,0.77,0.0,0.18,Orthodox,Southpaw,3,7
2024-10-05,Ryan Spann,Ovince Saint Preux,Red,Light Heavyweight,MALE,3,0,1,5,5,3,0,8,21,6,13,22,78,0,1,3,9,3,5,195.58,190.5,200.66,203.2,33,41,3.3,3.03,0.4,0.47,1.7,0.5,1.32,1.09,0.35,0.36,Orthodox,Southpaw,14,34
2024-10-05,Court McGee,Tim Means,Red,Welterweight,MALE,3,0,0,3,4,3,1,10,15,12,13,59,65,1,0,0,6,2,2,180.34,187.96,190.5,190.5,39,40,4.6,5.04,0.37,0.49,0.5,0.2,1.87,1.14,0.25,0.4,Orthodox,Orthodox,22,28
2024-09-28,Renato Moicano,Benoit Saint Denis,Red,Lightweight,MALE,5,3,0,3,5,0,1,11,5,5,2,35,13,0,0,1,3,6,2,180.34,180.34,182.88,185.42,35,28,4.42,5.17,0.49,0.53,0.6,1.2,1.87,3.97,0.44,0.37,Orthodox,Southpaw,16,7
2024-09-28,Nassourdine Imavov,Brendan Allen,Red,Middleweight,MALE,3,2,7,3,7,0,0,6,13,2,2,29,33,0,0,3,1,0,8,190.5,187.96,190.5,190.5,29,28,4.51,3.79,0.55,0.53,1.2,1.3,0.88,1.67,0.36,0.39,Orthodox,Orthodox,8,15
2024-09-28,William Gomis,Joanderson Brito,Red,Featherweight,MALE,3,3,5,3,5,0,0,3,6,0,1,9,13,0,0,1,3,0,2,182.88,172.72,185.42,182.88,27,29,2.69,3.02,0.5,0.5,0.5,0.9,0.78,3.08,0.37,0.68,Southpaw,Orthodox,3,7
2024-09-28,Kevin Jousset,Bryan Battle,Blue,Welterweight,MALE,3,2,2,2,3,0,0,2,5,0,1,4,14,0,0,0,2,1,2,187.96,185.42,190.5,195.58,31,30,7.73,5.44,0.56,0.53,0.5,0.5,1.05,0.96,0.4,0.23,Orthodox,Orthodox,2,6
2024-09-28,Morgan Charriere,Gabriel Miranda,Red,Featherweight,MALE,3,0,1,1,1,1,0,1,1,1,1,4,3,0,0,1,0,0,1,172.72,180.34,175.26,180.34,28,34,3.87,2.82,0.51,0.4,0.6,1.3,2.47,3.85,0.57,0.33,Orthodox,Orthodox,2,2
2024-09-28,Fares Ziam,Matt Frevola,Red,Lightweight,MALE,3,3,0,3,3,0,1,5,6,2,4,19,20,0,0,0,3,0,1,185.42,175.26,190.5,180.34,27,34,2.92,3.37,0.5,0.4,0.3,1.0,1.28,2.39,0.36,0.39,Orthodox,Orthodox,7,10
2024-09-28,Ludovit Klein,Roosevelt Roberts,Red,Lightweight,MALE,3,5,0,3,3,0,3,6,5,2,4,23,20,0,0,2,0,0,3,170.18,187.96,182.88,185.42,29,30,3.81,2.84,0.54,0.43,0.0,0.7,1.7,1.18,0.51,0.26,Southpaw,Orthodox,8,9
2024-09-28,Taylor Lapilus,Vince Morales,Red,Bantamweight,MALE,3,1,0,2,2,0,2,5,3,2,6,20,23,0,0,1,1,0,0,167.64,170.18,185.42,177.8,32,33,4.59,3.98,0.48,0.36,0.3,0.0,0.27,0.36,0.33,0.3,Southpaw,Orthodox,7,9
2024-09-28,Bolaji Oki,Chris Duncan,Blue,Lightweight,MALE,3,2,0,2,3,0,1,2,3,0,2,4,10,0,0,1,1,0,0,177.8,177.8,185.42,180.34,28,31,5.63,4.7,0.45,0.46,0.0,0.3,2.11,3.53,0.75,0.37,Orthodox,Orthodox,2,5
2024-09-14,Sean O'Malley,Merab Dvalishvili,Blue,Bantamweight,MALE,5,6,10,6,10,0,0,11,10,1,2,29,37,2,0,7,1,0,0,180.34,167.64,182.88,172.72,29,33,6.7,4.35,0.61,0.42,0.3,0.3,0.29,6.09,0.42,0.36,Switch,Orthodox,12,12
2024-09-14,Brian Ortega,Diego Lopes,Blue,Featherweight,MALE,3,1,4,6,4,0,0,8,4,3,2,34,12,2,0,3,2,4,1,172.72,180.34,175.26,182.88,33,29,4.08,4.2,0.37,0.53,1.1,2.8,1.07,0.5,0.26,0.4,Switch,Orthodox,11,6
2024-09-14,Daniel Zellhuber,Esteban Ribovics,Blue,Lightweight,MALE,3,3,2,3,2,0,0,4,3,1,1,14,8,0,0,0,2,1,0,185.42,177.8,195.58,175.26,25,28,6.26,7.53,0.4,0.48,0.2,0.3,0.18,0.64,0.25,0.66,Switch,Orthodox,5,4
2024-09-14,Manuel Torres,Ignacio Bahamondes,Blue,Lightweight,MALE,3,4,1,4,3,0,0,4,5,0,2,4,18,0,0,3,3,1,1,177.8,190.5,185.42,190.5,29,27,7.17,7.17,0.55,0.47,1.1,0.3,2.26,0.0,0.66,0.0,Switch,Orthodox,4,7
2024-09-14,Raul Rosas Jr.,Aoriqileng,Red,Bantamweight,MALE,3,2,1,2,2,0,0,4,3,1,3,10,16,0,0,1,1,2,0,175.26,170.18,170.18,175.26,19,31,1.55,4.65,0.43,0.49,1.3,0.0,4.02,1.2,0.39,0.46,Switch,Orthodox,5,6
2024-09-07,Gilbert Burns,Sean Brady,Blue,Welterweight,MALE,5,0,1,6,5,2,0,15,6,7,1,57,19,1,0,3,0,5,3,177.8,177.8,180.34,182.88,38,31,3.17,4.09,0.48,0.55,0.5,0.9,2.1,3.49,0.37,0.52,Orthodox,Orthodox,22,7
2024-09-07,Steve Garcia,Kyle Nelson,Red,Featherweight,MALE,3,4,3,4,3,0,0,6,4,2,4,13,22,0,0,6,2,0,0,182.88,180.34,190.5,180.34,32,33,5.04,3.51,0.56,0.45,0.6,0.6,1.17,1.06,0.4,0.2,Southpaw,Switch,8,8
2024-09-07,Matt Schnell,Cody Durden,Blue,Bantamweight,MALE,3,0,0,4,4,2,2,6,5,6,4,24,22,0,0,0,1,3,0,172.72,170.18,177.8,170.18,34,33,4.39,3.35,0.39,0.5,1.0,0.9,0.56,4.36,0.4,0.5,Orthodox,Southpaw,12,9
2024-09-07,Trevor Peek,Yanal Ashmouz,Blue,Lightweight,MALE,3,0,0,2,1,1,1,3,1,2,1,12,4,0,0,2,1,0,0,175.26,175.26,177.8,175.26,29,29,4.39,2.94,0.53,0.5,0.0,0.0,1.45,4.8,0.5,0.5,Switch,Orthodox,5,2
2024-09-07,Yizha,Gabriel Santos,Blue,Featherweight,MALE,3,3,0,3,0,0,2,5,0,1,2,12,5,2,0,0,0,3,0,170.18,175.26,180.34,177.8,27,27,2.8,4.69,0.44,0.59,1.1,0.8,3.54,3.44,0.3,0.52,Orthodox,Orthodox,6,2
2024-09-07,Andre Petroski,Dylan Budka,Red,Middleweight,MALE,3,1,0,5,1,0,1,6,1,2,1,19,5,0,0,1,0,2,0,182.88,182.88,185.42,190.5,33,24,2.77,1.07,0.5,0.43,1.7,0.4,3.91,2.02,0.56,0.38,Switch,Switch,8,2
2024-08-24,Jared Cannonier,Caio Borralho,Blue,Middleweight,MALE,5,0,8,3,8,1,0,10,8,7,0,49,20,1,0,6,2,0,1,180.34,185.42,195.58,190.5,40,31,4.49,3.61,0.5,0.6,0.0,0.5,0.42,1.56,0.46,0.6,Switch,Southpaw,17,8
2024-08-24,Neil Magny,Michael Morales,Blue,Welterweight,MALE,3,1,5,7,5,0,0,22,5,10,0,87,13,0,0,6,2,2,0,190.5,182.88,203.2,200.66,37,25,3.44,5.42,0.46,0.48,0.2,0.0,2.15,1.16,0.4,0.41,Orthodox,Orthodox,32,5
2024-08-24,Edmen Shahbazyan,Gerald Meerschaert,Blue,Middleweight,MALE,3,1,1,5,3,0,0,7,11,4,9,21,41,0,0,5,1,1,10,190.5,185.42,190.5,195.58,26,36,3.77,3.13,0.5,0.45,0.5,1.6,2.01,2.14,0.38,0.36,Orthodox,Southpaw,11,20
2024-08-24,Dennis Buzukja,Francis Marshall,Blue,Lightweight,MALE,3,1,0,1,2,0,2,2,2,3,2,13,9,0,0,1,1,0,0,175.26,175.26,177.8,182.88,26,25,4.21,3.69,0.43,0.34,0.2,0.5,0.63,2.68,0.27,0.41,Switch,Orthodox,5,4
2024-08-24,Viacheslav Borshchev,James Llontop,Red,Lightweight,MALE,3,0,0,2,1,1,1,3,1,3,1,16,4,0,0,3,0,0,0,180.34,182.88,175.26,185.42,32,25,5.4,5.38,0.53,0.43,0.0,0.0,0.0,0.0,0.0,0.0,Orthodox,Orthodox,6,2
2024-08-17,Dricus Du Plessis,Israel Adesanya,Red,Middleweight,MALE,5,7,0,7,9,0,1,7,13,0,3,18,60,1,11,4,5,1,0,185.42,193.04,193.04,203.2,30,35,6.18,4.0,0.49,0.48,0.9,0.1,3.04,0.05,0.5,0.12,Switch,Switch,7,16
2024-08-17,Mateusz Gamrot,Dan Hooker,Blue,Lightweight,MALE,3,3,2,4,4,0,0,7,13,2,8,24,48,0,0,3,7,1,2,177.8,182.88,177.8,190.5,33,34,3.23,5.03,0.5,0.48,0.1,0.3,5.25,0.73,0.35,0.34,Southpaw,Switch,9,21
2024-08-17,Li Jingliang,Carlos Prates,Blue,Welterweight,MALE,3,0,3,4,3,1,0,11,3,6,0,39,5,0,0,8,3,0,0,182.88,185.42,180.34,198.12,36,31,4.46,4.71,0.42,0.57,0.0,0.0,1.19,0.0,0.41,0.0,Orthodox,Switch,17,3
2024-08-17,Josh Culibao,Ricardo Ramos,Blue,Featherweight,MALE,3,0,0,3,3,2,2,3,7,3,5,19,24,0,0,0,2,1,1,177.8,175.26,185.42,182.88,30,29,3.41,3.03,0.44,0.36,0.3,0.8,0.0,2.77,0.0,0.61,Orthodox,Orthodox,6,12
2024-08-17,Jack Jenkins,Herbert Burns,Red,Featherweight,MALE,3,0,0,3,3,1,3,3,3,1,3,11,9,0,0,1,1,0,2,170.18,175.26,172.72,185.42,30,36,4.83,1.86,0.6,0.36,0.0,1.8,2.12,2.94,0.69,0.34,Switch,Orthodox,4,6
2024-08-17,Tom Nolan,Alex Reyes,Red,Lightweight,MALE,3,1,0,1,0,0,2,2,0,1,2,3,2,0,0,2,0,0,0,190.5,180.34,185.42,185.42,24,37,6.68,4.46,0.5,0.46,0.7,0.0,0.0,1.5,0.0,0.28,Southpaw,Orthodox,3,2
2024-08-17,Song Kenan,Ricky Glenn,Red,Welterweight,MALE,3,0,0,2,2,1,2,5,4,4,5,20,24,0,0,3,1,0,0,182.88,182.88,180.34,177.8,34,35,4.57,3.79,0.47,0.42,0.0,0.4,0.43,0.72,0.33,0.13,Orthodox,Southpaw,9,9
2024-08-10,Damon Jackson,Chepe Mariscal,Blue,Featherweight,MALE,3,1,3,4,3,0,0,6,3,4,0,27,8,0,0,1,1,2,0,180.34,170.18,180.34,175.26,36,31,2.9,4.75,0.42,0.57,1.2,0.3,2.34,3.09,0.34,0.39,Switch,Orthodox,10,3
2024-08-10,Toshiomi Kazama,Charalampos Grigoriou,Red,Bantamweight,MALE,3,0,0,1,1,2,1,1,1,2,1,5,4,1,0,0,1,0,0,170.18,170.18,175.26,170.18,27,32,1.72,2.62,0.53,0.48,0.6,0.0,1.68,2.62,0.12,0.8,Orthodox,Orthodox,3,2
2024-08-10,Youssef Zalal,Jarno Errens,Red,Featherweight,MALE,3,1,1,3,1,0,0,4,1,3,2,23,9,0,0,0,0,1,0,177.8,180.34,182.88,185.42,27,29,2.87,3.29,0.49,0.44,1.4,0.3,2.33,0.0,0.34,0.0,Switch,Orthodox,7,3
2024-08-03,Cory Sandhagen,Umar Nurmagomedov,Blue,Bantamweight,MALE,5,3,5,5,5,0,0,10,5,3,0,39,10,1,0,5,1,1,2,180.34,172.72,177.8,175.26,32,28,5.02,4.46,0.44,0.63,0.3,0.4,1.19,3.98,0.32,0.5,Switch,Orthodox,13,5
2024-08-03,Shara Magomedov,Michal Oleksiejczuk,Red,Middleweight,MALE,3,2,0,2,2,0,2,2,7,0,6,6,22,0,0,1,6,0,0,187.96,182.88,185.42,187.96,30,29,6.82,5.08,0.65,0.5,0.0,0.0,0.0,1.08,0.0,0.43,Orthodox,Southpaw,2,13
2024-08-03,Marlon Vera,Deiveson Figueiredo,Blue,Bantamweight,MALE,3,0,2,5,5,1,0,15,12,8,3,66,41,1,6,7,4,4,4,172.72,165.1,177.8,172.72,31,36,4.27,3.01,0.49,0.55,0.8,1.6,0.51,1.68,0.39,0.35,Switch,Orthodox,23,15
2024-08-03,Tony Ferguson,Michael Chiesa,Blue,Welterweight,MALE,3,0,0,12,4,7,3,15,11,8,7,58,40,3,1,5,0,6,6,180.34,185.42,193.04,190.5,40,36,4.91,1.86,0.45,0.4,0.9,1.0,0.39,3.35,0.35,0.51,Orthodox,Southpaw,23,18
2024-08-03,Joel Alvarez,Elves Brener,Red,Lightweight,MALE,3,1,0,4,3,0,1,5,3,2,1,12,10,0,0,2,2,3,0,190.5,177.8,195.58,182.88,31,26,4.39,3.99,0.52,0.47,1.2,0.0,0.0,1.23,0.0,0.23,Orthodox,Orthodox,7,4
2024-08-03,Azamat Murzakanov,Alonzo Menifield,Red,Light Heavyweight,MALE,3,4,0,4,4,0,1,4,10,0,4,10,27,0,0,3,6,0,2,177.8,182.88,180.34,193.04,35,36,4.72,3.77,0.56,0.54,0.0,0.2,0.62,0.63,0.15,0.33,Southpaw,Orthodox,4,14
2024-08-03,Jai Herbert,Rolando Bedoya,Red,Lightweight,MALE,3,0,0,1,0,1,2,2,0,4,2,17,6,0,0,1,0,0,0,185.42,180.34,195.58,187.96,36,27,3.16,7.29,0.42,0.49,0.0,0.0,0.5,0.0,0.23,0.0,Orthodox,Orthodox,6,2
2024-08-03,Sedriques Dumas,Denis Tiuliulin,Red,Middleweight,MALE,3,0,0,2,1,1,3,3,1,2,4,10,8,0,0,0,1,1,0,187.96,185.42,200.66,195.58,28,36,2.15,3.61,0.48,0.41,0.3,0.0,1.31,0.96,0.35,0.42,Orthodox,Orthodox,5,5
2024-07-27,Leon Edwards,Belal Muhammad,Blue,Welterweight,MALE,5,12,9,12,9,0,0,14,14,2,3,60,54,3,0,3,2,1,1,187.96,180.34,187.96,182.88,32,36,2.68,4.39,0.53,0.43,0.4,0.2,1.25,2.28,0.36,0.39,Southpaw,Orthodox,16,17
2024-07-27,King Green,Paddy Pimblett,Blue,Lightweight,MALE,3,1,5,8,5,0,0,17,5,12,0,75,10,0,0,3,1,4,2,177.8,177.8,180.34,185.42,37,29,6.43,4.94,0.53,0.53,0.3,2.1,1.23,0.91,0.39,0.25,Orthodox,Orthodox,29,5
2024-07-27,Christian Leroy Duncan,Gregory Rodrigues,Blue,Middleweight,MALE,3,2,2,2,2,0,0,3,6,1,3,8,17,0,0,3,5,0,0,187.96,190.5,200.66,190.5,29,32,4.71,5.52,0.62,0.56,0.0,0.4,0.31,2.74,0.14,0.41,Switch,Orthodox,4,9
2024-07-27,Arnold Allen,Giga Chikadze,Red,Featherweight,MALE,3,0,1,10,7,2,0,10,8,2,2,35,28,0,0,2,3,2,0,172.72,182.88,177.8,187.96,30,35,3.45,3.92,0.41,0.42,0.3,0.2,0.93,0.21,0.47,0.33,Southpaw,Orthodox,12,10
2024-07-27,Nathaniel Wood,Daniel Pineda,Red,Featherweight,MALE,3,0,0,3,2,1,1,7,5,3,6,28,24,0,0,0,1,3,4,167.64,170.18,175.26,175.26,31,38,5.75,2.85,0.51,0.49,0.5,1.5,1.56,1.42,0.48,0.24,Orthodox,Orthodox,10,11
2024-07-27,Jake Hadley,Caolan Loughran,Red,Bantamweight,MALE,3,0,1,2,1,2,0,3,1,3,1,14,6,0,0,1,0,2,0,170.18,167.64,177.8,172.72,27,28,3.8,5.64,0.43,0.43,1.1,0.0,0.33,2.0,0.11,0.26,Southpaw,Orthodox,6,2
2024-07-27,Oban Elliott,Preston Parsons,Red,Welterweight,MALE,3,2,1,2,1,0,0,2,2,0,2,6,10,0,0,0,0,0,0,182.88,180.34,182.88,180.34,26,29,3.82,3.5,0.47,0.51,0.0,2.4,2.67,3.53,0.5,0.36,Orthodox,Orthodox,2,4
2024-07-27,Modestas Bukauskas,Marcin Prachnio,Red,Light Heavyweight,MALE,3,0,1,2,2,1,0,3,4,4,5,15,20,0,0,1,1,0,0,190.5,190.5,198.12,187.96,30,36,3.21,5.57,0.42,0.54,0.2,0.0,0.38,0.15,0.66,0.2,Switch,Orthodox,7,9
2024-07-20,Steve Garcia,SeungWoo Choi,Red,Featherweight,MALE,3,3,1,3,3,0,0,5,4,2,5,12,22,0,0,5,1,0,0,182.88,182.88,190.5,187.96,32,31,5.04,3.51,0.56,0.39,0.6,0.0,1.17,0.86,0.4,0.54,Southpaw,Orthodox,7,9
2024-07-20,Kurt Holobaugh,Kaynan Kruschewsky,Red,Lightweight,MALE,3,0,0,1,1,1,1,1,1,6,1,19,2,0,0,0,0,1,1,180.34,182.88,177.8,185.42,37,33,4.63,5.67,0.45,0.5,0.8,2.1,0.76,2.74,0.33,1.0,Orthodox,Orthodox,7,2
2024-07-20,Dooho Choi,Bill Algeo,Red,Featherweight,MALE,3,0,0,3,2,3,1,3,5,3,5,13,26,0,0,3,1,0,1,177.8,182.88,177.8,185.42,33,35,4.41,5.88,0.53,0.51,0.8,0.1,0.75,1.03,0.37,0.5,Orthodox,Switch,6,10
2024-07-20,JeongYeong Lee,Hyder Amil,Blue,Featherweight,MALE,3,4,2,4,2,0,0,4,2,0,0,8,5,1,0,1,1,1,0,177.8,175.26,185.42,177.8,28,34,2.84,6.31,0.52,0.57,0.5,1.9,0.93,0.64,0.66,0.33,Orthodox,Switch,4,2
2024-07-20,Brian Kelleher,Cody Gibson,Blue,Bantamweight,MALE,3,0,0,2,1,3,4,8,1,8,5,31,15,0,0,2,1,3,0,167.64,177.8,167.64,180.34,37,36,3.31,3.96,0.41,0.44,0.7,0.4,1.68,1.61,0.41,0.3,Switch,Orthodox,16,6
2024-07-20,Loik Radzhabov,Trey Ogden,Blue,Lightweight,MALE,3,1,1,1,1,0,0,2,2,1,2,8,15,0,0,1,0,0,0,180.34,180.34,175.26,182.88,33,34,2.89,3.07,0.44,0.48,0.0,0.8,4.65,2.04,0.57,0.3,Orthodox,Orthodox,3,4
2024-07-13,Santiago Ponzinibbio,Muslim Salikhov,Blue,Welterweight,MALE,3,0,0,7,5,1,2,11,6,6,4,41,23,0,0,6,3,0,0,182.88,180.34,185.42,177.8,37,40,4.74,3.32,0.41,0.49,0.0,0.0,0.59,1.12,0.32,0.33,Orthodox,Orthodox,17,10
2024-07-13,Drew Dober,Jean Silva,Blue,Lightweight,MALE,3,0,3,3,3,1,0,14,3,9,0,47,6,0,0,10,2,1,0,172.72,170.18,177.8,175.26,35,27,4.39,5.37,0.4,0.52,0.1,0.0,0.67,0.81,0.17,0.5,Southpaw,Orthodox,23,3
2024-07-13,Gabriel Bonfim,Ange Loosa,Red,Welterweight,MALE,3,0,2,3,2,1,0,3,2,1,2,5,14,0,0,0,0,3,0,185.42,177.8,182.88,187.96,26,31,5.78,5.6,0.42,0.44,1.9,0.2,2.92,2.41,0.75,0.38,Orthodox,Orthodox,4,4
2024-07-13,Julian Erosa,Christian Rodriguez,Red,Featherweight,MALE,3,1,4,3,4,0,0,8,5,7,1,31,16,0,0,2,0,3,1,185.42,170.18,187.96,180.34,34,26,6.18,3.65,0.48,0.47,0.8,1.1,1.69,1.07,0.48,0.54,Southpaw,Orthodox,15,6
2024-07-13,Montel Jackson,Da'Mon Blackshear,Red,Bantamweight,MALE,3,4,0,4,2,0,1,8,2,2,2,24,12,0,0,3,1,1,1,177.8,177.8,190.5,182.88,32,29,3.39,4.28,0.53,0.47,0.3,0.8,3.41,2.33,0.71,0.37,Southpaw,Switch,10,4
2024-07-13,Josh Fremd,Andre Petroski,Blue,Middleweight,MALE,3,0,0,2,5,1,2,2,5,3,2,12,16,0,0,0,1,1,2,193.04,182.88,193.04,185.42,30,33,2.52,2.77,0.44,0.5,1.1,1.7,0.66,3.91,0.25,0.56,Orthodox,Switch,5,7
2024-07-13,Evan Elder,Darrius Flowers,Red,Welterweight,MALE,3,1,0,1,1,0,2,1,1,2,2,9,6,0,0,0,0,0,1,177.8,175.26,182.88,180.34,27,29,5.02,3.07,0.49,0.49,0.6,0.0,0.63,0.98,0.2,0.28,Switch,Orthodox,3,3
2024-06-29,Alex Pereira,Jiri Prochazka,Red,Light Heavyweight,MALE,5,3,1,4,3,0,0,7,4,1,1,19,13,5,2,5,3,0,1,193.04,190.5,200.66,203.2,36,31,5.46,5.38,0.63,0.55,0.3,0.2,0.14,0.72,1.0,0.6,Orthodox,Orthodox,8,5
2024-06-29,Anthony Smith,Roman Dolidze,Blue,Light Heavyweight,MALE,3,1,0,3,4,0,2,15,6,11,3,60,22,1,0,7,4,6,0,193.04,187.96,193.04,193.04,35,35,3.24,3.16,0.49,0.42,0.6,1.1,0.46,1.33,0.26,0.42,Orthodox,Orthodox,26,9
2024-06-29,Joe Pyfer,Marc-Andre Barriault,Red,Middleweight,MALE,3,0,0,4,2,1,1,4,5,2,6,12,30,0,0,3,2,1,1,187.96,185.42,190.5,187.96,27,34,3.72,6.12,0.41,0.47,0.9,0.1,1.45,0.21,0.41,0.25,Orthodox,Orthodox,6,11
2024-06-29,Cub Swanson,Andre Fili,Blue,Featherweight,MALE,3,1,0,6,2,0,1,19,11,12,10,79,51,0,0,6,4,2,0,172.72,180.34,177.8,187.96,40,34,4.67,3.88,0.5,0.37,0.4,0.2,1.04,2.15,0.5,0.43,Orthodox,Orthodox,31,21
2024-06-29,Charles Jourdain,Jean Silva,Blue,Featherweight,MALE,3,0,2,2,2,1,0,6,2,6,0,34,4,0,0,2,1,2,0,175.26,170.18,175.26,175.26,28,27,5.48,5.37,0.48,0.52,0.5,0.0,0.35,0.81,0.23,0.5,Switch,Orthodox,12,2
2024-06-29,Ricky Simon,Vinicius Oliveira,Blue,Bantamweight,MALE,3,0,2,5,2,2,0,9,2,4,0,36,4,0,0,1,2,3,0,167.64,175.26,175.26,177.8,31,28,2.99,5.87,0.43,0.43,0.3,0.0,5.2,1.38,0.44,0.6,Orthodox,Switch,13,2
2024-06-22,Robert Whittaker,Ikram Aliskerov,Red,Middleweight,MALE,5,1,3,9,3,0,0,16,3,5,0,63,3,4,0,5,2,0,1,182.88,182.88,185.42,193.04,33,31,4.54,7.03,0.43,0.6,0.0,1.8,0.8,1.82,0.38,0.33,Orthodox,Southpaw,21,3
2024-06-22,Kelvin Gastelum,Daniel Rodriguez,Red,Middleweight,MALE,3,0,0,5,4,1,2,12,8,9,3,63,26,2,0,3,2,2,1,175.26,185.42,180.34,187.96,32,37,3.74,7.5,0.42,0.49,0.1,0.1,1.1,0.59,0.34,0.54,Southpaw,Southpaw,21,11
2024-06-22,Johnny Walker,Volkan Oezdemir,Blue,Light Heavyweight,MALE,3,0,1,4,3,1,0,8,7,5,6,25,30,0,1,5,3,1,1,198.12,187.96,208.28,190.5,32,34,3.87,4.79,0.53,0.48,0.9,0.1,0.45,0.56,1.0,0.33,Orthodox,Orthodox,13,13
2024-06-22,Nasrat Haqparast,Jared Gordon,Red,Lightweight,MALE,3,3,1,3,3,0,0,8,8,4,5,31,33,0,0,2,2,0,0,177.8,175.26,182.88,172.72,28,35,6.15,5.75,0.44,0.55,0.0,0.0,0.28,1.78,0.2,0.31,Southpaw,Orthodox,12,13
2024-06-22,Rinat Fakhretdinov,Nicolas Dalby,Red,Welterweight,MALE,3,3,4,3,4,0,0,3,7,0,3,10,33,0,0,0,1,1,0,182.88,180.34,187.96,187.96,32,39,4.78,4.06,0.52,0.43,0.2,0.1,3.95,1.01,0.34,0.27,Orthodox,Orthodox,3,10
2024-06-22,Kyung Ho Kang,Muin Gafurov,Blue,Bantamweight,MALE,3,0,0,3,0,1,3,8,0,4,3,33,7,0,0,0,0,4,0,175.26,170.18,185.42,172.72,36,28,3.13,3.03,0.47,0.47,0.8,0.0,1.97,1.95,0.5,0.27,Orthodox,Southpaw,12,3
2024-06-22,Xiao Long,ChangHo Lee,Blue,Bantamweight,MALE,3,2,2,2,2,0,0,2,2,1,0,9,4,0,0,0,2,0,0,172.72,172.72,177.8,175.26,26,30,4.98,4.9,0.52,0.7,0.0,0.0,1.0,3.24,0.3,0.3,Orthodox,Orthodox,3,2
2024-06-15,Douglas Silva de Andrade,Miles Johns,Blue,Bantamweight,MALE,3,1,2,2,2,0,0,7,6,5,2,31,26,0,0,2,2,1,0,170.18,170.18,172.72,167.64,38,30,3.54,3.28,0.38,0.47,0.2,0.0,0.55,1.02,0.42,0.2,Orthodox,Orthodox,12,8
2024-06-15,Timmy Cuamba,Lucas Almeida,Blue,Featherweight,MALE,3,0,0,1,1,1,2,1,1,1,3,6,9,0,0,0,1,0,0,175.26,180.34,180.34,180.34,25,33,3.0,4.94,0.4,0.43,0.0,0.0,1.0,0.0,0.27,0.0,Orthodox,Orthodox,2,4
2024-06-15,Brady Hiestand,Garrett Armfield,Red,Bantamweight,MALE,3,2,2,2,2,0,0,2,2,1,1,9,6,0,0,1,1,0,0,172.72,167.64,180.34,177.8,25,27,2.7,5.59,0.5,0.55,1.1,0.4,4.8,0.0,0.46,0.0,Orthodox,Orthodox,3,3
2024-06-15,Josh Quinlan,Adam Fugitt,Blue,Welterweight,MALE,3,0,0,1,1,2,1,1,1,2,2,8,6,0,0,1,1,0,0,182.88,185.42,182.88,195.58,31,35,3.57,4.72,0.42,0.45,0.0,0.0,0.34,2.04,0.11,0.29,Orthodox,Southpaw,3,3
2024-06-15,Jeka Saragih,Westin Wilson,Blue,Featherweight,MALE,3,1,0,2,0,0,2,3,0,1,2,7,2,1,0,3,0,0,0,172.72,185.42,175.26,185.42,29,35,2.73,1.68,0.5,0.33,0.6,8.4,2.21,1.68,0.8,0.16,Orthodox,Southpaw,4,2
2024-06-15,Melquizael Costa,Shayilan Nuerdanbieke,Red,Featherweight,MALE,3,0,0,1,3,1,1,1,3,2,2,7,12,0,0,0,1,0,0,177.8,172.72,180.34,175.26,27,30,3.46,1.95,0.46,0.45,1.1,0.2,2.5,3.3,0.35,0.35,Southpaw,Orthodox,3,5
2024-06-08,Jared Cannonier,Nassourdine Imavov,Blue,Middleweight,MALE,5,2,1,3,3,0,0,10,5,6,2,45,25,1,0,6,2,0,0,180.34,190.5,195.58,190.5,40,29,4.49,4.51,0.5,0.55,0.0,1.2,0.42,0.88,0.46,0.36,Switch,Orthodox,16,7
2024-06-08,Dominick Reyes,Dustin Jacoby,Red,Light Heavyweight,MALE,3,0,0,6,4,4,1,6,8,4,5,20,34,2,0,3,4,1,0,193.04,190.5,195.58,193.04,34,36,4.87,5.5,0.5,0.47,0.3,0.0,0.35,0.36,0.28,0.25,Southpaw,Orthodox,10,13
2024-06-08,Raul Rosas Jr.,Ricky Turcios,Red,Bantamweight,MALE,3,1,1,2,1,0,0,3,2,1,2,8,12,0,0,1,0,1,0,175.26,175.26,170.18,180.34,19,31,1.55,4.63,0.43,0.37,1.3,0.5,4.02,0.89,0.39,0.25,Switch,Orthodox,4,4
2024-06-08,Brunno Ferreira,Dustin Stoltzfus,Red,Middleweight,MALE,3,1,1,2,1,0,0,3,3,1,4,4,16,0,0,3,1,0,1,177.8,182.88,182.88,190.5,31,32,4.99,3.51,0.54,0.44,0.0,1.0,0.89,2.45,0.16,0.41,Orthodox,Orthodox,4,7
2024-06-08,Julian Marquez,Zachary Reese,Blue,Middleweight,MALE,3,0,0,2,1,2,1,4,1,3,1,15,2,0,0,1,0,3,1,187.96,193.04,182.88,195.58,34,30,4.85,5.06,0.45,0.59,2.6,2.5,0.0,4.08,0.0,0.55,Orthodox,Switch,7,2
2024-06-08,Miguel Baeza,Punahele Soriano,Blue,Welterweight,MALE,3,0,0,4,3,3,2,4,4,3,4,16,17,0,0,2,3,1,0,187.96,180.34,187.96,182.88,31,31,4.09,4.89,0.49,0.53,2.0,0.0,0.36,1.48,0.22,0.56,Orthodox,Southpaw,7,8
2024-06-08,Thiago Moises,Ludovit Klein,Blue,Lightweight,MALE,3,1,4,3,2,0,0,8,5,5,2,31,20,0,0,2,2,3,0,175.26,170.18,177.8,182.88,29,29,2.39,3.81,0.4,0.54,1.3,0.0,1.47,1.7,0.35,0.51,Orthodox,Southpaw,13,7
2024-06-08,Charles Radtke,Carlos Prates,Blue,Welterweight,MALE,3,2,2,2,2,0,0,2,2,0,0,4,4,0,0,1,2,0,0,175.26,185.42,182.88,198.12,33,30,3.22,4.71,0.52,0.57,0.0,0.0,0.61,0.0,0.12,0.0,Orthodox,Switch,2,2
2024-06-08,John Castaneda,Daniel Marcos,Blue,Bantamweight,MALE,3,2,3,2,3,0,0,5,3,2,0,18,10,0,0,1,1,1,0,167.64,170.18,180.34,175.26,32,31,4.67,5.94,0.5,0.52,0.1,0.0,1.79,0.25,0.35,0.5,Switch,Orthodox,7,3
2024-06-08,Cody Stamann,Taylor Lapilus,Blue,Bantamweight,MALE,3,0,0,3,2,1,1,7,4,5,2,34,17,0,0,1,1,0,0,167.64,167.64,162.56,185.42,34,32,4.35,4.59,0.47,0.48,0.0,0.3,2.22,0.27,0.37,0.33,Orthodox,Southpaw,12,6
2024-06-01,Islam Makhachev,Dustin Poirier,Red,Lightweight,MALE,5,13,1,13,5,0,0,14,23,1,8,34,75,3,3,3,12,6,4,177.8,175.26,177.8,182.88,32,35,2.65,5.3,0.59,0.5,1.1,1.3,3.19,1.24,0.53,0.36,Southpaw,Southpaw,15,31
2024-06-01,Sean Strickland,Paulo Costa,Red,Middleweight,MALE,3,0,0,6,5,1,1,15,6,6,3,66,23,2,1,4,4,1,0,185.42,185.42,193.04,182.88,33,33,6.01,6.22,0.42,0.58,0.2,0.0,0.78,0.36,0.64,0.75,Orthodox,Orthodox,21,9
2024-06-01,Kevin Holland,Michal Oleksiejczuk,Red,Middleweight,MALE,3,0,0,5,2,2,1,13,7,8,5,56,21,0,0,5,6,4,0,190.5,182.88,205.74,187.96,31,29,4.24,5.08,0.49,0.5,0.6,0.0,0.83,1.08,0.38,0.43,Orthodox,Southpaw,21,12
2024-06-01,Niko Price,Alex Morono,Red,Welterweight,MALE,3,0,1,2,4,2,0,7,13,7,6,31,50,0,0,4,2,2,2,182.88,180.34,193.04,182.88,34,33,5.21,4.96,0.42,0.4,0.7,0.3,1.04,0.34,0.29,0.25,Orthodox,Orthodox,14,19
2024-06-01,Randy Brown,Elizeu Zaleski dos Santos,Red,Welterweight,MALE,3,2,2,4,7,0,0,12,10,5,3,40,37,0,0,3,3,3,1,190.5,180.34,198.12,185.42,33,37,4.38,4.3,0.47,0.42,0.6,0.5,0.72,0.71,0.39,0.2,Orthodox,Orthodox,17,13
2024-06-01,Cesar Almeida,Roman Kopylov,Blue,Middleweight,MALE,3,2,0,2,4,0,1,2,4,0,3,5,17,0,0,1,4,0,0,185.42,182.88,187.96,190.5,36,33,4.12,4.33,0.57,0.54,0.3,0.0,0.0,1.2,0.0,0.53,Orthodox,Southpaw,2,7
2024-06-01,Grant Dawson,Joe Solecki,Red,Lightweight,MALE,3,0,0,6,4,1,1,9,6,1,2,28,17,0,0,1,0,5,3,177.8,175.26,182.88,177.8,30,30,3.15,1.98,0.52,0.56,1.2,1.4,3.65,2.23,0.38,0.46,Switch,Orthodox,10,8
2024-06-01,Phil Rowe,Jake Matthews,Blue,Welterweight,MALE,3,0,0,3,3,1,1,4,12,2,7,16,47,0,0,4,2,0,5,190.5,180.34,203.2,185.42,33,29,3.65,3.38,0.49,0.44,0.3,0.6,0.7,1.56,0.36,0.41,Orthodox,Orthodox,6,19
2024-05-18,Edson Barboza,Lerone Murphy,Blue,Featherweight,MALE,5,2,5,4,5,0,0,18,5,11,0,76,15,0,0,9,2,0,0,180.34,175.26,190.5,185.42,38,32,4.11,5.01,0.44,0.54,0.1,0.6,0.45,1.59,0.5,0.52,Orthodox,Orthodox,29,5
2024-05-18,Khaos Williams,Carlston Harris,Red,Welterweight,MALE,3,1,2,2,2,0,0,5,4,2,1,17,9,0,0,3,1,0,2,182.88,182.88,195.58,193.04,30,36,5.81,3.18,0.39,0.49,0.0,0.8,0.0,1.97,0.0,0.29,Orthodox,Orthodox,7,5
2024-05-18,Themba Gorimbo,Ramiz Brahimaj,Red,Welterweight,MALE,3,2,1,2,1,0,0,2,2,1,2,6,8,0,0,1,0,0,2,185.42,177.8,195.58,182.88,33,31,3.11,1.74,0.61,0.41,0.6,1.6,4.89,1.61,0.65,0.35,Orthodox,Orthodox,3,4
2024-05-18,Adrian Yanez,Vinicius Salvador,Red,Bantamweight,MALE,3,0,0,6,1,2,2,6,1,2,2,14,8,0,0,5,1,0,0,170.18,170.18,177.8,177.8,30,27,6.51,5.48,0.41,0.43,0.0,0.0,0.0,0.36,0.0,0.11,Orthodox,Southpaw,8,3
2024-05-18,Victor Martinez,Tom Nolan,Blue,Lightweight,MALE,3,0,0,1,1,1,1,1,1,1,1,4,2,0,0,0,1,0,0,172.72,190.5,177.8,185.42,32,24,7.94,6.68,0.51,0.5,0.0,0.7,0.7,0.0,0.33,0.0,Orthodox,Southpaw,2,2
2024-05-18,Abus Magomedov,Warlley Alves,Red,Middleweight,MALE,3,0,0,1,4,2,3,1,8,2,7,6,34,0,1,1,3,0,3,187.96,180.34,198.12,182.88,33,33,2.88,3.04,0.44,0.48,0.0,0.8,2.65,1.22,0.77,0.5,Orthodox,Orthodox,3,15
2024-05-18,Alatengheili,Kleydson Rodrigues,Red,Bantamweight,MALE,3,0,0,2,1,1,1,4,2,2,2,19,8,0,0,1,1,0,0,165.1,165.1,167.64,170.18,32,28,2.64,4.58,0.32,0.57,0.0,0.6,1.99,0.6,0.45,0.22,Orthodox,Orthodox,6,4
2024-05-11,Joaquin Buckley,Nursulton Ruziboev,Red,Welterweight,MALE,3,3,2,3,2,0,0,8,2,4,0,28,2,0,0,6,2,0,0,177.8,195.58,193.04,193.04,30,30,4.13,2.5,0.36,0.43,0.0,0.0,1.96,0.77,0.46,1.0,Southpaw,Orthodox,12,2
2024-05-11,Alonzo Menifield,Carlos Ulberg,Blue,Light Heavyweight,MALE,3,4,5,4,5,0,0,10,6,3,1,26,12,0,0,6,4,2,1,182.88,193.04,193.04,195.58,36,33,3.77,7.41,0.54,0.59,0.2,0.3,0.63,0.95,0.33,0.75,Orthodox,Orthodox,13,7
2024-05-11,Diego Ferreira,Mateusz Rebecki,Red,Lightweight,MALE,3,1,4,6,4,0,0,9,4,5,0,30,7,0,0,4,1,2,2,175.26,170.18,187.96,167.64,39,31,5.04,4.69,0.39,0.48,0.6,1.0,0.96,4.12,0.3,0.75,Orthodox,Southpaw,14,4
2024-05-11,Alex Caceres,Sean Woodson,Blue,Featherweight,MALE,3,0,4,5,2,1,0,16,6,12,1,74,21,0,0,2,2,4,0,177.8,187.96,185.42,198.12,35,31,4.21,5.58,0.49,0.46,0.7,0.4,0.54,0.66,0.68,0.62,Southpaw,Orthodox,28,7
2024-05-11,Chase Hooper,Viacheslav Borshchev,Red,Lightweight,MALE,3,2,1,2,2,0,0,6,3,3,2,21,14,0,0,2,3,2,0,185.42,180.34,187.96,175.26,24,32,5.08,5.4,0.52,0.53,2.3,0.0,1.45,0.0,0.24,0.0,Southpaw,Orthodox,9,5
2024-05-11,Terrance McKinney,Esteban Ribovics,Blue,Lightweight,MALE,3,2,1,2,1,0,0,5,2,4,1,12,7,0,0,3,1,2,0,177.8,177.8,185.42,175.26,29,28,4.53,7.53,0.5,0.48,1.0,0.3,3.45,0.64,0.36,0.66,Switch,Orthodox,9,3
2024-05-11,Billy Ray Goff,Trey Waters,Blue,Welterweight,MALE,3,2,1,2,1,0,0,2,1,0,1,2,4,0,0,2,0,0,0,177.8,195.58,182.88,195.58,25,29,8.56,6.43,0.46,0.44,0.0,0.9,2.01,0.44,0.17,0.33,Switch,Orthodox,2,2
2024-05-04,Jose Aldo,Jonathan Martinez,Red,Bantamweight,MALE,3,0,6,15,6,1,0,21,10,7,3,87,36,15,0,11,4,0,0,170.18,172.72,177.8,177.8,37,30,3.62,4.54,0.46,0.49,0.1,0.1,0.49,0.41,0.53,0.35,Orthodox,Southpaw,28,13
2024-05-04,Anthony Smith,Vitor Petrino,Red,Light Heavyweight,MALE,3,1,5,3,5,0,0,14,5,10,0,59,13,1,0,7,2,5,1,193.04,187.96,193.04,195.58,35,26,3.24,2.82,0.49,0.45,0.6,0.8,0.46,3.98,0.26,0.66,Orthodox,Orthodox,24,5
2024-05-04,Michel Pereira,Ihor Potieria,Red,Middleweight,MALE,3,7,1,7,1,0,0,8,3,2,3,24,10,0,0,2,2,2,0,185.42,190.5,185.42,190.5,30,27,4.46,4.57,0.53,0.5,0.8,0.0,1.27,0.77,0.52,0.18,Orthodox,Southpaw,10,6
2024-05-04,Paul Craig,Caio Borralho,Blue,Middleweight,MALE,3,0,7,4,7,1,0,9,7,7,0,32,18,0,0,3,1,6,1,190.5,185.42,193.04,190.5,36,31,2.45,3.61,0.46,0.6,1.6,0.5,1.68,1.56,0.2,0.6,Orthodox,Southpaw,16,7
2024-05-04,Jack Shore,Joanderson Brito,Blue,Featherweight,MALE,3,1,4,5,4,0,0,6,5,1,1,18,11,0,0,0,2,3,2,172.72,172.72,180.34,182.88,29,29,3.75,3.02,0.58,0.5,0.7,0.9,3.1,3.08,0.38,0.68,Orthodox,Orthodox,7,6
2024-05-04,Joaquim Silva,Drakkar Klose,Blue,Lightweight,MALE,3,1,3,3,3,0,0,6,8,4,2,24,26,0,0,3,2,0,0,172.72,175.26,175.26,177.8,35,36,3.66,4.37,0.43,0.55,0.8,0.0,0.39,1.58,0.5,0.26,Southpaw,Orthodox,10,10
2024-05-04,Ismael Bonfim,Vinc Pichel,Red,Lightweight,MALE,3,0,0,2,4,1,1,2,7,1,3,6,25,0,0,1,1,0,0,172.72,177.8,180.34,182.88,28,41,5.8,3.62,0.54,0.46,0.0,0.2,1.07,2.78,0.33,0.54,Orthodox,Orthodox,3,10
2024-04-27,Ryan Spann,Bogdan Guskov,Blue,Light Heavyweight,MALE,3,0,1,5,1,2,0,8,1,5,1,20,2,0,0,3,1,3,0,195.58,190.5,200.66,193.04,32,31,3.3,3.13,0.4,0.48,1.7,0.0,1.32,0.0,0.35,0.0,Orthodox,Orthodox,13,2
2024-04-27,Jonathan Pearce,David Onama,Blue,Featherweight,MALE,3,0,1,5,2,1,0,6,3,2,2,18,11,0,0,3,2,1,1,182.88,180.34,180.34,187.96,31,29,5.12,5.04,0.54,0.48,0.8,0.5,5.02,0.67,0.5,0.17,Switch,Orthodox,8,5
2024-04-27,Tim Means,Uros Medic,Blue,Welterweight,MALE,3,1,0,4,2,0,1,15,4,12,2,64,10,0,0,6,4,2,0,187.96,185.42,190.5,180.34,40,31,5.04,5.51,0.49,0.6,0.2,0.0,1.14,0.38,0.4,0.5,Orthodox,Southpaw,27,6
2024-04-27,Rani Yahya,Victor Henry,Blue,Bantamweight,MALE,3,0,1,4,1,1,0,17,2,8,1,61,11,1,0,0,0,11,0,167.64,170.18,170.18,172.72,39,36,1.71,8.34,0.38,0.54,1.8,0.5,2.73,0.0,0.3,0.0,Orthodox,Switch,25,3
2024-04-27,Gabriel Benitez,Maheshate,Blue,Lightweight,MALE,3,0,0,2,2,1,2,7,2,7,2,29,9,0,0,3,1,2,0,172.72,182.88,180.34,180.34,35,24,5.26,3.9,0.41,0.28,0.9,0.0,0.22,0.0,0.5,0.0,Southpaw,Orthodox,14,4
2024-04-13,Alex Pereira,Jamahal Hill,Red,Light Heavyweight,MALE,5,2,4,4,4,0,0,6,7,1,1,18,20,4,1,4,5,0,0,193.04,193.04,200.66,200.66,36,32,5.23,7.18,0.63,0.54,0.3,0.0,0.17,0.0,1.0,0.0,Orthodox,Southpaw,7,8
2024-04-13,Justin Gaethje,Max Holloway,Blue,Lightweight,MALE,3,2,2,4,13,0,0,8,21,4,7,28,93,2,9,6,10,0,2,180.34,180.34,177.8,175.26,35,32,6.78,7.17,0.59,0.48,0.0,0.3,0.11,0.25,0.25,0.53,Orthodox,Orthodox,12,28
2024-04-13,Charles Oliveira,Arman Tsarukyan,Blue,Lightweight,MALE,3,1,3,11,5,0,0,22,8,9,2,60,27,3,0,4,4,16,0,177.8,170.18,187.96,182.88,34,27,3.39,3.79,0.53,0.48,2.8,0.0,2.17,3.25,0.4,0.37,Orthodox,Orthodox,31,10
2024-04-13,Bo Nickal,Cody Brundage,Red,Middleweight,MALE,3,4,2,4,2,0,0,4,4,0,5,4,14,0,0,1,2,3,1,185.42,182.88,193.04,182.88,28,29,1.64,1.62,0.62,0.54,7.5,0.9,7.46,2.31,0.5,0.5,Southpaw,Orthodox,4,9
2024-04-13,Jiri Prochazka,Aleksandar Rakic,Red,Light Heavyweight,MALE,3,0,0,3,4,1,1,3,6,1,2,11,20,3,0,2,2,1,0,190.5,193.04,203.2,198.12,31,32,5.38,4.26,0.55,0.5,0.2,0.1,0.72,0.76,0.6,0.25,Orthodox,Orthodox,4,8
2024-04-13,Calvin Kattar,Aljamain Sterling,Blue,Featherweight,MALE,3,0,0,2,9,2,1,7,15,5,4,38,54,0,5,4,2,0,4,180.34,170.18,182.88,180.34,36,34,4.76,4.61,0.39,0.52,0.1,0.7,0.39,2.31,0.29,0.27,Orthodox,Orthodox,12,19
2024-04-13,Sodiq Yusuff,Diego Lopes,Blue,Featherweight,MALE,3,0,2,5,2,1,0,7,2,2,2,23,8,0,0,2,1,1,1,175.26,180.34,180.34,182.88,30,29,5.66,3.24,0.49,0.55,0.4,3.7,0.28,0.33,0.2,0.25,Orthodox,Orthodox,9,4
2024-04-13,Jalin Turner,Renato Moicano,Blue,Lightweight,MALE,3,1,2,5,3,0,0,8,10,4,5,21,33,0,0,5,0,3,6,190.5,180.34,195.58,182.88,28,34,5.6,4.38,0.48,0.48,1.1,0.6,0.79,1.89,0.55,0.45,Southpaw,Orthodox,12,15
2024-04-13,King Green,Jim Miller,Red,Lightweight,MALE,3,0,2,8,7,1,0,16,26,12,16,72,96,0,0,3,6,4,12,177.8,172.72,180.34,180.34,37,40,6.43,2.99,0.53,0.42,0.3,1.7,1.23,1.53,0.39,0.44,Orthodox,Southpaw,28,42
2024-04-13,Deiveson Figueiredo,Cody Garbrandt,Red,Bantamweight,MALE,3,1,2,5,6,0,0,11,9,3,5,39,30,6,3,4,6,3,0,165.1,172.72,172.72,165.1,36,32,3.01,2.98,0.55,0.4,1.6,0.0,1.68,1.03,0.35,0.34,Orthodox,Orthodox,14,14
2024-04-06,Brendan Allen,Chris Curtis,Red,Middleweight,MALE,5,6,1,6,4,0,0,12,6,2,2,28,22,0,0,1,4,8,0,187.96,177.8,190.5,190.5,28,36,3.98,5.76,0.53,0.51,1.4,0.0,1.74,0.0,0.47,0.0,Orthodox,Orthodox,14,8
2024-04-06,Alexander Hernandez,Damon Jackson,Blue,Featherweight,MALE,3,0,0,2,4,1,2,6,5,6,4,26,24,0,0,3,1,0,2,175.26,180.34,182.88,180.34,31,35,4.33,2.9,0.41,0.42,0.1,1.2,1.06,2.34,0.31,0.34,Orthodox,Switch,12,9
2024-04-06,Ignacio Bahamondes,Christos Giagos,Red,Lightweight,MALE,3,0,0,3,2,1,1,4,6,2,7,17,26,0,0,2,1,1,2,190.5,177.8,190.5,180.34,26,34,7.15,3.03,0.46,0.41,0.4,0.4,0.0,2.84,0.0,0.36,Orthodox,Orthodox,6,13
2024-04-06,Trevor Peek,Charlie Campbell,Blue,Lightweight,MALE,3,1,1,2,1,0,0,3,1,1,1,9,2,0,0,2,1,0,0,175.26,182.88,177.8,182.88,29,28,4.58,5.55,0.54,0.54,0.0,0.0,1.82,2.95,0.53,0.4,Switch,Orthodox,4,2
2024-04-06,Court McGee,Alex Morono,Blue,Welterweight,MALE,3,0,0,3,4,2,1,10,12,11,6,56,47,1,0,0,2,2,2,180.34,180.34,190.5,182.88,39,33,4.6,4.96,0.37,0.41,0.4,0.4,1.84,0.36,0.25,0.26,Orthodox,Orthodox,21,18
2024-03-30,Vicente Luque,Joaquin Buckley,Blue,Welterweight,MALE,3,1,2,6,3,0,0,15,7,5,4,45,26,0,0,8,5,5,0,180.34,177.8,190.5,193.04,32,29,5.07,4.25,0.52,0.36,0.6,0.0,1.0,1.69,0.53,0.44,Orthodox,Southpaw,20,11
2024-03-30,Chris Weidman,Bruno Silva,Red,Middleweight,MALE,3,0,0,9,3,2,2,11,4,7,4,43,16,5,0,4,4,3,0,187.96,182.88,198.12,187.96,39,34,3.18,4.12,0.45,0.49,0.8,0.0,3.44,0.93,0.42,0.27,Orthodox,Orthodox,18,8
2024-03-30,Bill Algeo,Kyle Nelson,Blue,Featherweight,MALE,3,2,2,2,2,0,0,5,3,4,4,25,21,0,0,1,1,1,0,182.88,180.34,185.42,180.34,34,32,5.88,3.65,0.51,0.45,0.1,0.6,1.03,1.1,0.5,0.2,Switch,Switch,9,7
2024-03-30,Chidi Njokuani,Rhys McKee,Red,Welterweight,MALE,3,0,0,3,0,3,3,3,0,3,3,11,7,0,0,3,0,0,0,190.5,187.96,203.2,198.12,35,28,4.09,4.8,0.61,0.45,0.2,0.0,0.0,0.0,0.0,0.0,Orthodox,Orthodox,6,3
2024-03-30,Nate Landwehr,Jamall Emmers,Red,Featherweight,MALE,3,0,1,3,1,1,0,4,3,3,4,16,16,0,0,0,1,2,0,175.26,177.8,182.88,187.96,35,34,6.25,5.3,0.46,0.48,1.0,0.2,1.0,1.83,0.41,0.4,Orthodox,Orthodox,7,7
2024-03-30,Julio Arce,Herbert Burns,Red,Featherweight,MALE,3,0,0,3,3,1,2,6,3,4,2,27,7,0,0,3,1,1,2,170.18,175.26,177.8,185.42,34,36,4.36,1.86,0.36,0.36,0.3,1.8,0.46,2.94,0.28,0.34,Southpaw,Orthodox,10,5
2024-03-30,Dennis Buzukja,Connor Matthews,Red,Featherweight,MALE,3,0,1,1,1,2,0,1,1,3,1,10,6,0,0,0,0,0,0,175.26,172.72,177.8,180.34,26,31,4.21,5.3,0.43,0.44,0.2,0.7,0.63,2.97,0.27,0.53,Switch,Switch,4,2
2024-03-30,Andre Petroski,Jacob Malkoun,Blue,Middleweight,MALE,3,0,0,5,2,1,1,5,3,1,3,14,14,0,0,1,0,2,0,182.88,175.26,185.42,185.42,32,28,3.0,3.86,0.5,0.56,2.0,0.4,4.07,6.62,0.56,0.42,Switch,Orthodox,6,6
2024-03-23,Edmen Shahbazyan,AJ Dobson,Red,Middleweight,MALE,3,0,1,5,1,1,0,6,2,4,2,20,10,0,0,4,0,1,1,190.5,185.42,190.5,193.04,26,32,3.77,4.29,0.5,0.46,0.5,0.3,2.01,1.67,0.38,0.75,Orthodox,Orthodox,10,4
2024-03-23,Payton Talbott,Cameron Saaiman,Red,Bantamweight,MALE,3,2,0,2,4,0,1,2,4,0,1,6,13,0,0,0,3,1,0,177.8,172.72,177.8,170.18,25,23,8.38,5.32,0.55,0.46,0.5,0.7,0.0,0.91,0.0,0.28,Switch,Southpaw,2,5
2024-03-23,Billy Quarantillo,Youssef Zalal,Blue,Featherweight,MALE,3,1,0,4,3,0,3,7,3,3,3,26,21,0,0,4,0,1,0,177.8,177.8,177.8,182.88,35,27,7.36,2.87,0.56,0.49,1.1,1.4,1.24,2.33,0.23,0.34,Orthodox,Switch,10,6
2024-03-23,Kurt Holobaugh,Trey Ogden,Blue,Lightweight,MALE,3,1,0,1,1,0,1,1,1,5,2,16,12,0,0,0,0,1,0,180.34,180.34,177.8,182.88,37,34,4.63,3.07,0.45,0.48,0.8,0.8,0.76,2.04,0.33,0.3,Orthodox,Orthodox,6,3
2024-03-23,Ricardo Ramos,Julian Erosa,Blue,Featherweight,MALE,3,0,0,3,3,1,2,7,7,4,7,23,30,0,0,2,2,1,2,175.26,185.42,182.88,187.96,28,34,3.03,6.18,0.36,0.48,0.8,0.8,2.77,1.69,0.61,0.48,Orthodox,Southpaw,11,14
2024-03-23,Miles Johns,Cody Gibson,Red,Bantamweight,MALE,3,1,0,2,1,0,3,5,1,2,4,23,12,0,0,2,1,0,0,170.18,177.8,167.64,180.34,29,36,3.28,3.96,0.47,0.44,0.0,0.4,1.02,1.61,0.2,0.3,Orthodox,Orthodox,7,5
2024-03-23,Jarno Errens,Steven Nguyen,Red,Featherweight,MALE,3,0,2,0,2,2,0,0,2,2,1,6,8,0,0,0,1,0,0,180.34,180.34,185.42,185.42,29,30,3.29,7.15,0.44,0.4,0.3,0.0,0.0,0.28,0.0,1.0,Orthodox,Switch,2,3
2024-03-16,Ovince Saint Preux,Kennedy Nzechukwu,Red,Light Heavyweight,MALE,3,0,0,5,3,1,1,20,8,13,4,75,27,1,0,9,5,5,1,190.5,195.58,203.2,210.82,40,31,3.03,5.13,0.47,0.45,0.5,0.2,1.1,0.6,0.36,0.45,Southpaw,Southpaw,33,12
2024-03-16,Gerald Meerschaert,Bryan Barberena,Red,Middleweight,MALE,3,0,0,3,3,2,3,10,9,9,9,39,45,0,0,1,4,9,1,185.42,182.88,195.58,182.88,36,34,3.13,5.35,0.45,0.48,1.6,0.3,2.14,0.13,0.36,0.22,Southpaw,Southpaw,19,18
2024-03-16,Natan Levy,Mike Davis,Blue,Lightweight,MALE,3,2,3,2,3,0,0,3,3,1,2,12,14,0,0,0,1,1,0,175.26,182.88,180.34,182.88,32,31,3.7,5.35,0.52,0.52,0.5,0.4,5.03,2.77,0.58,0.53,Southpaw,Orthodox,4,5
2024-03-09,Sean O'Malley,Marlon Vera,Red,Bantamweight,MALE,5,5,1,5,5,0,0,10,15,1,7,24,61,1,0,7,7,0,4,180.34,172.72,182.88,177.8,29,31,7.63,4.27,0.61,0.49,0.3,0.8,0.35,0.51,0.42,0.39,Switch,Switch,11,22
2024-03-09,Dustin Poirier,Benoit Saint Denis,Red,Lightweight,MALE,3,0,5,5,5,1,0,22,5,8,1,73,11,4,0,11,3,4,2,175.26,180.34,182.88,185.42,35,28,5.3,5.7,0.5,0.54,1.3,1.5,1.24,4.76,0.36,0.37,Southpaw,Southpaw,30,6
2024-03-09,Gilbert Burns,Jack Della Maddalena,Blue,Welterweight,MALE,3,0,7,6,7,1,0,15,7,6,0,54,13,1,0,3,3,5,1,177.8,180.34,180.34,185.42,37,27,3.29,6.74,0.48,0.53,0.5,0.2,2.24,0.21,0.38,0.16,Orthodox,Switch,21,7
2024-03-09,Petr Yan,Song Yadong,Red,Bantamweight,MALE,3,0,2,7,4,3,0,8,10,4,2,42,36,4,0,4,5,0,1,170.18,172.72,170.18,170.18,31,26,5.14,4.49,0.53,0.43,0.1,0.2,1.73,0.66,0.51,0.4,Switch,Orthodox,12,12
2024-03-09,Mateusz Gamrot,Rafael Dos Anjos,Red,Lightweight,MALE,3,2,0,4,5,0,1,6,21,2,13,21,108,0,4,3,4,1,5,177.8,172.72,177.8,177.8,33,39,3.23,3.48,0.5,0.47,0.1,0.6,5.25,1.95,0.35,0.35,Southpaw,Southpaw,8,34
2024-03-09,Pedro Munhoz,Kyler Phillips,Blue,Bantamweight,MALE,3,0,2,4,4,1,0,10,6,8,1,48,18,0,0,3,2,3,1,167.64,172.72,165.1,182.88,37,28,5.32,5.72,0.43,0.45,0.5,0.5,0.51,2.41,0.18,0.46,Orthodox,Orthodox,18,7
2024-03-09,Ion Cutelaba,Philipe Lins,Blue,Light Heavyweight,MALE,3,1,3,2,3,0,0,6,3,8,2,27,11,0,0,4,1,0,0,185.42,187.96,190.5,198.12,30,38,4.44,3.8,0.43,0.49,0.0,0.0,4.17,1.65,0.57,0.33,Southpaw,Orthodox,14,5
2024-03-09,Michel Pereira,Michal Oleksiejczuk,Red,Middleweight,MALE,3,6,1,6,2,0,0,7,7,2,4,23,20,0,0,2,6,1,0,185.42,182.88,185.42,187.96,30,29,5.16,5.08,0.54,0.5,0.8,0.0,1.53,1.08,0.55,0.43,Orthodox,Southpaw,9,11
2024-03-02,Vitor Petrino,Tyson Pedro,Red,Light Heavyweight,MALE,3,4,1,4,2,0,0,4,6,0,4,10,16,0,0,2,4,1,2,187.96,190.5,195.58,200.66,26,32,2.82,2.9,0.45,0.59,0.8,0.8,3.98,0.76,0.66,0.3,Orthodox,Orthodox,4,10
2024-03-02,Eryk Anders,Jamie Pickett,Red,Middleweight,MALE,3,0,0,2,2,1,4,7,3,8,8,41,23,0,0,4,1,0,0,185.42,187.96,190.5,203.2,36,35,3.41,2.65,0.47,0.47,0.1,0.1,1.79,1.26,0.26,0.4,Southpaw,Orthodox,15,11
2024-03-02,Aiemann Zahabi,Javid Basharat,Red,Bantamweight,MALE,3,3,4,3,4,0,0,4,4,2,0,14,14,0,0,2,0,0,1,172.72,175.26,172.72,175.26,36,28,3.43,5.42,0.43,0.53,0.0,0.2,0.2,1.7,0.16,0.4,Orthodox,Orthodox,6,4
2024-03-02,Christian Leroy Duncan,Claudio Ribeiro,Red,Middleweight,MALE,3,1,0,1,1,0,1,2,2,1,2,6,7,0,0,2,2,0,0,187.96,185.42,200.66,195.58,28,31,4.71,3.59,0.62,0.51,0.0,0.0,0.31,0.56,0.14,0.5,Switch,Orthodox,3,4
2024-02-24,Yair Rodriguez,Brian Ortega,Blue,Featherweight,MALE,3,0,0,6,6,1,2,10,7,3,3,40,31,3,2,4,3,1,3,180.34,172.72,180.34,175.26,31,33,4.65,4.07,0.46,0.38,0.7,1.2,0.69,1.17,0.27,0.27,Orthodox,Switch,13,10
2024-02-24,Daniel Zellhuber,Francisco Prado,Red,Lightweight,MALE,3,2,1,2,1,0,0,3,1,1,1,11,4,0,0,0,1,1,0,185.42,177.8,195.58,175.26,24,21,5.86,4.58,0.41,0.41,0.2,0.4,0.22,0.0,0.33,0.0,Switch,Orthodox,4,2
2024-02-24,Manuel Torres,Chris Duncan,Red,Lightweight,MALE,3,3,3,3,3,0,0,3,3,0,1,3,9,0,0,3,1,0,0,177.8,177.8,185.42,180.34,28,30,8.14,4.88,0.58,0.46,1.6,0.0,3.26,3.85,0.66,0.38,Switch,Orthodox,3,4
2024-02-24,Cristian Quinonez,Raoni Barcelos,Blue,Bantamweight,MALE,3,0,0,2,5,1,2,2,6,1,4,5,26,0,0,1,2,0,1,172.72,170.18,177.8,170.18,27,36,4.19,5.22,0.4,0.51,0.0,0.6,1.37,1.86,0.37,0.32,Orthodox,Orthodox,3,10
2024-02-24,Claudio Puelles,Fares Ziam,Blue,Lightweight,MALE,3,0,2,5,2,1,0,5,4,2,2,17,16,1,0,0,0,3,0,177.8,185.42,182.88,190.5,27,26,1.56,2.7,0.49,0.48,1.2,0.2,3.17,0.81,0.36,0.23,Southpaw,Orthodox,7,6
2024-02-24,Erik Silva,Muhammad Naimov,Blue,Featherweight,MALE,3,0,2,1,2,1,0,1,2,1,1,4,8,0,0,1,1,0,0,175.26,175.26,180.34,177.8,36,29,2.07,3.18,0.7,0.43,0.0,0.0,3.76,1.8,0.8,0.3,Orthodox,Orthodox,2,3
2024-02-17,Alexander Volkanovski,Ilia Topuria,Blue,Featherweight,MALE,5,0,6,12,6,1,0,13,6,2,0,51,14,8,0,5,3,0,1,167.64,170.18,180.34,175.26,35,27,6.16,4.4,0.56,0.46,0.2,1.3,1.78,1.92,0.37,0.56,Orthodox,Orthodox,15,6
2024-02-17,Robert Whittaker,Paulo Costa,Red,Middleweight,MALE,3,0,1,9,5,1,0,15,6,5,2,60,20,4,1,5,4,0,0,182.88,185.42,185.42,182.88,33,32,4.58,6.22,0.43,0.58,0.0,0.0,0.8,0.36,0.38,0.75,Orthodox,Orthodox,20,8
2024-02-17,Geoff Neal,Ian Machado Garry,Blue,Welterweight,MALE,3,0,6,6,6,1,0,8,6,3,0,27,14,0,0,5,3,1,0,180.34,190.5,190.5,187.96,33,26,4.97,5.5,0.5,0.55,0.1,0.3,0.46,0.77,0.44,0.55,Southpaw,Orthodox,11,6
2024-02-17,Merab Dvalishvili,Henry Cejudo,Red,Bantamweight,MALE,3,9,0,9,6,0,1,9,10,2,3,34,37,0,6,1,4,0,0,167.64,162.56,172.72,162.56,33,37,4.5,3.77,0.41,0.46,0.3,0.2,6.43,1.99,0.36,0.32,Orthodox,Orthodox,11,13
2024-02-17,Anthony Hernandez,Roman Kopylov,Red,Middleweight,MALE,3,4,4,4,4,0,0,5,4,2,2,17,15,0,0,1,4,3,0,182.88,182.88,190.5,190.5,30,32,4.3,4.33,0.59,0.54,3.0,0.0,6.62,1.2,0.49,0.53,Orthodox,Southpaw,7,6
2024-02-10,Jack Hermansson,Joe Pyfer,Red,Middleweight,MALE,5,0,4,4,4,1,0,10,4,6,1,39,7,0,0,3,3,3,1,185.42,187.96,195.58,190.5,35,27,5.09,3.72,0.44,0.41,0.4,0.9,1.53,1.45,0.3,0.41,Orthodox,Orthodox,16,5
2024-02-10,Dan Ige,Andre Fili,Red,Featherweight,MALE,3,0,1,6,2,1,0,10,11,6,9,45,50,0,0,3,4,2,0,170.18,180.34,180.34,187.96,32,33,3.7,3.88,0.45,0.37,0.3,0.2,0.99,2.15,0.26,0.43,Orthodox,Orthodox,16,20
2024-02-10,Brad Tavares,Gregory Rodrigues,Blue,Middleweight,MALE,3,1,1,5,2,0,0,15,5,8,3,62,14,0,0,2,4,0,0,185.42,190.5,187.96,190.5,36,31,3.38,5.52,0.43,0.56,0.0,0.4,0.78,2.74,0.26,0.41,Orthodox,Orthodox,23,8
2024-02-10,Michael Johnson,Darrius Flowers,Red,Lightweight,MALE,3,0,0,4,1,1,1,13,1,15,1,71,3,1,0,5,0,0,1,177.8,175.26,185.42,180.34,37,29,4.27,3.07,0.39,0.49,0.0,0.0,0.62,0.98,0.41,0.28,Southpaw,Orthodox,28,2
2024-02-10,Rodolfo Vieira,Armen Petrosyan,Red,Middleweight,MALE,3,1,2,2,2,0,0,4,4,2,1,13,13,0,0,0,1,4,0,182.88,190.5,185.42,180.34,34,33,3.19,5.69,0.54,0.52,1.6,0.0,4.18,0.22,0.3,0.33,Orthodox,Orthodox,6,5
2024-02-10,Devin Clark,Marcin Prachnio,Blue,Light Heavyweight,MALE,3,0,0,2,2,1,1,8,3,8,5,39,17,0,0,1,1,0,0,182.88,190.5,190.5,187.96,33,35,3.03,5.57,0.54,0.54,0.1,0.0,2.17,0.15,0.32,0.2,Orthodox,Orthodox,16,8
2024-02-10,Max Griffin,Jeremiah Wells,Red,Welterweight,MALE,3,0,0,3,4,1,1,7,4,8,1,41,10,0,0,3,2,0,1,180.34,175.26,193.04,187.96,38,37,3.92,2.41,0.49,0.43,0.3,0.8,1.45,3.08,0.41,0.44,Orthodox,Switch,15,5
2024-02-03,Roman Dolidze,Nassourdine Imavov,Blue,Middleweight,MALE,5,0,0,4,3,1,1,6,4,2,2,17,20,0,0,4,2,0,0,187.96,190.5,193.04,190.5,35,28,3.13,4.58,0.42,0.55,1.1,1.3,1.26,0.98,0.4,0.36,Orthodox,Orthodox,8,6
2024-02-03,Renato Moicano,Drew Dober,Red,Lightweight,MALE,3,1,1,3,3,0,0,9,14,5,8,30,44,0,0,0,10,6,1,180.34,172.72,182.88,177.8,34,35,4.38,4.39,0.48,0.4,0.6,0.1,1.89,0.67,0.45,0.17,Orthodox,Southpaw,14,22
2024-02-03,Randy Brown,Muslim Salikhov,Red,Welterweight,MALE,3,1,0,4,5,0,1,11,6,5,3,39,22,0,0,2,3,3,0,190.5,180.34,198.12,177.8,33,39,4.38,3.32,0.47,0.49,0.6,0.0,0.72,1.12,0.39,0.33,Orthodox,Orthodox,16,9
2024-02-03,Themba Gorimbo,Pete Rodriguez,Red,Welterweight,MALE,3,1,1,1,1,0,0,1,1,1,1,5,2,0,0,0,1,0,0,185.42,175.26,195.58,180.34,33,27,2.53,9.28,0.69,0.43,0.0,0.0,4.04,0.0,0.58,0.0,Orthodox,Switch,2,2
2024-02-03,JeongYeong Lee,Blake Bilder,Red,Featherweight,MALE,3,3,0,3,2,0,1,3,2,0,1,5,7,1,0,1,0,1,1,177.8,172.72,185.42,172.72,28,33,2.84,3.81,0.52,0.48,0.5,0.6,0.93,0.31,0.66,0.07,Orthodox,Switch,3,3
2024-01-20,Sean Strickland,Dricus Du Plessis,Blue,Middleweight,MALE,5,3,6,6,6,0,0,15,6,5,0,61,13,1,1,4,4,1,1,185.42,185.42,193.04,193.04,32,30,6.01,6.18,0.42,0.49,0.2,0.9,0.78,3.04,0.64,0.5,Orthodox,Switch,20,6
2024-01-20,Neil Magny,Mike Malott,Red,Welterweight,MALE,3,0,4,7,4,1,0,21,4,10,0,84,5,0,0,5,1,2,3,190.5,185.42,203.2,185.42,36,32,3.44,3.83,0.46,0.46,0.2,1.0,2.15,3.04,0.4,0.6,Orthodox,Orthodox,31,4
2024-01-20,Chris Curtis,Marc-Andre Barriault,Red,Middleweight,MALE,3,0,2,4,2,1,0,5,5,2,5,19,27,0,0,4,2,0,1,177.8,185.42,190.5,187.96,36,33,5.76,6.12,0.51,0.47,0.0,0.1,0.0,0.21,0.0,0.25,Orthodox,Orthodox,7,10
2024-01-20,Arnold Allen,Movsar Evloev,Blue,Featherweight,MALE,3,0,7,10,7,1,0,10,7,1,0,32,21,0,0,2,0,2,0,172.72,170.18,177.8,182.88,29,29,3.45,4.43,0.41,0.48,0.3,0.2,0.93,4.75,0.47,0.46,Southpaw,Orthodox,11,7
2024-01-20,Brad Katona,Garrett Armfield,Blue,Bantamweight,MALE,3,1,1,2,1,0,0,3,1,2,1,15,3,1,0,0,1,0,0,167.64,167.64,162.56,177.8,32,27,4.69,5.59,0.51,0.55,0.0,0.4,1.71,0.0,0.33,0.0,Orthodox,Orthodox,5,2
2024-01-20,Charles Jourdain,Sean Woodson,Blue,Featherweight,MALE,3,2,3,2,2,0,0,6,5,5,1,31,18,0,0,2,2,2,0,175.26,187.96,175.26,198.12,28,31,5.48,5.58,0.48,0.46,0.5,0.4,0.35,0.66,0.23,0.62,Switch,Orthodox,11,6
2024-01-20,Yohan Lainesse,Sam Patterson,Blue,Welterweight,MALE,3,0,0,1,1,1,1,2,1,2,1,7,3,0,0,1,0,0,1,185.42,190.5,193.04,198.12,31,27,2.22,2.66,0.41,0.37,0.5,3.9,0.94,1.94,0.28,1.0,Orthodox,Orthodox,4,2
2024-01-13,Magomed Ankalaev,Johnny Walker,Red,Light Heavyweight,MALE,5,9,3,9,4,0,0,9,8,1,4,31,23,1,0,5,5,0,1,190.5,198.12,190.5,208.28,31,31,3.64,3.87,0.53,0.53,0.0,0.9,1.02,0.45,0.31,1.0,Orthodox,Orthodox,10,12
2024-01-13,Jim Miller,Gabriel Benitez,Red,Lightweight,MALE,3,1,1,7,2,0,0,25,7,16,6,93,26,0,0,6,3,11,2,172.72,172.72,180.34,180.34,40,35,2.99,5.26,0.42,0.41,1.7,0.9,1.53,0.22,0.44,0.5,Southpaw,Southpaw,41,13
2024-01-13,Ricky Simon,Mario Bautista,Blue,Bantamweight,MALE,3,0,5,5,5,1,0,9,7,3,2,33,17,0,0,1,1,3,3,167.64,175.26,175.26,175.26,31,30,2.99,5.69,0.43,0.48,0.3,1.0,5.2,2.25,0.44,0.44,Orthodox,Switch,12,9
2024-01-13,Phil Hawes,Brunno Ferreira,Blue,Middleweight,MALE,3,0,0,4,2,2,1,5,2,4,1,15,3,0,0,3,2,0,0,182.88,177.8,195.58,182.88,35,31,5.33,4.99,0.59,0.54,0.2,0.0,2.11,0.89,0.34,0.16,Orthodox,Orthodox,9,3
2024-01-13,Matthew Semelsberger,Preston Parsons,Blue,Welterweight,MALE,3,0,0,2,1,2,1,5,1,4,2,23,7,0,0,2,0,0,0,185.42,180.34,190.5,180.34,31,28,3.78,3.5,0.43,0.51,0.4,2.4,1.02,3.53,0.57,0.36,Switch,Orthodox,9,3
2024-01-13,Farid Basharat,Taylor Lapilus,Red,Bantamweight,MALE,3,3,2,3,2,0,0,3,4,0,1,7,14,0,0,0,1,1,0,172.72,167.64,180.34,185.42,26,31,4.47,4.33,0.58,0.48,0.6,0.3,3.96,0.31,0.41,0.4,Orthodox,Southpaw,3,5
2023-12-16,Leon Edwards,Colby Covington,Red,Welterweight,MALE,5,11,1,11,7,0,0,13,12,2,3,55,53,3,3,3,3,1,2,187.96,180.34,187.96,182.88,32,35,2.68,3.88,0.53,0.38,0.4,0.2,1.25,3.79,0.36,0.44,Southpaw,Orthodox,15,15
2023-12-16,Shavkat Rakhmonov,Stephen Thompson,Red,Welterweight,MALE,3,5,1,5,7,0,0,5,12,0,6,9,58,0,2,1,6,4,0,185.42,182.88,195.58,190.5,29,40,4.12,4.11,0.61,0.46,1.8,0.0,1.49,0.26,0.29,0.41,Orthodox,Orthodox,5,18
2023-12-16,Tony Ferguson,Paddy Pimblett,Blue,Lightweight,MALE,3,0,4,12,4,6,0,15,4,7,0,55,7,3,0,5,1,6,2,180.34,177.8,193.04,185.42,39,28,4.91,4.94,0.45,0.53,0.9,2.1,0.39,0.91,0.35,0.25,Orthodox,Orthodox,22,4
2023-12-16,Josh Emmett,Bryce Mitchell,Red,Featherweight,MALE,3,0,1,5,6,2,0,9,7,4,1,37,21,1,0,3,0,0,1,167.64,177.8,177.8,177.8,38,29,4.04,2.3,0.36,0.58,0.1,1.6,0.91,3.45,0.37,0.41,Orthodox,Southpaw,13,8
2023-12-16,Alonzo Menifield,Dustin Jacoby,Red,Light Heavyweight,MALE,3,3,1,4,4,0,0,9,8,3,4,23,31,0,0,6,4,2,0,182.88,190.5,193.04,193.04,36,35,3.77,5.5,0.54,0.47,0.2,0.0,0.63,0.36,0.33,0.25,Orthodox,Orthodox,12,12
2023-12-16,Cody Garbrandt,Brian Kelleher,Red,Bantamweight,MALE,3,1,0,6,2,0,2,8,8,5,7,29,30,3,0,5,2,0,3,172.72,167.64,165.1,167.64,32,37,2.98,3.31,0.4,0.41,0.0,0.7,1.03,1.68,0.34,0.41,Orthodox,Switch,13,15
2023-12-16,Andre Fili,Lucas Almeida,Red,Featherweight,MALE,3,0,0,2,1,1,1,10,1,9,2,49,8,0,0,3,1,0,0,180.34,180.34,187.96,180.34,33,32,3.88,4.94,0.37,0.43,0.2,0.0,2.15,0.0,0.43,0.0,Orthodox,Orthodox,19,3
2023-12-09,Song Yadong,Chris Gutierrez,Red,Bantamweight,MALE,5,1,1,4,4,0,0,9,8,2,2,31,28,0,0,5,3,1,0,172.72,175.26,170.18,170.18,26,32,4.49,4.72,0.43,0.59,0.2,0.1,0.66,0.26,0.4,0.3,Orthodox,Orthodox,11,10
2023-12-09,Anthony Smith,Khalil Rountree Jr.,Blue,Light Heavyweight,MALE,3,1,4,3,4,0,0,14,8,10,5,56,26,1,1,7,6,5,0,193.04,185.42,193.04,193.04,35,33,3.24,3.84,0.49,0.39,0.6,0.1,0.46,0.0,0.26,0.0,Orthodox,Southpaw,24,13
2023-12-09,Nasrat Haqparast,Jamie Mullarkey,Red,Lightweight,MALE,3,2,1,3,2,0,0,7,5,4,4,30,22,0,0,1,2,0,0,177.8,182.88,182.88,187.96,28,29,6.15,4.39,0.44,0.46,0.0,0.1,0.28,2.31,0.2,0.34,Southpaw,Orthodox,11,9
2023-12-09,Tim Elliott,Sumudaerji,Red,Bantamweight,MALE,3,0,0,2,3,1,1,8,3,11,2,51,11,1,0,0,1,1,0,170.18,172.72,167.64,182.88,36,27,3.39,4.64,0.44,0.54,1.0,0.6,3.73,0.29,0.47,1.0,Southpaw,Southpaw,19,5
2023-12-09,JunYong Park,Andre Muniz,Blue,Middleweight,MALE,3,4,0,4,7,0,2,7,7,2,2,21,18,0,0,0,0,3,4,177.8,185.42,185.42,198.12,32,33,4.53,1.97,0.5,0.5,1.1,1.2,1.83,4.23,0.5,0.5,Orthodox,Southpaw,9,9
2023-12-09,Steve Garcia,Melquizael Costa,Red,Lightweight,MALE,3,2,1,2,1,0,0,4,1,2,1,10,5,0,0,4,0,0,0,182.88,177.8,190.5,180.34,31,27,5.0,3.46,0.56,0.46,0.6,1.1,1.27,2.5,0.4,0.35,Southpaw,Southpaw,6,2
2023-12-02,Beneil Dariush,Arman Tsarukyan,Blue,Lightweight,MALE,5,0,2,8,5,1,0,16,7,5,2,46,26,0,0,3,3,5,0,177.8,170.18,182.88,182.88,34,27,3.78,3.79,0.48,0.48,0.9,0.0,1.9,3.25,0.34,0.37,Southpaw,Orthodox,21,9
2023-12-02,Jalin Turner,King Green,Red,Lightweight,MALE,3,0,2,5,8,2,0,7,16,4,11,20,71,0,0,4,3,3,4,190.5,177.8,195.58,180.34,28,37,5.6,6.43,0.48,0.53,1.1,0.3,0.79,1.23,0.55,0.39,Southpaw,Orthodox,11,27
2023-12-02,Rob Font,Deiveson Figueiredo,Blue,Bantamweight,MALE,3,0,0,4,5,1,1,10,10,6,3,43,36,0,6,6,4,1,3,172.72,165.1,180.34,172.72,36,35,5.53,3.01,0.45,0.55,0.3,1.6,0.89,1.68,0.35,0.35,Orthodox,Orthodox,16,13
2023-12-02,Sean Brady,Kelvin Gastelum,Red,Welterweight,MALE,3,0,1,5,5,1,0,5,12,1,8,16,60,0,2,0,3,2,2,177.8,175.26,182.88,180.34,31,32,3.77,3.74,0.53,0.42,1.2,0.1,3.29,1.1,0.57,0.34,Orthodox,Southpaw,6,20
2023-12-02,Clay Guida,Joaquim Silva,Blue,Lightweight,MALE,3,0,0,4,3,1,1,20,5,18,4,102,21,2,0,2,3,5,0,170.18,172.72,177.8,175.26,41,34,2.64,3.66,0.33,0.43,0.6,0.8,3.13,0.39,0.36,0.5,Orthodox,Southpaw,38,9
2023-12-02,Punahele Soriano,Dustin Stoltzfus,Blue,Middleweight,MALE,3,0,0,3,1,1,1,4,2,3,4,15,14,0,0,3,1,0,0,180.34,182.88,182.88,190.5,31,32,4.89,3.51,0.53,0.44,0.0,1.0,1.48,2.45,0.56,0.41,Southpaw,Orthodox,7,6
2023-12-02,Drakkar Klose,Joe Solecki,Red,Lightweight,MALE,3,2,2,3,4,0,0,7,6,2,1,25,16,0,0,1,0,0,3,175.26,175.26,177.8,177.8,35,30,4.37,1.98,0.55,0.56,0.0,1.4,1.58,2.23,0.26,0.46,Orthodox,Orthodox,9,7
2023-12-02,Rodolfo Bellato,Ihor Potieria,Red,Light Heavyweight,MALE,3,1,0,1,1,0,1,1,2,1,2,4,5,0,0,1,2,0,0,190.5,190.5,195.58,190.5,27,27,6.47,5.13,0.61,0.5,0.5,0.0,1.09,0.0,0.25,0.0,Orthodox,Southpaw,2,4
2023-12-02,Wellington Turman,Jared Gooden,Blue,Welterweight,MALE,3,0,0,2,1,2,2,3,1,5,4,19,13,0,0,0,1,1,0,182.88,182.88,182.88,195.58,27,29,3.23,5.08,0.51,0.49,0.8,0.2,1.55,0.67,0.2,1.0,Orthodox,Orthodox,8,5
2023-11-18,Brendan Allen,Paul Craig,Red,Middleweight,MALE,5,5,1,5,4,0,0,11,9,2,6,25,29,0,0,1,3,7,6,187.96,190.5,190.5,193.04,27,35,3.98,2.45,0.53,0.46,1.4,1.6,1.74,1.68,0.47,0.2,Orthodox,Orthodox,13,15
2023-11-18,Michael Morales,Jake Matthews,Red,Welterweight,MALE,3,4,1,4,3,0,0,4,12,0,6,10,44,0,0,2,2,0,5,182.88,180.34,200.66,185.42,24,29,5.42,3.38,0.48,0.44,0.0,0.6,1.16,1.56,0.41,0.41,Orthodox,Orthodox,4,18
2023-11-18,Chase Hooper,Jordan Leavitt,Red,Lightweight,MALE,3,1,1,2,2,0,0,5,5,3,2,20,13,0,0,2,2,1,2,185.42,175.26,187.96,180.34,24,28,5.08,2.55,0.52,0.61,2.3,1.1,1.45,2.19,0.24,0.25,Southpaw,Southpaw,8,7
2023-11-18,Jonathan Pearce,Joanderson Brito,Blue,Featherweight,MALE,3,5,3,5,3,0,0,6,4,1,1,16,9,0,0,3,2,1,1,182.88,172.72,180.34,182.88,31,28,5.32,3.35,0.54,0.51,0.8,0.6,5.24,3.11,0.5,0.76,Switch,Orthodox,7,5
2023-11-18,Chad Anheliger,Jose Johnson,Blue,Bantamweight,MALE,3,0,0,2,1,1,1,2,1,1,2,9,7,0,0,1,0,0,0,167.64,182.88,162.56,180.34,36,28,3.6,2.22,0.45,0.57,0.6,0.7,0.82,0.71,0.3,0.6,Orthodox,Orthodox,3,3
2023-11-18,Christian Leroy Duncan,Denis Tiuliulin,Red,Middleweight,MALE,3,0,0,1,1,1,2,1,1,1,3,4,6,0,0,1,1,0,0,187.96,185.42,200.66,195.58,28,35,4.71,3.61,0.62,0.41,0.0,0.0,0.31,0.96,0.14,0.42,Switch,Orthodox,2,4
2023-11-18,Jeka Saragih,Lucas Alexander,Red,Featherweight,MALE,3,0,1,2,1,1,0,2,1,1,1,6,4,1,0,2,0,0,0,172.72,180.34,175.26,185.42,28,28,2.73,5.23,0.5,0.55,0.6,0.0,2.21,0.0,0.8,0.0,Orthodox,Orthodox,3,2
2023-11-11,Jiri Prochazka,Alex Pereira,Blue,Light Heavyweight,MALE,5,3,1,3,4,0,0,3,5,0,1,9,16,2,4,2,3,1,0,190.5,193.04,203.2,200.66,31,36,5.38,5.23,0.55,0.63,0.2,0.3,0.72,0.17,0.6,1.0,Orthodox,Orthodox,3,6
2023-11-11,Matt Frevola,Benoit Saint Denis,Blue,Lightweight,MALE,3,3,4,3,4,0,0,6,4,3,1,19,10,0,0,3,2,1,2,175.26,180.34,180.34,185.42,33,27,3.71,5.7,0.42,0.54,0.9,1.5,2.59,4.76,0.4,0.37,Orthodox,Southpaw,9,5
2023-11-11,Diego Lopes,Pat Sabatini,Red,Featherweight,MALE,3,1,1,1,4,0,0,1,5,2,1,7,13,0,0,0,0,1,2,180.34,172.72,182.88,177.8,28,33,3.24,2.02,0.55,0.59,3.7,1.9,0.33,3.73,0.25,0.42,Orthodox,Orthodox,3,6
2023-11-11,Mateusz Rebecki,Roosevelt Roberts,Red,Lightweight,MALE,3,3,0,3,3,0,2,3,5,0,3,6,19,0,0,1,0,1,3,170.18,187.96,167.64,185.42,31,29,4.69,3.05,0.48,0.44,1.0,0.9,4.12,1.39,0.75,0.29,Southpaw,Orthodox,3,8
2023-11-11,Jared Gordon,Mark Madsen,Red,Lightweight,MALE,3,0,0,3,4,1,1,7,4,5,1,32,13,0,0,1,1,0,0,175.26,172.72,172.72,182.88,35,39,5.75,3.56,0.55,0.49,0.0,0.0,1.78,2.86,0.31,0.66,Orthodox,Orthodox,12,5
2023-11-11,Dennis Buzukja,Jamall Emmers,Blue,Featherweight,MALE,3,0,0,1,1,1,1,1,2,2,4,9,15,0,0,0,0,0,0,175.26,177.8,177.8,187.96,26,34,4.21,5.3,0.43,0.48,0.2,0.2,0.63,1.83,0.27,0.4,Switch,Orthodox,3,6
2023-11-04,Gabriel Bonfim,Nicolas Dalby,Blue,Welterweight,MALE,3,3,3,3,3,0,0,3,6,0,3,3,31,0,0,0,0,3,0,185.42,180.34,182.88,187.96,26,38,5.78,4.06,0.42,0.43,1.9,0.1,2.92,1.01,0.75,0.27,Orthodox,Orthodox,3,9
2023-11-04,Caio Borralho,Abus Magomedov,Red,Middleweight,MALE,3,6,0,6,1,0,1,6,1,0,1,15,3,0,0,1,1,1,0,185.42,187.96,190.5,198.12,30,33,3.61,2.88,0.6,0.44,0.5,0.0,1.56,2.65,0.6,0.77,Southpaw,Orthodox,6,2
2023-11-04,Vitor Petrino,Modestas Bukauskas,Red,Light Heavyweight,MALE,3,3,2,3,2,0,0,3,3,0,3,8,13,0,0,1,1,1,0,187.96,190.5,195.58,198.12,26,29,2.82,3.21,0.45,0.42,0.8,0.2,3.98,0.38,0.66,0.66,Orthodox,Switch,3,6
2023-10-21,Islam Makhachev,Alexander Volkanovski,Red,Lightweight,MALE,5,12,1,12,12,0,0,13,13,1,1,33,50,3,8,2,5,6,0,177.8,167.64,177.8,180.34,31,35,2.65,6.16,0.59,0.56,1.1,0.2,3.19,1.78,0.53,0.37,Southpaw,Orthodox,14,14
2023-10-21,Kamaru Usman,Khamzat Chimaev,Blue,Middleweight,MALE,3,0,6,15,6,2,0,15,6,2,0,63,9,9,0,4,2,1,3,182.88,187.96,193.04,190.5,36,29,4.36,5.72,0.52,0.58,0.1,2.7,2.82,3.99,0.45,0.46,Switch,Orthodox,17,6
2023-10-21,Ikram Aliskerov,Warlley Alves,Red,Middleweight,MALE,3,2,0,2,4,0,2,2,8,0,6,2,33,0,1,1,3,1,3,182.88,180.34,193.04,182.88,30,32,7.03,3.04,0.6,0.48,1.8,0.8,1.82,1.22,0.33,0.5,Southpaw,Orthodox,2,14
2023-10-21,Said Nurmagomedov,Muin Gafurov,Red,Bantamweight,MALE,3,0,0,4,0,1,2,6,0,2,2,17,6,0,0,2,0,2,0,172.72,170.18,177.8,172.72,31,27,3.55,3.03,0.47,0.47,1.4,0.0,1.01,1.95,0.16,0.27,Orthodox,Southpaw,8,2
2023-10-21,Abu Azaitar,Sedriques Dumas,Blue,Middleweight,MALE,3,0,1,1,1,1,0,1,2,1,1,6,6,0,0,0,0,0,1,175.26,187.96,193.04,200.66,37,28,4.38,2.15,0.43,0.48,0.0,0.3,1.0,1.31,0.37,0.35,Orthodox,Orthodox,2,3
2023-10-21,Mike Breeden,Anshul Jubli,Red,Lightweight,MALE,3,0,2,0,2,4,0,0,2,4,0,8,5,0,1,0,1,0,0,177.8,182.88,177.8,175.26,34,28,5.75,6.48,0.45,0.46,0.0,0.4,0.98,0.82,0.3,0.18,Orthodox,Switch,4,2
2023-10-21,Nathaniel Wood,Muhammad Naimov,Blue,Featherweight,MALE,3,3,1,3,1,0,0,7,1,2,1,25,5,0,0,0,1,3,0,167.64,175.26,175.26,177.8,30,29,5.75,3.18,0.51,0.43,0.5,0.0,1.56,1.8,0.48,0.3,Orthodox,Orthodox,9,2
2023-10-14,Sodiq Yusuff,Edson Barboza,Blue,Featherweight,MALE,5,2,1,5,4,0,0,7,17,1,11,18,71,0,0,2,9,1,0,175.26,180.34,180.34,190.5,30,37,5.66,4.11,0.49,0.44,0.4,0.1,0.28,0.45,0.2,0.5,Orthodox,Orthodox,8,28
2023-10-14,Jonathan Martinez,Adrian Yanez,Red,Bantamweight,MALE,3,5,0,5,6,0,1,9,6,3,1,34,12,0,0,3,5,0,0,172.72,170.18,177.8,177.8,29,29,4.54,6.51,0.49,0.41,0.1,0.0,0.41,0.0,0.35,0.0,Southpaw,Orthodox,12,7
2023-10-14,Andre Petroski,Michel Pereira,Blue,Middleweight,MALE,3,5,5,5,5,0,0,5,6,0,2,13,22,0,0,1,1,2,1,182.88,185.42,185.42,185.42,32,30,3.0,5.16,0.5,0.54,2.0,0.8,4.07,1.53,0.56,0.55,Switch,Orthodox,5,8
2023-10-14,Christian Rodriguez,Cameron Saaiman,Red,Bantamweight,MALE,3,2,4,2,4,0,0,3,4,1,0,10,10,0,0,0,3,1,0,170.18,172.72,180.34,170.18,25,22,3.65,5.32,0.47,0.46,1.1,0.7,1.07,0.91,0.54,0.28,Orthodox,Southpaw,4,4
2023-10-14,Darren Elkins,TJ Brown,Red,Featherweight,MALE,3,0,0,6,2,1,1,17,4,10,4,69,22,0,0,4,0,2,2,177.8,175.26,180.34,182.88,39,33,3.44,3.37,0.38,0.44,1.1,1.3,2.85,3.41,0.35,0.57,Orthodox,Switch,27,8
2023-10-14,Chris Gutierrez,Alatengheili,Red,Bantamweight,MALE,3,0,2,4,2,1,0,7,4,2,1,25,16,0,0,3,1,0,0,175.26,165.1,170.18,167.64,32,31,4.72,2.64,0.59,0.32,0.1,0.0,0.26,1.99,0.3,0.45,Orthodox,Orthodox,9,5
2023-10-07,Grant Dawson,King Green,Blue,Lightweight,MALE,5,9,1,6,8,0,0,9,15,0,11,27,70,0,0,1,2,5,4,177.8,177.8,182.88,180.34,29,37,2.98,6.43,0.52,0.53,1.3,0.3,3.61,1.23,0.38,0.39,Switch,Orthodox,9,26
2023-10-07,Joe Pyfer,Abdul Razak Alhassan,Red,Middleweight,MALE,3,3,1,3,3,0,0,3,6,1,5,5,20,0,0,3,6,0,0,187.96,177.8,190.5,185.42,27,38,3.72,3.62,0.41,0.49,0.9,0.2,1.45,0.88,0.41,0.38,Orthodox,Orthodox,4,11
2023-10-07,Alex Morono,Joaquin Buckley,Blue,Welterweight,MALE,3,1,1,4,3,0,0,12,6,5,4,44,23,0,0,2,5,2,0,180.34,177.8,182.88,193.04,33,29,4.96,4.25,0.41,0.36,0.4,0.0,0.36,1.69,0.26,0.44,Orthodox,Southpaw,17,10
2023-10-07,Drew Dober,Ricky Glenn,Red,Lightweight,MALE,3,0,0,3,2,1,1,13,4,8,4,43,23,0,0,9,1,1,0,172.72,182.88,177.8,177.8,34,34,4.39,3.79,0.4,0.42,0.1,0.4,0.67,0.72,0.17,0.13,Southpaw,Southpaw,21,8
2023-10-07,Alexander Hernandez,Bill Algeo,Blue,Featherweight,MALE,3,1,1,2,2,0,0,6,4,5,4,23,22,0,0,3,1,0,1,175.26,182.88,182.88,185.42,31,34,4.33,5.88,0.41,0.51,0.1,0.1,1.06,1.03,0.31,0.5,Orthodox,Switch,11,8
2023-10-07,Aoriqileng,Johnny Munoz,Red,Bantamweight,MALE,3,0,0,2,1,1,1,2,2,3,3,11,12,0,0,1,0,0,1,170.18,175.26,175.26,180.34,30,30,5.31,2.44,0.5,0.36,0.0,1.8,1.45,2.4,0.46,0.25,Orthodox,Orthodox,5,5
2023-09-23,Rafael Fiziev,Mateusz Gamrot,Blue,Lightweight,MALE,5,0,1,6,4,1,0,6,5,2,2,22,19,0,0,3,2,0,1,172.72,177.8,180.34,177.8,30,32,4.9,3.23,0.51,0.5,0.0,0.1,0.29,5.25,0.4,0.35,Switch,Southpaw,8,7
2023-09-23,Bryce Mitchell,Dan Ige,Red,Featherweight,MALE,3,0,2,6,6,1,0,6,10,1,5,18,42,0,0,0,3,1,2,177.8,170.18,177.8,180.34,28,32,2.3,3.7,0.58,0.45,1.6,0.3,3.45,0.99,0.41,0.26,Southpaw,Orthodox,7,15
2023-09-23,Bryan Battle,AJ Fletcher,Red,Welterweight,MALE,3,1,1,3,1,0,0,4,2,1,2,10,9,0,0,2,1,1,1,185.42,177.8,195.58,170.18,29,26,4.52,3.36,0.51,0.49,0.6,0.9,1.12,1.54,0.28,0.35,Orthodox,Switch,5,4
2023-09-23,Ricardo Ramos,Charles Jourdain,Blue,Featherweight,MALE,3,1,1,3,2,0,0,7,5,3,5,22,30,0,0,2,2,1,1,175.26,175.26,182.88,175.26,28,27,3.03,5.48,0.36,0.48,0.8,0.5,2.77,0.35,0.61,0.23,Orthodox,Switch,10,10
2023-09-23,Tim Means,Andre Fialho,Red,Welterweight,MALE,3,0,0,4,2,3,3,14,2,12,4,61,12,0,0,5,2,2,0,187.96,182.88,190.5,187.96,39,29,5.08,3.3,0.49,0.41,0.2,0.0,1.16,0.25,0.4,1.0,Orthodox,Orthodox,26,6
2023-09-23,Jacob Malkoun,Cody Brundage,Blue,Middleweight,MALE,3,1,0,2,2,0,3,3,2,2,5,13,12,0,0,0,1,0,1,175.26,182.88,185.42,182.88,28,29,3.86,1.62,0.56,0.54,0.4,0.9,6.62,2.31,0.42,0.5,Orthodox,Orthodox,5,7
2023-09-16,Kevin Holland,Jack Della Maddalena,Blue,Welterweight,MALE,3,2,6,5,6,0,0,13,6,6,0,50,10,0,0,5,3,4,1,190.5,180.34,205.74,185.42,30,27,4.25,6.74,0.49,0.53,0.6,0.2,0.84,0.21,0.38,0.16,Orthodox,Switch,19,6
2023-09-16,Daniel Zellhuber,Christos Giagos,Red,Lightweight,MALE,3,1,1,1,2,0,0,2,6,1,6,9,24,0,0,0,1,0,2,185.42,177.8,195.58,180.34,24,33,5.86,3.03,0.41,0.41,0.2,0.4,0.22,2.84,0.33,0.36,Switch,Orthodox,3,12
2023-09-16,Roman Kopylov,Josh Fremd,Red,Middleweight,MALE,3,3,2,3,2,0,0,3,2,2,2,13,10,0,0,3,0,0,1,182.88,193.04,190.5,193.04,32,29,4.33,2.52,0.54,0.44,0.0,1.1,1.2,0.66,0.53,0.25,Southpaw,Orthodox,5,4
2023-09-09,Israel Adesanya,Sean Strickland,Blue,Middleweight,MALE,5,1,2,9,6,0,0,13,14,2,5,55,56,11,1,5,4,0,1,193.04,185.42,203.2,193.04,34,32,4.0,6.01,0.48,0.42,0.1,0.2,0.05,0.78,0.12,0.64,Switch,Orthodox,15,19
2023-09-09,Tyson Pedro,Anton Turkalj,Red,Light Heavyweight,MALE,3,0,0,2,1,1,2,5,1,4,2,15,7,0,0,3,0,2,0,190.5,193.04,200.66,198.12,31,27,2.9,2.45,0.59,0.42,0.8,0.0,0.76,4.98,0.3,0.41,Orthodox,Orthodox,9,3
2023-09-09,Carlos Ulberg,Da Woon Jung,Red,Light Heavyweight,MALE,3,4,0,4,2,0,2,5,4,1,2,9,15,0,0,4,2,0,1,193.04,193.04,195.58,198.12,32,29,7.41,3.49,0.59,0.43,0.3,0.2,0.95,1.9,0.75,0.5,Orthodox,Orthodox,6,6
2023-09-09,Jamie Mullarkey,John Makdessi,Red,Lightweight,MALE,3,0,0,2,3,1,1,4,11,4,8,19,48,0,0,2,3,0,0,182.88,172.72,187.96,172.72,29,38,4.39,5.52,0.46,0.49,0.1,0.0,2.31,0.0,0.34,0.0,Orthodox,Orthodox,8,19
2023-09-02,Benoit Saint Denis,Thiago Moises,Red,Lightweight,MALE,3,3,2,3,3,0,0,3,7,1,4,8,26,0,0,1,1,2,3,180.34,175.26,185.42,177.8,27,28,5.7,2.39,0.54,0.4,1.5,1.3,4.76,1.47,0.37,0.35,Southpaw,Orthodox,4,11
2023-09-02,Ange Loosa,Rhys McKee,Red,Welterweight,MALE,3,1,0,1,0,0,2,1,0,2,2,9,4,0,0,0,0,0,0,177.8,187.96,187.96,198.12,30,27,5.6,4.8,0.44,0.45,0.2,0.0,2.41,0.0,0.38,0.0,Orthodox,Orthodox,3,2
2023-09-02,Farid Basharat,Kleydson Rodrigues,Red,Bantamweight,MALE,3,2,1,2,1,0,0,2,2,0,1,6,7,0,0,0,1,0,0,172.72,165.1,180.34,170.18,26,27,4.47,4.58,0.58,0.57,0.6,0.6,3.96,0.6,0.41,0.22,Orthodox,Orthodox,2,3
2023-08-26,Max Holloway,Chan Sung Jung,Red,Featherweight,MALE,5,1,0,13,3,0,1,20,7,7,6,90,38,9,2,9,4,2,2,180.34,170.18,175.26,182.88,31,36,7.17,3.93,0.48,0.41,0.3,0.6,0.25,0.7,0.53,0.44,Orthodox,Orthodox,27,13
2023-08-26,Anthony Smith,Ryan Spann,Red,Light Heavyweight,MALE,3,0,0,3,5,2,1,13,8,10,4,53,17,1,0,7,3,5,3,193.04,195.58,193.04,200.66,35,32,3.24,3.25,0.49,0.4,0.6,1.5,0.46,1.34,0.26,0.35,Orthodox,Orthodox,23,12
2023-08-26,Giga Chikadze,Alex Caceres,Red,Featherweight,MALE,3,0,2,7,5,1,0,7,16,2,11,25,71,0,0,3,2,0,4,182.88,177.8,187.96,185.42,35,35,3.92,4.21,0.42,0.49,0.2,0.7,0.21,0.54,0.33,0.68,Orthodox,Southpaw,9,27
2023-08-26,Rinya Nakamura,Fernie Garcia,Red,Bantamweight,MALE,3,3,0,3,1,0,2,3,1,0,2,3,7,1,0,2,1,1,0,170.18,170.18,172.72,170.18,28,31,3.53,2.04,0.54,0.34,1.6,0.6,3.72,0.28,0.9,0.5,Southpaw,Orthodox,3,3
2023-08-26,Chidi Njokuani,Michal Oleksiejczuk,Blue,Middleweight,MALE,3,0,0,3,2,2,1,3,6,2,4,10,19,0,0,3,5,0,0,190.5,182.88,203.2,187.96,34,28,4.09,5.08,0.61,0.5,0.2,0.0,0.0,1.08,0.0,0.43,Orthodox,Southpaw,5,10
2023-08-19,Aljamain Sterling,Sean O'Malley,Blue,Bantamweight,MALE,5,9,4,9,5,0,0,15,9,3,1,52,22,4,1,2,6,4,0,170.18,180.34,180.34,182.88,34,28,4.61,7.63,0.52,0.61,0.7,0.3,2.31,0.35,0.27,0.42,Orthodox,Switch,18,10
2023-08-19,Neil Magny,Ian Machado Garry,Blue,Welterweight,MALE,3,1,5,7,5,0,0,21,5,9,0,81,11,0,0,5,3,2,0,190.5,190.5,203.2,187.96,36,25,3.44,5.5,0.46,0.55,0.2,0.3,2.15,0.77,0.4,0.55,Orthodox,Orthodox,30,5
2023-08-19,Da'Mon Blackshear,Mario Bautista,Blue,Bantamweight,MALE,3,2,4,2,4,0,0,2,6,1,2,9,14,0,0,1,1,1,3,177.8,175.26,182.88,175.26,29,30,4.28,5.69,0.47,0.48,0.8,1.0,2.33,2.25,0.37,0.44,Switch,Switch,3,8
2023-08-19,Marlon Vera,Pedro Munhoz,Red,Bantamweight,MALE,3,0,1,5,4,1,0,14,10,7,7,58,45,1,0,7,3,4,3,172.72,167.64,177.8,165.1,30,36,4.27,5.32,0.49,0.43,0.8,0.5,0.51,0.51,0.39,0.18,Switch,Orthodox,21,17
2023-08-19,Chris Weidman,Brad Tavares,Blue,Middleweight,MALE,3,0,0,9,5,1,2,11,14,6,8,40,59,5,0,4,2,3,0,187.96,185.42,198.12,187.96,39,35,3.18,3.38,0.45,0.43,0.8,0.0,3.44,0.78,0.42,0.26,Orthodox,Orthodox,17,22
2023-08-19,Gregory Rodrigues,Denis Tiuliulin,Red,Middleweight,MALE,3,0,0,2,1,1,1,4,1,3,2,13,5,0,0,3,1,0,0,190.5,185.42,190.5,195.58,31,35,5.52,3.61,0.56,0.41,0.4,0.0,2.74,0.96,0.41,0.42,Orthodox,Orthodox,7,3
2023-08-19,Kurt Holobaugh,Austin Hubbard,Red,Lightweight,MALE,3,0,0,0,1,5,1,0,3,5,4,14,18,0,0,0,1,0,0,180.34,177.8,177.8,180.34,36,31,4.63,4.11,0.45,0.45,0.8,0.0,0.76,1.75,0.33,0.5,Orthodox,Orthodox,5,7
2023-08-19,Brad Katona,Cody Gibson,Red,Bantamweight,MALE,3,0,0,2,1,2,2,2,1,2,3,12,9,1,0,0,1,0,0,167.64,177.8,162.56,180.34,31,35,4.69,3.96,0.51,0.44,0.0,0.4,1.71,1.61,0.33,0.3,Orthodox,Orthodox,4,4
2023-08-19,Andre Petroski,Gerald Meerschaert,Red,Middleweight,MALE,3,4,0,4,3,0,1,4,10,0,8,10,36,0,0,1,1,2,9,182.88,185.42,185.42,195.58,32,35,3.0,3.13,0.5,0.45,2.0,1.6,4.07,2.14,0.56,0.36,Switch,Southpaw,4,18
2023-08-12,Vicente Luque,Rafael Dos Anjos,Red,Welterweight,MALE,5,0,1,6,5,2,0,14,21,5,12,40,103,0,4,8,4,5,5,180.34,172.72,190.5,177.8,31,38,5.07,3.48,0.52,0.47,0.6,0.6,1.0,1.95,0.53,0.35,Orthodox,Southpaw,19,33
2023-08-12,Cub Swanson,Hakeem Dawodu,Red,Featherweight,MALE,3,0,0,6,5,1,1,18,6,12,3,76,25,0,0,6,1,2,0,172.72,172.72,177.8,185.42,39,32,4.67,5.45,0.5,0.5,0.4,0.0,1.04,0.0,0.5,0.0,Orthodox,Orthodox,30,9
2023-08-12,Khalil Rountree Jr.,Chris Daukaus,Red,Light Heavyweight,MALE,3,3,0,3,4,0,3,7,4,5,3,25,9,1,0,5,4,0,0,185.42,190.5,193.04,193.04,33,33,3.84,6.05,0.39,0.5,0.1,0.0,0.0,0.0,0.0,0.0,Southpaw,Orthodox,12,7
2023-08-12,AJ Dobson,Tafon Nchukwi,Red,Middleweight,MALE,3,0,0,1,2,2,2,1,3,2,3,7,15,0,0,0,1,1,0,185.42,182.88,193.04,195.58,31,28,4.29,5.57,0.46,0.52,0.3,0.0,1.67,0.76,0.75,0.57,Orthodox,Orthodox,3,6
2023-08-12,Josh Fremd,Jamie Pickett,Red,Middleweight,MALE,3,1,0,1,2,0,3,1,3,2,7,7,20,0,0,0,1,1,0,193.04,187.96,193.04,203.2,29,34,2.52,2.65,0.44,0.47,1.1,0.1,0.66,1.26,0.25,0.4,Orthodox,Orthodox,3,10
2023-08-12,Terrance McKinney,Mike Breeden,Red,Lightweight,MALE,3,0,0,2,0,2,3,3,0,4,3,10,7,0,0,1,0,2,0,177.8,177.8,185.42,177.8,28,34,4.53,5.75,0.5,0.45,1.0,0.0,3.45,0.98,0.36,0.3,Switch,Orthodox,7,3
2023-08-12,Da'Mon Blackshear,Jose Johnson,Red,Bantamweight,MALE,3,1,1,1,1,0,0,1,1,1,1,8,6,0,0,1,0,0,0,177.8,182.88,182.88,180.34,29,28,4.28,2.22,0.47,0.57,0.8,0.7,2.33,0.71,0.37,0.6,Switch,Orthodox,2,2
2023-08-05,Dustin Jacoby,Kennedy Nzechukwu,Red,Light Heavyweight,MALE,3,0,3,4,3,2,0,7,8,4,3,30,26,0,0,3,5,0,1,190.5,195.58,193.04,210.82,35,31,5.5,5.13,0.47,0.45,0.0,0.2,0.36,0.6,0.25,0.45,Orthodox,Southpaw,11,11
2023-08-05,Diego Lopes,Gavin Tucker,Red,Featherweight,MALE,3,0,0,0,3,2,1,0,4,2,2,6,16,0,0,0,0,0,2,180.34,167.64,182.88,167.64,28,37,3.24,4.29,0.55,0.44,3.7,1.5,0.33,3.13,0.25,0.44,Orthodox,Southpaw,2,6
2023-08-05,Tanner Boser,Aleksa Camur,Red,Light Heavyweight,MALE,3,0,0,2,2,2,2,4,2,5,2,21,11,0,0,3,1,0,0,187.96,185.42,190.5,187.96,32,27,4.7,4.73,0.52,0.57,0.0,0.0,0.0,0.46,0.0,0.22,Orthodox,Orthodox,9,4
2023-08-05,Ignacio Bahamondes,Ludovit Klein,Blue,Lightweight,MALE,3,3,2,3,2,0,0,4,3,1,2,14,16,0,0,2,1,1,0,190.5,170.18,190.5,182.88,25,28,7.15,3.93,0.46,0.55,0.4,0.0,0.0,1.66,0.0,0.5,Orthodox,Southpaw,5,5
2023-08-05,Kyler Phillips,Raoni Barcelos,Red,Bantamweight,MALE,3,1,0,4,5,0,1,5,6,1,3,15,23,0,0,2,2,1,1,172.72,170.18,182.88,170.18,28,36,5.72,5.22,0.45,0.51,0.5,0.6,2.41,1.86,0.46,0.32,Orthodox,Orthodox,6,9
2023-08-05,Jeremiah Wells,Carlston Harris,Blue,Welterweight,MALE,3,4,1,4,2,0,0,4,3,0,1,7,6,0,0,2,1,1,1,175.26,182.88,187.96,193.04,36,36,2.41,3.18,0.43,0.49,0.8,0.8,3.08,1.97,0.44,0.29,Switch,Orthodox,4,4
2023-08-05,Billy Quarantillo,Damon Jackson,Red,Featherweight,MALE,3,0,0,4,4,1,1,6,5,3,3,23,21,0,0,4,1,1,2,177.8,180.34,177.8,180.34,34,34,7.36,2.9,0.56,0.42,1.1,1.2,1.24,2.34,0.23,0.34,Orthodox,Switch,9,8
2023-08-05,Sean Woodson,Dennis Buzukja,Red,Featherweight,MALE,3,2,1,2,1,0,0,4,1,1,1,15,6,0,0,2,0,0,0,187.96,175.26,198.12,177.8,31,25,5.58,4.21,0.46,0.43,0.4,0.2,0.66,0.63,0.62,0.27,Orthodox,Switch,5,2
2023-07-29,Dustin Poirier,Justin Gaethje,Blue,Lightweight,MALE,5,1,1,5,4,0,0,22,7,7,4,71,26,4,2,11,5,4,0,175.26,180.34,182.88,177.8,34,34,5.3,6.78,0.5,0.59,1.3,0.0,1.24,0.11,0.36,0.25,Southpaw,Orthodox,29,11
2023-07-29,Jan Blachowicz,Alex Pereira,Blue,Light Heavyweight,MALE,3,1,0,5,4,0,1,12,4,6,1,54,13,4,5,5,3,2,0,187.96,193.04,198.12,200.66,40,36,3.41,5.23,0.5,0.63,0.3,0.3,1.09,0.17,0.5,1.0,Orthodox,Orthodox,18,5
2023-07-29,Tony Ferguson,King Green,Blue,Lightweight,MALE,3,0,0,12,8,5,2,15,14,6,11,52,67,3,0,5,2,6,3,180.34,177.8,193.04,180.34,39,36,4.91,6.43,0.45,0.53,0.9,0.3,0.39,1.23,0.35,0.39,Orthodox,Orthodox,21,25
2023-07-29,Michael Chiesa,Kevin Holland,Blue,Welterweight,MALE,3,0,1,4,5,2,0,11,12,6,6,39,49,1,0,0,5,6,3,185.42,190.5,190.5,205.74,35,30,1.86,4.25,0.4,0.49,1.0,0.6,3.35,0.84,0.51,0.38,Southpaw,Orthodox,17,18
2023-07-29,Gabriel Bonfim,Trevin Giles,Red,Welterweight,MALE,3,2,2,2,3,0,0,2,7,0,4,2,29,0,0,0,3,2,0,185.42,182.88,182.88,187.96,25,30,5.78,3.27,0.42,0.55,1.9,0.3,2.92,1.19,0.75,0.5,Orthodox,Orthodox,2,11
2023-07-29,Roman Kopylov,Claudio Ribeiro,Red,Middleweight,MALE,3,2,1,2,1,0,0,2,2,2,1,11,5,0,0,2,2,0,0,182.88,185.42,190.5,195.58,32,31,4.33,3.59,0.54,0.51,0.0,0.0,1.2,0.56,0.53,0.5,Southpaw,Orthodox,4,3
2023-07-29,Matthew Semelsberger,Uros Medic,Blue,Welterweight,MALE,3,0,1,2,2,1,0,5,3,3,1,20,5,0,0,2,3,0,0,185.42,185.42,190.5,180.34,30,30,3.78,5.51,0.43,0.6,0.4,0.0,1.02,0.38,0.57,0.5,Switch,Southpaw,8,4
2023-07-22,Nathaniel Wood,Andre Fili,Red,Featherweight,MALE,3,2,1,3,2,0,0,6,10,2,8,22,46,0,0,0,3,3,0,167.64,180.34,175.26,187.96,30,33,5.75,3.88,0.51,0.37,0.5,0.2,1.56,2.15,0.48,0.43,Orthodox,Orthodox,8,18
2023-07-22,Paul Craig,Andre Muniz,Red,Middleweight,MALE,3,0,0,4,7,2,1,8,7,6,1,27,16,0,0,2,0,6,4,190.5,185.42,193.04,198.12,35,33,2.45,1.97,0.46,0.5,1.6,1.2,1.68,4.23,0.2,0.5,Orthodox,Southpaw,14,8
2023-07-22,Jai Herbert,Fares Ziam,Blue,Lightweight,MALE,3,1,1,1,2,0,0,2,3,3,2,14,13,0,0,1,0,0,0,185.42,185.42,195.58,190.5,35,26,3.16,2.7,0.42,0.48,0.0,0.2,0.5,0.81,0.23,0.23,Orthodox,Orthodox,5,5
2023-07-22,Lerone Murphy,Josh Culibao,Red,Featherweight,MALE,3,4,3,4,3,0,0,4,3,0,1,12,13,0,0,2,0,0,1,175.26,177.8,185.42,185.42,32,29,5.01,3.41,0.54,0.44,0.6,0.3,1.59,0.0,0.52,0.0,Orthodox,Orthodox,4,4
2023-07-22,Davey Grant,Daniel Marcos,Blue,Bantamweight,MALE,3,2,2,3,2,0,0,6,2,5,0,29,5,1,0,3,1,1,0,172.72,170.18,175.26,175.26,37,30,4.77,5.94,0.42,0.52,0.2,0.0,1.26,0.25,0.41,0.5,Orthodox,Orthodox,11,2
2023-07-22,Marc Diakiese,Joel Alvarez,Blue,Lightweight,MALE,3,0,0,3,4,1,1,7,4,6,2,34,10,0,0,2,2,0,2,177.8,190.5,185.42,195.58,30,30,2.54,4.39,0.4,0.52,0.0,1.2,3.29,0.0,0.43,0.0,Orthodox,Orthodox,13,6
2023-07-22,Makhmud Muradov,Bryan Barberena,Red,Middleweight,MALE,3,0,0,3,3,2,2,3,9,2,8,14,42,0,0,2,4,0,1,187.96,182.88,190.5,182.88,33,34,4.21,5.35,0.43,0.48,0.2,0.3,3.03,0.13,0.66,0.22,Orthodox,Southpaw,5,17
2023-07-15,Albert Duraev,JunYong Park,Blue,Middleweight,MALE,3,1,3,2,3,0,0,3,6,1,2,9,19,0,0,0,0,1,2,180.34,177.8,190.5,185.42,34,32,2.99,4.53,0.4,0.5,0.6,1.1,1.97,1.83,0.29,0.5,Orthodox,Orthodox,4,8
2023-07-15,Nazim Sadykhov,Terrance McKinney,Red,Lightweight,MALE,3,2,0,2,2,0,1,2,3,0,3,6,8,0,0,2,1,0,2,177.8,177.8,175.26,185.42,29,28,4.94,4.53,0.48,0.5,0.3,1.0,1.71,3.45,0.62,0.36,Southpaw,Switch,2,6
2023-07-15,Tucker Lutz,Melsik Baghdasaryan,Blue,Featherweight,MALE,3,0,0,3,3,2,1,3,3,2,1,14,10,0,0,0,1,0,0,172.72,175.26,182.88,177.8,29,31,3.74,5.28,0.46,0.61,0.2,0.0,1.99,0.0,0.44,0.0,Orthodox,Southpaw,5,4
2023-07-15,Evan Elder,Genaro Valdez,Red,Lightweight,MALE,3,0,0,0,1,2,2,0,1,2,2,6,6,0,0,0,1,0,0,177.8,175.26,182.88,182.88,26,31,5.02,4.08,0.49,0.3,0.6,0.4,0.63,1.54,0.2,0.44,Switch,Orthodox,2,3
2023-07-08,Alexander Volkanovski,Yair Rodriguez,Red,Featherweight,MALE,5,0,2,12,6,1,0,12,10,1,2,47,37,8,2,4,4,0,1,167.64,180.34,180.34,180.34,34,30,6.16,4.65,0.56,0.46,0.2,0.7,1.78,0.69,0.37,0.27,Orthodox,Orthodox,13,12
2023-07-08,Robert Whittaker,Dricus Du Plessis,Blue,Middleweight,MALE,3,1,5,9,5,0,0,15,5,4,0,58,11,4,2,5,3,0,1,182.88,185.42,185.42,193.04,32,29,4.58,6.18,0.43,0.49,0.0,0.9,0.8,3.04,0.38,0.5,Orthodox,Switch,19,5
2023-07-08,Jalin Turner,Dan Hooker,Blue,Lightweight,MALE,3,0,1,5,4,1,0,7,12,3,8,17,45,0,0,4,7,3,2,190.5,182.88,195.58,190.5,28,33,5.6,5.03,0.48,0.48,1.1,0.3,0.79,0.73,0.55,0.34,Southpaw,Switch,10,20
2023-07-08,Robbie Lawler,Niko Price,Red,Welterweight,MALE,3,0,0,5,2,1,1,20,7,15,6,96,30,6,0,13,4,0,2,180.34,182.88,187.96,193.04,41,33,3.85,5.65,0.47,0.43,0.0,0.6,0.65,1.15,0.64,0.32,Southpaw,Orthodox,35,13
2023-07-08,Jimmy Crute,Alonzo Menifield,Blue,Light Heavyweight,MALE,3,0,2,3,4,2,0,5,8,3,3,13,21,0,0,3,6,2,1,187.96,182.88,187.96,193.04,27,35,3.68,3.77,0.54,0.54,2.0,0.2,4.84,0.63,0.57,0.33,Orthodox,Orthodox,8,11
2023-07-08,Vitor Petrino,Marcin Prachnio,Red,Light Heavyweight,MALE,3,2,1,2,2,0,0,2,3,0,4,5,14,0,0,1,1,0,0,187.96,190.5,195.58,187.96,25,34,2.82,5.57,0.45,0.54,0.8,0.0,3.98,0.15,0.66,0.2,Orthodox,Orthodox,2,7
2023-07-08,Kamuela Kirk,Esteban Ribovics,Blue,Lightweight,MALE,3,0,0,1,1,1,1,1,1,2,1,8,4,0,0,0,1,0,0,177.8,177.8,190.5,175.26,29,27,3.22,6.2,0.5,0.52,1.2,0.5,1.5,0.93,0.26,0.66,Switch,Orthodox,3,2
2023-07-01,Damir Ismagulov,Grant Dawson,Blue,Lightweight,MALE,3,0,8,5,6,1,0,5,8,1,0,18,24,0,0,0,1,0,5,177.8,177.8,187.96,182.88,32,29,3.36,2.98,0.42,0.52,0.0,1.3,1.0,3.61,0.28,0.38,Orthodox,Switch,6,8
2023-07-01,Max Griffin,Michael Morales,Blue,Welterweight,MALE,3,1,3,3,3,0,0,7,3,7,0,38,7,0,0,3,2,0,0,180.34,182.88,193.04,200.66,37,24,3.92,5.42,0.49,0.48,0.3,0.0,1.45,1.16,0.41,0.41,Orthodox,Orthodox,14,3
2023-07-01,Ismael Bonfim,Benoit Saint Denis,Blue,Lightweight,MALE,3,2,2,2,2,0,0,2,2,0,1,5,7,0,0,1,1,0,1,172.72,180.34,180.34,185.42,27,27,5.8,5.7,0.54,0.54,0.0,1.5,1.07,4.76,0.33,0.37,Orthodox,Southpaw,2,3
2023-07-01,Kevin Lee,Rinat Fakhretdinov,Blue,Welterweight,MALE,3,0,2,5,2,2,0,11,2,7,0,47,6,1,0,3,0,4,0,175.26,182.88,195.58,187.96,30,31,3.88,4.17,0.42,0.54,0.8,0.2,3.18,4.43,0.43,0.46,Orthodox,Orthodox,18,2
2023-06-24,Josh Emmett,Ilia Topuria,Blue,Featherweight,MALE,5,0,5,5,5,1,0,9,5,3,0,32,9,1,1,3,3,0,1,167.64,170.18,177.8,175.26,38,26,4.04,4.4,0.36,0.46,0.1,1.3,0.91,1.92,0.37,0.56,Orthodox,Orthodox,12,5
2023-06-24,Brendan Allen,Bruno Silva,Red,Middleweight,MALE,3,4,1,4,3,0,0,10,4,2,2,24,12,0,0,1,4,6,0,187.96,182.88,190.5,187.96,27,33,3.98,4.12,0.53,0.49,1.4,0.0,1.74,0.93,0.47,0.27,Orthodox,Orthodox,12,6
2023-06-24,Neil Magny,Phil Rowe,Red,Welterweight,MALE,3,0,3,7,3,1,0,20,4,9,1,78,13,0,0,5,4,2,0,190.5,190.5,203.2,203.2,35,32,3.44,3.65,0.46,0.49,0.2,0.3,2.15,0.7,0.4,0.36,Orthodox,Orthodox,29,5
2023-06-24,Randy Brown,Wellington Turman,Red,Welterweight,MALE,3,0,0,4,2,1,1,10,3,5,4,36,16,0,0,2,0,3,1,190.5,182.88,198.12,182.88,32,26,4.38,3.23,0.47,0.51,0.6,0.8,0.72,1.55,0.39,0.2,Orthodox,Orthodox,15,7
2023-06-24,Jamall Emmers,Jack Jenkins,Blue,Featherweight,MALE,3,1,2,1,2,0,0,2,2,3,0,12,6,0,0,0,1,0,0,177.8,170.18,187.96,172.72,33,29,5.3,4.83,0.48,0.6,0.2,0.0,1.83,2.12,0.4,0.69,Orthodox,Switch,5,2
2023-06-24,Cody Brundage,Sedriques Dumas,Blue,Middleweight,MALE,3,0,0,2,1,2,1,2,1,4,1,9,3,0,0,1,0,1,1,182.88,187.96,182.88,200.66,29,27,1.62,2.15,0.54,0.48,0.9,0.3,2.31,1.31,0.5,0.35,Orthodox,Orthodox,6,2
2023-06-17,Marvin Vettori,Jared Cannonier,Blue,Middleweight,MALE,5,1,1,5,3,0,0,9,9,4,6,46,40,1,1,0,6,2,0,182.88,180.34,187.96,195.58,29,39,4.56,4.49,0.45,0.5,0.5,0.0,1.66,0.42,0.45,0.46,Southpaw,Switch,13,15
2023-06-17,Arman Tsarukyan,Joaquim Silva,Red,Lightweight,MALE,3,1,1,5,3,0,0,6,5,2,3,23,18,0,0,2,3,0,0,170.18,172.72,182.88,175.26,26,34,3.79,3.66,0.48,0.43,0.0,0.8,3.25,0.39,0.37,0.5,Orthodox,Southpaw,8,8
2023-06-17,Pat Sabatini,Lucas Almeida,Red,Featherweight,MALE,3,0,1,4,1,1,0,4,1,1,1,11,6,0,0,0,1,1,0,172.72,180.34,177.8,180.34,32,32,2.02,4.94,0.59,0.43,1.9,0.0,3.73,0.0,0.42,0.0,Orthodox,Orthodox,5,2
2023-06-17,Manuel Torres,Nikolas Motta,Red,Lightweight,MALE,3,2,1,2,1,0,0,2,2,0,1,2,6,0,0,2,1,0,0,177.8,175.26,185.42,177.8,28,30,8.14,3.08,0.58,0.33,1.6,0.0,3.26,0.0,0.66,0.0,Switch,Orthodox,2,3
2023-06-17,Nicolas Dalby,Muslim Salikhov,Red,Welterweight,MALE,3,2,1,2,5,0,0,5,6,3,2,28,19,0,0,0,3,0,0,180.34,180.34,187.96,177.8,38,39,4.06,3.32,0.43,0.49,0.1,0.0,1.01,1.12,0.27,0.33,Orthodox,Orthodox,8,8
2023-06-17,Kyung Ho Kang,Cristian Quinonez,Red,Bantamweight,MALE,3,1,2,3,2,0,0,7,2,3,0,29,4,0,0,0,1,3,0,175.26,172.72,185.42,177.8,35,27,3.13,4.19,0.47,0.4,0.8,0.0,1.97,1.37,0.5,0.37,Orthodox,Orthodox,10,2
2023-06-17,Zac Pauga,Modestas Bukauskas,Blue,Light Heavyweight,MALE,3,1,1,1,1,0,0,1,2,1,3,5,10,0,0,0,1,0,0,187.96,190.5,193.04,198.12,35,29,4.46,3.21,0.62,0.42,0.0,0.2,0.38,0.38,0.07,0.66,Orthodox,Switch,2,5
2023-06-10,Charles Oliveira,Beneil Dariush,Red,Lightweight,MALE,3,0,8,11,8,1,0,21,16,9,4,59,45,3,0,3,3,16,5,177.8,177.8,187.96,182.88,33,34,3.39,3.78,0.53,0.48,2.8,0.9,2.17,1.9,0.4,0.34,Orthodox,Southpaw,30,20
2023-06-10,Mike Malott,Adam Fugitt,Red,Welterweight,MALE,3,3,1,3,1,0,0,3,1,0,1,3,4,0,0,1,1,2,0,185.42,185.42,185.42,195.58,31,34,3.83,4.72,0.46,0.45,1.0,0.0,3.04,2.04,0.6,0.29,Orthodox,Southpaw,3,2
2023-06-10,Dan Ige,Nate Landwehr,Red,Featherweight,MALE,3,1,3,6,3,0,0,9,4,5,2,39,13,0,0,3,0,2,2,170.18,175.26,180.34,182.88,31,35,3.7,6.25,0.45,0.46,0.3,1.0,0.99,1.0,0.26,0.41,Orthodox,Orthodox,14,6
2023-06-10,Marc-Andre Barriault,Eryk Anders,Red,Middleweight,MALE,3,1,1,2,2,0,0,4,7,5,7,24,38,0,0,2,4,1,0,185.42,185.42,187.96,190.5,33,36,6.12,3.41,0.47,0.47,0.1,0.1,0.21,1.79,0.25,0.26,Orthodox,Southpaw,9,14
2023-06-10,Aiemann Zahabi,Aoriqileng,Red,Bantamweight,MALE,3,2,2,2,2,0,0,3,2,2,2,13,10,0,0,1,1,0,0,172.72,170.18,172.72,175.26,35,29,3.43,5.31,0.43,0.5,0.0,0.0,0.2,1.45,0.16,0.46,Orthodox,Orthodox,5,4
2023-06-10,Kyle Nelson,Blake Bilder,Red,Featherweight,MALE,3,0,2,1,2,2,0,1,2,4,0,15,4,0,0,1,0,0,1,180.34,172.72,180.34,172.72,32,32,3.65,3.81,0.45,0.48,0.6,0.6,1.1,0.31,0.2,0.07,Switch,Switch,5,2
2023-06-03,Alex Caceres,Daniel Pineda,Red,Featherweight,MALE,3,1,1,5,2,0,0,15,5,11,5,68,21,0,0,2,1,4,4,177.8,170.18,185.42,175.26,34,37,4.21,2.96,0.49,0.48,0.7,1.5,0.54,1.61,0.68,0.24,Southpaw,Orthodox,26,10
2023-06-03,Abubakar Nurmagomedov,Elizeu Zaleski dos Santos,Blue,Welterweight,MALE,3,2,1,2,7,0,0,2,9,1,3,7,31,0,0,0,3,0,1,180.34,180.34,182.88,185.42,33,36,2.78,4.3,0.53,0.42,0.0,0.5,1.25,0.71,0.22,0.2,Orthodox,Orthodox,3,12
2023-06-03,Daniel Santos,Johnny Munoz,Red,Bantamweight,MALE,3,1,1,1,1,0,0,1,2,1,2,5,9,0,0,1,0,0,1,170.18,175.26,170.18,180.34,28,30,4.26,2.44,0.37,0.36,0.0,1.8,1.9,2.4,0.5,0.25,Orthodox,Orthodox,2,4
2023-06-03,Philipe Lins,Maxim Grishin,Red,Light Heavyweight,MALE,3,2,1,2,1,0,0,2,2,2,2,8,11,0,0,1,1,0,0,187.96,190.5,198.12,198.12,37,39,3.8,3.26,0.49,0.52,0.0,0.0,1.65,0.21,0.33,0.16,Orthodox,Orthodox,4,4
2023-05-20,Edmen Shahbazyan,Anthony Hernandez,Blue,Middleweight,MALE,3,1,3,5,3,0,0,6,4,3,2,17,14,0,0,4,0,1,3,190.5,182.88,190.5,190.5,25,29,3.77,4.3,0.5,0.59,0.5,3.0,2.01,6.62,0.38,0.49,Orthodox,Orthodox,9,6
2023-05-20,Andre Fialho,Joaquin Buckley,Blue,Welterweight,MALE,3,0,0,2,3,2,2,2,5,3,4,10,21,0,0,2,4,0,0,182.88,177.8,187.96,193.04,29,29,3.3,4.25,0.41,0.36,0.0,0.0,0.25,1.69,1.0,0.44,Orthodox,Southpaw,5,9
2023-05-20,Diego Ferreira,Michael Johnson,Red,Lightweight,MALE,3,0,1,6,4,3,0,8,13,5,14,28,69,0,1,3,5,2,0,175.26,177.8,187.96,185.42,38,36,5.04,4.27,0.39,0.39,0.6,0.0,0.96,0.62,0.3,0.41,Orthodox,Southpaw,13,27
2023-05-20,Maheshate,Viacheslav Borshchev,Blue,Lightweight,MALE,3,0,0,2,2,1,2,2,2,1,2,7,9,0,0,1,2,0,0,182.88,180.34,180.34,175.26,23,31,3.9,5.4,0.28,0.53,0.0,0.0,0.0,0.0,0.0,0.0,Orthodox,Orthodox,3,4
2023-05-13,Anthony Smith,Johnny Walker,Blue,Light Heavyweight,MALE,3,0,2,3,4,1,0,13,7,9,4,50,19,1,0,7,5,5,1,193.04,198.12,193.04,208.28,34,31,3.24,3.87,0.49,0.53,0.6,0.9,0.46,0.45,0.26,1.0,Orthodox,Orthodox,22,11
2023-05-13,Daniel Rodriguez,Ian Machado Garry,Blue,Welterweight,MALE,3,0,4,4,4,1,0,8,4,2,0,25,10,0,0,2,2,1,0,185.42,190.5,187.96,187.96,36,25,7.42,5.5,0.49,0.55,0.1,0.3,0.55,0.77,0.5,0.55,Southpaw,Orthodox,10,4
2023-05-13,Carlos Ulberg,Ihor Potieria,Red,Light Heavyweight,MALE,3,3,1,3,1,0,0,4,2,1,1,8,4,0,0,3,2,0,0,193.04,190.5,195.58,190.5,32,26,7.41,5.13,0.59,0.5,0.3,0.0,0.95,0.0,0.75,0.0,Orthodox,Southpaw,5,3
2023-05-13,Tim Means,Alex Morono,Blue,Welterweight,MALE,3,0,0,4,4,2,1,14,11,11,5,59,42,0,0,5,2,2,1,187.96,180.34,190.5,182.88,39,32,5.08,4.96,0.49,0.41,0.2,0.4,1.16,0.36,0.4,0.26,Orthodox,Orthodox,25,16
2023-05-13,Matt Brown,Court McGee,Red,Welterweight,MALE,3,0,0,7,3,1,1,16,10,13,10,66,55,0,1,12,0,2,2,182.88,180.34,190.5,190.5,42,38,3.76,4.6,0.55,0.37,1.3,0.4,1.68,1.84,0.46,0.25,Orthodox,Orthodox,29,20
2023-05-13,Bryan Battle,Gabe Green,Red,Welterweight,MALE,3,0,0,3,2,1,1,3,2,1,2,9,11,0,0,1,1,1,0,185.42,177.8,195.58,185.42,28,30,4.52,6.28,0.51,0.45,0.6,0.3,1.12,0.83,0.28,0.5,Orthodox,Switch,4,4
2023-05-06,Aljamain Sterling,Henry Cejudo,Red,Bantamweight,MALE,5,8,6,8,6,0,0,14,10,3,2,47,32,4,5,2,4,4,0,170.18,162.56,180.34,162.56,33,36,4.61,3.77,0.52,0.46,0.7,0.2,2.31,1.99,0.27,0.32,Orthodox,Orthodox,17,12
2023-05-06,Belal Muhammad,Gilbert Burns,Red,Welterweight,MALE,3,8,2,8,6,0,0,13,15,3,5,49,49,1,1,2,3,1,5,180.34,177.8,182.88,180.34,34,36,4.39,3.29,0.43,0.48,0.2,0.5,2.28,2.24,0.39,0.38,Orthodox,Orthodox,16,20
2023-05-06,Kron Gracie,Charles Jourdain,Blue,Featherweight,MALE,3,0,0,1,2,1,2,1,4,1,5,4,27,0,0,0,2,1,1,175.26,175.26,177.8,175.26,34,27,3.74,5.48,0.44,0.48,0.5,0.5,0.47,0.35,0.25,0.23,Southpaw,Switch,2,9
2023-05-06,Drew Dober,Matt Frevola,Blue,Lightweight,MALE,3,3,2,3,2,0,0,13,5,7,3,42,18,0,0,9,2,1,1,172.72,175.26,177.8,180.34,34,32,4.39,3.71,0.4,0.42,0.1,0.9,0.67,2.59,0.17,0.4,Southpaw,Orthodox,20,8
2023-05-06,Kennedy Nzechukwu,Devin Clark,Red,Light Heavyweight,MALE,3,2,1,3,2,0,0,7,8,3,7,24,37,0,0,5,1,0,0,195.58,182.88,210.82,190.5,30,33,5.13,3.03,0.45,0.54,0.2,0.1,0.6,2.17,0.45,0.32,Southpaw,Orthodox,10,15
2023-05-06,Joseph Holmes,Claudio Ribeiro,Blue,Middleweight,MALE,3,0,0,1,1,1,1,2,1,2,1,8,3,0,0,0,1,2,0,193.04,185.42,203.2,195.58,27,30,2.88,3.59,0.53,0.51,0.8,0.0,1.49,0.56,0.4,0.5,Orthodox,Orthodox,4,2
2023-04-29,Song Yadong,Ricky Simon,Red,Bantamweight,MALE,5,0,5,4,5,1,0,8,9,2,2,26,28,0,0,4,1,1,3,172.72,167.64,170.18,175.26,25,30,4.49,2.99,0.43,0.43,0.2,0.3,0.66,5.2,0.4,0.44,Orthodox,Orthodox,10,11
2023-04-29,Caio Borralho,Michal Oleksiejczuk,Red,Middleweight,MALE,3,5,2,5,2,0,0,5,6,0,3,13,17,0,0,1,5,0,0,185.42,182.88,190.5,187.96,30,28,3.61,5.08,0.6,0.5,0.5,0.0,1.56,1.08,0.6,0.43,Southpaw,Southpaw,5,9
2023-04-29,Rodolfo Vieira,Cody Brundage,Red,Middleweight,MALE,3,0,0,2,2,1,1,3,2,2,3,11,7,0,0,0,1,3,1,182.88,182.88,185.42,182.88,33,28,3.19,1.62,0.54,0.54,1.6,0.9,4.18,2.31,0.3,0.5,Orthodox,Orthodox,5,5
2023-04-22,Brad Tavares,Bruno Silva,Blue,Middleweight,MALE,3,0,0,5,3,1,2,14,3,7,2,58,11,0,0,2,3,0,0,185.42,182.88,187.96,187.96,35,33,3.38,4.12,0.43,0.49,0.0,0.0,0.78,0.93,0.26,0.27,Orthodox,Orthodox,21,5
2023-04-22,Jeremiah Wells,Matthew Semelsberger,Red,Welterweight,MALE,3,3,1,3,2,0,0,3,5,0,2,4,17,0,0,2,2,1,0,175.26,185.42,187.96,190.5,36,30,2.41,3.78,0.43,0.43,0.8,0.4,3.08,1.02,0.44,0.57,Switch,Switch,3,7
2023-04-22,Ricky Glenn,Christos Giagos,Blue,Lightweight,MALE,3,1,0,2,2,0,2,4,5,3,6,22,23,0,0,1,0,0,2,182.88,177.8,177.8,180.34,34,33,3.79,3.03,0.42,0.41,0.4,0.4,0.72,2.84,0.13,0.36,Southpaw,Orthodox,7,11
2023-04-22,Rani Yahya,Montel Jackson,Blue,Bantamweight,MALE,3,2,3,4,3,0,0,17,7,7,2,60,23,1,0,0,2,11,1,167.64,177.8,170.18,190.5,38,30,1.71,3.39,0.38,0.53,1.8,0.3,2.73,3.41,0.3,0.71,Orthodox,Southpaw,24,9
2023-04-22,Brady Hiestand,Batgerel Danaa,Red,Bantamweight,MALE,3,1,0,1,3,0,2,1,3,1,3,6,11,0,0,0,3,0,0,172.72,170.18,180.34,177.8,23,33,2.7,5.38,0.5,0.36,1.1,0.0,4.8,0.52,0.46,0.5,Orthodox,Orthodox,2,6
2023-04-15,Max Holloway,Arnold Allen,Red,Featherweight,MALE,5,0,10,13,10,1,0,19,10,7,0,85,27,9,0,9,2,2,2,180.34,172.72,175.26,177.8,31,29,7.17,3.45,0.48,0.41,0.3,0.3,0.25,0.93,0.53,0.47,Orthodox,Southpaw,26,10
2023-04-15,Edson Barboza,Billy Quarantillo,Red,Featherweight,MALE,3,0,1,4,4,2,0,16,6,11,2,70,22,0,0,8,4,0,1,180.34,177.8,190.5,177.8,37,34,4.11,7.36,0.44,0.56,0.1,1.1,0.45,1.24,0.5,0.23,Orthodox,Orthodox,27,8
2023-04-15,Dustin Jacoby,Azamat Murzakanov,Blue,Light Heavyweight,MALE,3,0,3,4,3,1,0,7,3,3,0,27,7,0,0,3,3,0,0,190.5,177.8,193.04,180.34,35,34,5.5,4.72,0.47,0.56,0.0,0.0,0.36,0.62,0.25,0.15,Orthodox,Southpaw,10,3
2023-04-15,Tanner Boser,Ion Cutelaba,Blue,Light Heavyweight,MALE,3,0,0,2,2,1,3,4,5,4,8,20,26,0,0,3,3,0,0,187.96,185.42,190.5,190.5,31,29,4.7,4.44,0.52,0.43,0.0,0.0,0.0,4.17,0.0,0.57,Orthodox,Southpaw,8,13
2023-04-15,Pedro Munhoz,Chris Gutierrez,Red,Bantamweight,MALE,3,0,7,4,4,2,0,9,7,7,1,42,22,0,0,3,3,3,0,167.64,175.26,165.1,170.18,36,31,5.32,4.72,0.43,0.59,0.5,0.1,0.51,0.26,0.18,0.3,Orthodox,Orthodox,16,8
2023-04-15,Clay Guida,Rafa Garcia,Blue,Lightweight,MALE,3,1,1,4,2,0,0,20,3,17,3,99,17,2,0,2,0,5,1,170.18,170.18,177.8,177.8,41,28,2.64,4.19,0.33,0.42,0.6,0.3,3.13,3.61,0.36,0.44,Orthodox,Orthodox,37,6
2023-04-15,Bill Algeo,TJ Brown,Red,Featherweight,MALE,3,0,1,2,2,1,0,3,4,4,3,20,20,0,0,1,0,0,2,182.88,175.26,185.42,182.88,33,32,5.88,3.37,0.51,0.44,0.1,1.3,1.03,3.41,0.5,0.57,Switch,Switch,7,7
2023-04-15,Zak Cummings,Ed Herman,Red,Light Heavyweight,MALE,3,1,0,2,3,0,1,9,13,5,12,33,58,0,1,1,4,4,5,182.88,185.42,190.5,195.58,38,42,2.96,3.31,0.35,0.48,0.6,1.0,0.62,1.96,0.28,0.47,Southpaw,Orthodox,14,25
2023-04-15,Lando Vannata,Daniel Zellhuber,Blue,Lightweight,MALE,3,0,0,1,1,1,1,4,1,6,1,29,6,0,0,1,0,1,0,175.26,185.42,180.34,195.58,31,23,4.52,5.86,0.45,0.41,0.3,0.2,1.09,0.22,0.37,0.33,Orthodox,Switch,10,2
2023-04-08,Alex Pereira,Israel Adesanya,Blue,Middleweight,MALE,5,4,0,4,9,0,1,4,12,0,2,11,53,4,11,3,4,0,0,193.04,193.04,200.66,203.2,35,33,5.23,4.0,0.63,0.48,0.3,0.1,0.17,0.05,1.0,0.12,Orthodox,Switch,4,14
2023-04-08,Gilbert Burns,Jorge Masvidal,Red,Welterweight,MALE,3,1,0,6,4,0,3,14,17,5,10,46,77,1,3,3,7,5,1,177.8,180.34,180.34,187.96,36,38,3.29,4.05,0.48,0.47,0.5,0.3,2.24,1.38,0.38,0.59,Orthodox,Orthodox,19,27
2023-04-08,Rob Font,Adrian Yanez,Red,Bantamweight,MALE,3,0,6,4,6,2,0,9,6,5,0,37,11,0,0,5,5,1,0,172.72,170.18,180.34,177.8,35,29,5.53,6.51,0.45,0.41,0.3,0.0,0.89,0.0,0.35,0.0,Orthodox,Orthodox,14,6
2023-04-08,Kevin Holland,Santiago Ponzinibbio,Red,Welterweight,MALE,3,0,1,5,7,2,0,11,11,6,5,46,38,0,0,4,6,3,0,190.5,182.88,205.74,185.42,30,36,4.25,4.74,0.49,0.41,0.6,0.0,0.84,0.59,0.38,0.32,Orthodox,Orthodox,17,16
2023-04-08,Raul Rosas Jr.,Christian Rodriguez,Blue,Bantamweight,MALE,3,2,1,2,1,0,0,2,2,0,1,4,7,0,0,0,0,1,1,175.26,170.18,170.18,180.34,18,25,1.12,3.65,0.43,0.47,1.8,1.1,4.39,1.07,0.38,0.54,Switch,Orthodox,2,3
2023-04-08,Chris Curtis,Kelvin Gastelum,Blue,Middleweight,MALE,3,1,0,4,5,0,2,5,11,1,8,14,57,0,2,4,3,0,2,177.8,175.26,190.5,180.34,35,31,5.76,3.74,0.51,0.42,0.0,0.1,0.0,1.1,0.0,0.34,Orthodox,Southpaw,6,19
2023-04-08,Gerald Meerschaert,Joe Pyfer,Blue,Middleweight,MALE,3,1,2,3,2,0,0,10,2,7,1,35,4,0,0,1,2,9,0,185.42,187.96,195.58,190.5,35,26,3.13,3.72,0.45,0.41,1.6,0.9,2.14,1.45,0.36,0.41,Southpaw,Orthodox,17,3
2023-04-08,Shayilan Nuerdanbieke,Steve Garcia,Blue,Featherweight,MALE,3,3,1,3,1,0,0,3,3,1,2,10,8,0,0,1,3,0,0,172.72,182.88,175.26,190.5,28,30,1.95,5.0,0.45,0.56,0.2,0.6,3.3,1.27,0.35,0.4,Orthodox,Southpaw,4,5
2023-03-25,Marlon Vera,Cory Sandhagen,Blue,Bantamweight,MALE,5,4,1,5,5,0,0,14,8,6,3,53,29,1,1,7,5,4,1,172.72,180.34,177.8,177.8,30,30,4.27,5.02,0.49,0.44,0.8,0.3,0.51,1.19,0.39,0.32,Switch,Switch,20,11
2023-03-25,Nate Landwehr,Austin Lingo,Red,Featherweight,MALE,3,2,2,2,2,0,0,3,2,2,1,11,9,0,0,0,0,1,0,175.26,177.8,182.88,177.8,34,28,6.25,3.86,0.46,0.37,1.0,0.0,1.0,0.43,0.41,0.66,Orthodox,Orthodox,5,3
2023-03-25,Chidi Njokuani,Albert Duraev,Blue,Middleweight,MALE,3,0,0,3,2,1,1,3,2,1,1,7,6,0,0,3,0,0,1,190.5,180.34,203.2,190.5,34,34,4.09,2.99,0.61,0.4,0.2,0.6,0.0,1.97,0.0,0.29,Orthodox,Orthodox,4,3
2023-03-25,Daniel Pineda,Tucker Lutz,Red,Featherweight,MALE,3,0,0,2,3,1,1,4,3,5,1,19,12,0,0,1,0,3,0,170.18,172.72,175.26,182.88,37,28,2.96,3.74,0.48,0.46,1.5,0.2,1.61,1.99,0.24,0.44,Orthodox,Orthodox,9,4
2023-03-25,Trevin Giles,Preston Parsons,Red,Welterweight,MALE,3,1,1,3,1,0,0,6,1,4,1,26,4,0,0,3,0,0,0,182.88,180.34,187.96,180.34,30,27,3.27,3.5,0.55,0.51,0.3,2.4,1.19,3.53,0.5,0.36,Orthodox,Orthodox,10,2
2023-03-18,Leon Edwards,Kamaru Usman,Red,Welterweight,MALE,5,10,0,10,15,0,1,12,15,2,1,50,58,3,8,3,4,1,1,187.96,182.88,187.96,193.04,31,35,2.68,4.36,0.53,0.52,0.4,0.1,1.25,2.82,0.36,0.45,Southpaw,Switch,14,16
2023-03-18,Justin Gaethje,Rafael Fiziev,Red,Lightweight,MALE,3,0,6,4,6,1,0,6,6,4,1,23,19,2,0,5,3,0,0,180.34,172.72,177.8,180.34,34,30,6.78,4.9,0.59,0.51,0.0,0.0,0.11,0.29,0.25,0.4,Orthodox,Switch,10,7
2023-03-18,Gunnar Nelson,Bryan Barberena,Red,Welterweight,MALE,3,1,0,4,3,0,1,9,9,5,7,32,41,0,0,0,4,7,1,180.34,182.88,182.88,182.88,34,33,1.84,5.35,0.61,0.48,1.0,0.3,1.9,0.13,0.59,0.22,Switch,Southpaw,14,16
2023-03-18,Marvin Vettori,Roman Dolidze,Red,Middleweight,MALE,3,0,4,5,4,1,0,8,6,4,1,43,14,1,0,0,4,2,0,182.88,187.96,187.96,193.04,29,34,4.56,3.13,0.45,0.42,0.5,1.1,1.66,1.26,0.45,0.4,Southpaw,Orthodox,12,7
2023-03-18,Jack Shore,Makwan Amirkhani,Red,Featherweight,MALE,3,0,0,5,3,1,1,5,7,1,6,16,28,0,0,0,1,2,4,172.72,177.8,180.34,182.88,28,34,3.75,1.33,0.58,0.44,0.7,1.1,3.1,3.96,0.38,0.43,Orthodox,Southpaw,6,13
2023-03-18,Chris Duncan,Omar Morales,Red,Lightweight,MALE,3,1,0,1,3,0,2,1,4,1,3,3,18,0,0,1,1,0,0,177.8,180.34,180.34,185.42,29,37,4.88,3.42,0.46,0.4,0.0,0.0,3.85,0.46,0.38,1.0,Orthodox,Orthodox,2,7
2023-03-11,Petr Yan,Merab Dvalishvili,Blue,Bantamweight,MALE,5,0,8,7,8,2,0,8,8,3,2,37,29,4,0,4,1,0,0,170.18,167.64,170.18,172.72,30,32,5.14,4.5,0.53,0.41,0.1,0.3,1.73,6.43,0.51,0.36,Switch,Orthodox,11,10
2023-03-11,Said Nurmagomedov,Jonathan Martinez,Blue,Bantamweight,MALE,3,4,4,4,4,0,0,6,8,1,3,14,31,0,0,2,3,2,0,172.72,172.72,177.8,177.8,30,28,3.55,4.54,0.47,0.49,1.4,0.1,1.01,0.41,0.16,0.35,Orthodox,Southpaw,7,11
2023-03-11,Mario Bautista,Guido Cannetti,Red,Bantamweight,MALE,3,3,2,3,2,0,0,5,4,2,5,13,17,0,0,1,1,2,1,175.26,167.64,175.26,172.72,29,43,5.69,3.44,0.48,0.55,1.0,0.4,2.25,2.27,0.44,0.55,Switch,Southpaw,7,9
2023-03-11,Raphael Assuncao,Davey Grant,Blue,Bantamweight,MALE,3,1,1,7,3,0,0,15,5,8,5,61,26,0,1,2,3,1,0,165.1,172.72,167.64,175.26,40,37,3.22,4.77,0.42,0.42,0.2,0.2,1.65,1.26,0.39,0.41,Orthodox,Orthodox,23,10
2023-03-11,Victor Henry,Tony Gravely,Red,Bantamweight,MALE,3,0,0,1,2,1,1,1,5,1,3,6,20,0,0,0,3,0,0,170.18,165.1,172.72,175.26,35,31,8.34,3.82,0.54,0.48,0.5,0.3,0.0,5.4,0.0,0.41,Switch,Orthodox,2,8
2023-03-11,Carlston Harris,Jared Gooden,Red,Welterweight,MALE,3,0,0,2,1,1,1,2,1,1,3,3,10,0,0,1,1,1,0,182.88,182.88,193.04,195.58,35,29,3.18,5.08,0.49,0.49,0.8,0.2,1.97,0.67,0.29,1.0,Orthodox,Orthodox,3,4
2023-03-04,Geoff Neal,Shavkat Rakhmonov,Blue,Welterweight,MALE,3,2,4,6,4,0,0,8,4,2,0,24,6,0,0,5,1,1,3,180.34,185.42,190.5,195.58,32,28,4.97,4.12,0.5,0.61,0.1,1.8,0.46,1.49,0.44,0.29,Southpaw,Orthodox,10,4
2023-03-04,Mateusz Gamrot,Jalin Turner,Red,Lightweight,MALE,3,0,5,4,5,1,0,4,7,2,2,16,14,0,0,2,4,1,3,177.8,190.5,177.8,195.58,32,27,3.23,5.6,0.5,0.48,0.1,1.1,5.25,0.79,0.35,0.55,Southpaw,Southpaw,6,9
2023-03-04,Bo Nickal,Jamie Pickett,Red,Middleweight,MALE,3,2,0,2,2,0,2,2,3,0,6,2,19,0,0,0,1,2,0,185.42,187.96,193.04,203.2,27,34,1.64,2.65,0.62,0.47,7.5,0.1,7.46,1.26,0.5,0.4,Southpaw,Orthodox,2,9
2023-03-04,Cody Garbrandt,Trevin Jones,Red,Bantamweight,MALE,3,0,0,6,1,2,3,7,1,5,3,26,13,3,0,5,1,0,0,172.72,170.18,165.1,177.8,31,32,2.98,2.13,0.4,0.37,0.0,0.2,1.03,0.62,0.34,0.15,Orthodox,Southpaw,12,4
2023-03-04,Derek Brunson,Dricus Du Plessis,Blue,Middleweight,MALE,3,0,4,5,4,1,0,17,4,7,0,49,9,0,2,7,2,3,1,185.42,185.42,195.58,193.04,39,29,3.51,6.18,0.47,0.49,0.6,0.9,3.14,3.04,0.33,0.5,Southpaw,Switch,24,4
2023-03-04,Julian Marquez,Marc-Andre Barriault,Blue,Middleweight,MALE,3,0,0,2,2,1,1,4,3,2,5,13,22,0,0,1,1,3,1,187.96,185.42,182.88,187.96,32,33,4.85,6.12,0.45,0.47,2.6,0.1,0.0,0.21,0.0,0.25,Orthodox,Orthodox,6,8
2023-03-04,Ian Machado Garry,Song Kenan,Red,Welterweight,MALE,3,3,0,3,2,0,1,3,4,0,2,7,11,0,0,1,3,0,0,190.5,182.88,187.96,180.34,25,32,5.5,4.57,0.55,0.47,0.3,0.0,0.77,0.43,0.55,0.33,Orthodox,Orthodox,3,6
2023-03-04,Mana Martinez,Cameron Saaiman,Blue,Bantamweight,MALE,3,1,2,1,2,0,0,2,2,2,0,10,6,0,0,0,2,0,0,177.8,172.72,177.8,170.18,26,22,4.33,5.32,0.48,0.46,0.5,0.7,0.72,0.91,0.42,0.28,Orthodox,Southpaw,4,2
2023-02-25,Andre Muniz,Brendan Allen,Blue,Middleweight,MALE,5,7,3,7,4,0,0,7,9,0,2,13,21,0,0,0,1,4,5,185.42,187.96,198.12,190.5,33,27,1.97,3.98,0.5,0.53,1.2,1.4,4.23,1.74,0.5,0.47,Southpaw,Orthodox,7,11
2023-02-25,Mike Malott,Yohan Lainesse,Red,Welterweight,MALE,3,2,1,2,1,0,0,2,2,0,1,2,6,0,0,1,1,1,0,185.42,185.42,185.42,193.04,31,30,3.83,2.22,0.46,0.41,1.0,0.5,3.04,0.94,0.6,0.28,Orthodox,Orthodox,2,3
2023-02-18,William Knight,Marcin Prachnio,Blue,Light Heavyweight,MALE,3,0,0,3,2,2,1,5,2,3,4,20,11,0,0,3,1,0,0,177.8,190.5,185.42,187.96,34,34,2.62,5.57,0.56,0.54,0.4,0.0,1.78,0.15,0.4,0.2,Orthodox,Orthodox,8,6
2023-02-18,Jim Miller,Alexander Hernandez,Blue,Lightweight,MALE,3,3,0,7,2,0,2,24,5,15,5,89,20,0,0,5,3,11,0,172.72,175.26,180.34,182.88,39,30,2.99,4.33,0.42,0.41,1.7,0.1,1.53,1.06,0.44,0.31,Southpaw,Orthodox,39,10
2023-02-18,Ovince Saint Preux,Philipe Lins,Blue,Light Heavyweight,MALE,3,1,1,5,1,0,0,20,1,12,2,74,7,1,0,9,0,5,0,190.5,187.96,203.2,198.12,39,37,3.03,3.8,0.47,0.49,0.5,0.0,1.1,1.65,0.36,0.33,Southpaw,Orthodox,32,3
2023-02-11,Islam Makhachev,Alexander Volkanovski,Red,Lightweight,MALE,5,11,12,11,12,0,0,12,12,1,0,28,42,3,8,2,4,6,0,177.8,167.64,177.8,180.34,31,34,2.65,6.16,0.59,0.56,1.1,0.2,3.19,1.78,0.53,0.37,Southpaw,Orthodox,13,12
2023-02-11,Yair Rodriguez,Josh Emmett,Red,Featherweight,MALE,5,1,5,6,5,0,0,9,9,2,2,35,30,2,0,4,3,0,0,180.34,167.64,180.34,177.8,30,37,4.65,4.04,0.46,0.36,0.7,0.1,0.69,0.91,0.27,0.37,Orthodox,Orthodox,11,11
2023-02-11,Jack Della Maddalena,Randy Brown,Red,Welterweight,MALE,3,4,4,4,4,0,0,4,10,0,4,6,35,0,0,3,2,0,3,180.34,190.5,185.42,198.12,26,32,6.74,4.38,0.53,0.47,0.2,0.6,0.21,0.72,0.16,0.39,Switch,Orthodox,4,14
2023-02-11,Tyson Pedro,Modestas Bukauskas,Blue,Light Heavyweight,MALE,3,2,0,2,1,0,3,5,1,3,3,12,7,0,0,3,1,2,0,190.5,190.5,200.66,198.12,31,29,2.9,3.21,0.59,0.42,0.8,0.2,0.76,0.38,0.3,0.66,Orthodox,Switch,8,4
2023-02-11,Josh Culibao,Melsik Baghdasaryan,Red,Featherweight,MALE,3,2,3,2,3,0,0,2,3,1,0,11,8,0,0,0,1,0,0,177.8,175.26,185.42,177.8,28,31,3.41,5.28,0.44,0.61,0.3,0.0,0.0,0.0,0.0,0.0,Orthodox,Southpaw,3,3
2023-02-04,Da Woon Jung,Devin Clark,Blue,Light Heavyweight,MALE,3,0,0,2,2,1,1,4,7,1,7,12,34,0,0,2,1,1,0,193.04,182.88,198.12,190.5,29,32,3.49,3.03,0.43,0.54,0.2,0.1,1.9,2.17,0.5,0.32,Orthodox,Orthodox,5,14
2023-02-04,JeongYeong Lee,Yizha,Red,Featherweight,MALE,5,2,2,2,2,0,0,2,2,0,0,2,4,0,1,1,0,1,1,177.8,170.18,185.42,180.34,27,26,2.84,2.82,0.52,0.44,0.5,1.4,0.93,4.55,0.66,0.32,Orthodox,Orthodox,2,2
2023-02-04,JunYong Park,Denis Tiuliulin,Red,Middleweight,MALE,3,2,1,3,1,0,0,5,1,2,1,18,4,0,0,0,1,1,0,177.8,185.42,185.42,195.58,31,34,4.53,3.61,0.5,0.41,1.1,0.0,1.83,0.96,0.5,0.42,Orthodox,Orthodox,7,2
2023-01-21,Glover Teixeira,Jamahal Hill,Blue,Light Heavyweight,MALE,5,0,3,8,3,1,0,19,6,7,1,61,15,3,1,8,5,8,0,187.96,193.04,193.04,200.66,43,31,3.73,7.18,0.49,0.54,0.9,0.0,2.11,0.0,0.33,0.0,Orthodox,Southpaw,26,7
2023-01-21,Gilbert Burns,Neil Magny,Red,Welterweight,MALE,3,0,1,6,7,1,0,13,20,5,8,45,77,1,0,3,5,4,2,177.8,190.5,180.34,203.2,36,35,3.29,3.44,0.48,0.46,0.5,0.2,2.24,2.15,0.38,0.4,Orthodox,Orthodox,18,28
2023-01-21,Paul Craig,Johnny Walker,Blue,Light Heavyweight,MALE,3,0,1,4,4,1,0,8,6,5,4,26,18,0,0,2,4,6,1,190.5,198.12,193.04,208.28,35,30,2.45,3.87,0.46,0.53,1.6,0.9,1.68,0.45,0.2,1.0,Orthodox,Orthodox,13,10
2023-01-21,Mauricio Rua,Ihor Potieria,Blue,Light Heavyweight,MALE,3,0,0,8,1,2,1,27,1,13,1,84,3,4,0,21,1,1,0,185.42,190.5,193.04,190.5,41,26,3.57,5.13,0.5,0.5,0.7,0.0,2.01,0.0,0.48,0.0,Orthodox,Southpaw,40,2
2023-01-21,Warlley Alves,Nicolas Dalby,Blue,Welterweight,MALE,3,0,1,4,2,1,0,8,4,5,3,30,25,1,0,3,0,3,0,180.34,180.34,182.88,187.96,32,38,3.04,4.06,0.48,0.43,0.8,0.1,1.22,1.01,0.5,0.27,Orthodox,Orthodox,13,7
2023-01-14,Sean Strickland,Nassourdine Imavov,Red,Light Heavyweight,MALE,5,0,3,6,3,2,0,12,4,5,1,49,13,2,0,3,2,1,0,185.42,190.5,193.04,190.5,31,27,6.01,4.58,0.42,0.55,0.2,1.3,0.78,0.98,0.64,0.36,Orthodox,Orthodox,17,5
2023-01-14,Dan Ige,Damon Jackson,Red,Featherweight,MALE,3,0,4,6,4,3,0,8,5,5,2,37,19,0,0,2,1,2,2,170.18,180.34,180.34,180.34,31,34,3.7,2.9,0.45,0.42,0.3,1.2,0.99,2.34,0.26,0.34,Orthodox,Switch,13,7
2023-01-14,Punahele Soriano,Roman Kopylov,Blue,Middleweight,MALE,3,1,1,3,1,0,0,4,1,2,2,13,9,0,0,3,1,0,0,180.34,182.88,182.88,190.5,30,31,4.89,4.33,0.53,0.54,0.0,0.0,1.48,1.2,0.56,0.53,Southpaw,Southpaw,6,3
2023-01-14,Umar Nurmagomedov,Raoni Barcelos,Red,Bantamweight,MALE,3,3,1,3,5,0,0,3,6,0,2,6,22,0,0,0,2,2,1,172.72,170.18,175.26,170.18,27,35,4.46,5.22,0.63,0.51,0.4,0.6,3.98,1.86,0.5,0.32,Orthodox,Orthodox,3,8
2022-12-17,Jared Cannonier,Sean Strickland,Red,Middleweight,MALE,5,0,0,3,6,1,1,8,12,6,4,35,44,1,2,6,3,0,1,180.34,185.42,195.58,193.04,38,31,4.49,6.01,0.5,0.42,0.0,0.2,0.42,0.78,0.46,0.64,Switch,Orthodox,14,16
2022-12-17,Arman Tsarukyan,Damir Ismagulov,Red,Lightweight,MALE,3,0,5,5,5,1,0,5,5,2,0,20,15,0,0,2,0,0,0,170.18,177.8,182.88,187.96,26,31,3.79,3.36,0.48,0.42,0.0,0.0,3.25,1.0,0.37,0.28,Orthodox,Orthodox,7,5
2022-12-17,Alex Caceres,Julian Erosa,Red,Featherweight,MALE,3,0,3,5,3,1,0,14,7,11,5,67,28,0,0,1,2,4,2,177.8,185.42,185.42,187.96,34,33,4.21,6.18,0.49,0.48,0.7,0.8,0.54,1.69,0.68,0.48,Southpaw,Southpaw,25,12
2022-12-17,Drew Dober,Bobby Green,Red,Lightweight,MALE,3,2,0,3,8,0,1,12,14,7,10,40,64,0,0,8,2,1,3,172.72,177.8,177.8,180.34,34,36,4.39,6.43,0.4,0.53,0.1,0.3,0.67,1.23,0.17,0.39,Southpaw,Orthodox,19,24
2022-12-17,Cody Brundage,Michal Oleksiejczuk,Blue,Middleweight,MALE,3,2,1,2,2,0,0,2,5,2,3,6,16,0,0,1,4,1,0,182.88,182.88,182.88,187.96,28,27,1.62,5.08,0.54,0.5,0.9,0.0,2.31,1.08,0.5,0.43,Orthodox,Southpaw,4,8
2022-12-17,Jake Matthews,Matthew Semelsberger,Blue,Welterweight,MALE,3,1,0,3,2,0,1,11,4,5,2,39,14,0,0,2,2,4,0,180.34,185.42,185.42,190.5,28,30,3.38,3.78,0.44,0.43,0.6,0.4,1.56,1.02,0.41,0.57,Orthodox,Switch,16,6
2022-12-17,Said Nurmagomedov,Saidyokub Kakhramonov,Red,Bantamweight,MALE,3,3,2,3,2,0,0,5,2,1,0,12,6,0,0,2,0,1,1,172.72,172.72,177.8,175.26,30,27,3.55,2.05,0.47,0.51,1.4,1.9,1.01,6.63,0.16,0.48,Orthodox,Orthodox,6,2
2022-12-17,Rafa Garcia,Maheshate,Red,Lightweight,MALE,3,0,2,2,2,1,0,2,2,3,0,14,4,0,0,0,1,1,0,170.18,182.88,177.8,180.34,28,23,4.19,3.9,0.42,0.28,0.3,0.0,3.61,0.0,0.44,0.0,Orthodox,Orthodox,5,2
2022-12-17,Sergey Morozov,Journey Newson,Red,Bantamweight,MALE,3,1,1,1,1,0,0,2,1,2,2,10,8,0,0,0,0,0,0,167.64,165.1,170.18,170.18,33,33,3.01,2.64,0.43,0.32,0.0,0.3,3.63,0.56,0.31,0.16,Orthodox,Orthodox,4,3
2022-12-10,Paddy Pimblett,Jared Gordon,Red,Lightweight,MALE,3,3,1,3,3,0,0,3,7,0,4,4,28,0,0,1,1,2,0,177.8,175.26,185.42,172.72,27,34,4.94,5.75,0.53,0.55,2.1,0.0,0.91,1.78,0.25,0.31,Orthodox,Orthodox,3,11
2022-12-10,Darren Till,Dricus Du Plessis,Blue,Middleweight,MALE,3,0,3,4,3,2,0,6,3,4,0,32,6,1,2,2,2,0,0,182.88,185.42,187.96,193.04,29,28,2.3,6.18,0.46,0.49,0.0,0.9,0.55,3.04,0.46,0.5,Southpaw,Switch,10,3
2022-12-10,Bryce Mitchell,Ilia Topuria,Blue,Featherweight,MALE,3,6,4,6,4,0,0,6,4,0,0,16,7,0,1,0,3,1,0,177.8,170.18,177.8,175.26,28,25,2.3,4.4,0.58,0.46,1.6,1.3,3.45,1.92,0.41,0.56,Southpaw,Orthodox,6,4
2022-12-10,Edmen Shahbazyan,Dalcha Lungiambula,Red,Middleweight,MALE,3,0,0,5,1,3,3,5,2,3,4,15,15,0,0,3,1,1,0,190.5,172.72,190.5,193.04,25,35,3.77,3.07,0.5,0.45,0.5,0.0,2.01,2.14,0.38,0.45,Orthodox,Orthodox,8,6
2022-12-10,Chris Curtis,Joaquin Buckley,Red,Middleweight,MALE,3,0,0,4,3,1,1,4,5,1,3,12,19,0,0,3,4,0,0,177.8,177.8,190.5,193.04,35,28,5.76,4.25,0.51,0.36,0.0,0.0,0.0,1.69,0.0,0.44,Orthodox,Southpaw,5,8
2022-12-10,Billy Quarantillo,Alexander Hernandez,Red,Featherweight,MALE,3,0,0,4,2,1,1,5,5,2,4,20,18,0,0,3,3,1,0,177.8,175.26,177.8,182.88,34,30,7.36,4.33,0.56,0.41,1.1,0.1,1.24,1.06,0.23,0.31,Orthodox,Orthodox,7,9
2022-12-03,Stephen Thompson,Kevin Holland,Red,Welterweight,MALE,5,0,0,7,5,2,1,11,11,6,5,54,42,2,0,5,4,0,3,182.88,190.5,190.5,205.74,39,30,4.11,4.25,0.46,0.49,0.0,0.6,0.26,0.84,0.41,0.38,Orthodox,Orthodox,17,16
2022-12-03,Bryan Barberena,Rafael Dos Anjos,Blue,Welterweight,MALE,3,3,0,3,5,0,1,9,20,6,12,39,101,0,4,4,4,1,4,182.88,172.72,182.88,177.8,33,38,5.35,3.48,0.48,0.47,0.3,0.6,0.13,1.95,0.22,0.35,Southpaw,Southpaw,15,32
2022-12-03,Jack Hermansson,Roman Dolidze,Blue,Middleweight,MALE,3,1,3,4,3,0,0,10,5,5,1,37,12,0,0,3,3,3,0,185.42,187.96,195.58,193.04,34,34,5.09,3.13,0.44,0.42,0.4,1.1,1.53,1.26,0.3,0.4,Orthodox,Orthodox,15,6
2022-12-03,Eryk Anders,Kyle Daukaus,Red,Middleweight,MALE,3,0,0,2,1,2,1,6,3,7,3,36,15,0,0,3,0,0,1,185.42,190.5,190.5,193.04,35,29,3.41,3.22,0.47,0.52,0.1,1.9,1.79,2.12,0.26,0.25,Southpaw,Southpaw,13,6
2022-12-03,Niko Price,Phil Rowe,Blue,Welterweight,MALE,3,1,2,2,2,0,0,7,3,5,1,27,10,0,0,4,3,2,0,182.88,190.5,193.04,203.2,33,32,5.65,3.65,0.43,0.49,0.6,0.3,1.15,0.7,0.32,0.36,Orthodox,Orthodox,12,4
2022-12-03,Clay Guida,Scott Holtzman,Red,Lightweight,MALE,3,0,0,4,3,1,2,19,7,17,5,96,32,2,0,2,2,5,1,170.18,175.26,177.8,175.26,40,39,2.64,4.32,0.33,0.47,0.6,0.2,3.13,1.88,0.36,0.56,Orthodox,Orthodox,36,12
2022-12-03,Michael Johnson,Marc Diakiese,Red,Lightweight,MALE,3,0,2,4,3,1,0,12,7,14,5,66,31,1,0,5,2,0,0,177.8,177.8,185.42,185.42,36,29,4.27,2.54,0.39,0.4,0.0,0.0,0.62,3.29,0.41,0.43,Southpaw,Orthodox,26,12
2022-12-03,Darren Elkins,Jonathan Pearce,Blue,Featherweight,MALE,3,1,4,6,4,0,0,17,5,9,1,66,13,0,0,4,3,2,1,177.8,182.88,180.34,180.34,38,30,3.44,5.32,0.38,0.54,1.1,0.8,2.85,5.24,0.35,0.5,Orthodox,Switch,26,6
2022-12-03,Natan Levy,Genaro Valdez,Red,Lightweight,MALE,3,1,0,1,1,0,1,2,1,1,1,9,3,0,0,0,1,1,0,175.26,175.26,180.34,182.88,31,30,3.7,4.08,0.52,0.3,0.5,0.4,5.03,1.54,0.58,0.44,Southpaw,Orthodox,3,2
2022-11-19,Kennedy Nzechukwu,Ion Cutelaba,Red,Light Heavyweight,MALE,5,1,0,3,2,0,2,6,5,3,7,22,24,0,0,4,3,0,0,195.58,185.42,210.82,190.5,30,28,5.13,4.44,0.45,0.43,0.2,0.0,0.6,4.17,0.45,0.57,Southpaw,Southpaw,9,12
2022-11-19,Andre Fialho,Muslim Salikhov,Blue,Welterweight,MALE,3,0,0,2,5,1,1,2,5,2,2,7,16,0,0,2,2,0,0,182.88,180.34,187.96,177.8,28,38,3.3,3.32,0.41,0.49,0.0,0.0,0.25,1.12,1.0,0.33,Orthodox,Orthodox,4,7
2022-11-19,Jack Della Maddalena,Danny Roberts,Red,Welterweight,MALE,3,3,0,3,2,0,1,3,7,0,5,5,26,0,0,2,3,0,1,180.34,185.42,185.42,187.96,26,35,6.74,3.18,0.53,0.39,0.2,0.2,0.21,0.24,0.16,0.09,Switch,Southpaw,3,12
2022-11-19,Vince Morales,Miles Johns,Blue,Bantamweight,MALE,3,0,0,2,2,1,1,3,4,5,2,20,17,0,0,1,2,0,0,175.26,170.18,177.8,167.64,32,28,4.17,3.28,0.37,0.47,0.0,0.0,0.14,1.02,0.25,0.2,Orthodox,Orthodox,8,6
2022-11-19,Ricky Turcios,Kevin Natividad,Red,Bantamweight,MALE,3,0,0,1,0,1,2,1,0,2,2,9,4,0,0,0,0,0,0,175.26,167.64,180.34,177.8,29,29,4.63,2.68,0.37,0.34,0.5,0.0,0.89,3.66,0.25,0.5,Orthodox,Orthodox,3,2
2022-11-12,Israel Adesanya,Alex Pereira,Blue,Middleweight,MALE,5,3,3,9,3,0,0,12,3,1,0,48,6,11,4,4,2,0,0,193.04,193.04,203.2,200.66,33,35,4.0,5.23,0.48,0.63,0.1,0.3,0.05,0.17,0.12,1.0,Switch,Orthodox,13,3
2022-11-12,Dustin Poirier,Michael Chandler,Red,Lightweight,MALE,3,0,1,5,3,1,0,21,4,7,2,68,11,4,1,11,3,3,1,175.26,172.72,182.88,180.34,33,36,5.3,4.89,0.5,0.46,1.3,0.9,1.24,2.17,0.36,0.38,Southpaw,Orthodox,28,6
2022-11-12,Frankie Edgar,Chris Gutierrez,Blue,Bantamweight,MALE,3,0,6,5,3,2,0,18,6,10,1,98,21,9,0,5,2,2,0,167.64,175.26,172.72,170.18,41,31,3.77,4.72,0.4,0.59,0.3,0.1,2.29,0.26,0.31,0.3,Orthodox,Orthodox,28,7
2022-11-12,Dan Hooker,Claudio Puelles,Red,Lightweight,MALE,3,0,5,4,5,2,0,11,5,8,1,43,15,0,1,6,0,2,3,182.88,177.8,190.5,182.88,32,26,5.03,1.56,0.48,0.49,0.3,1.2,0.73,3.17,0.34,0.36,Switch,Southpaw,19,6
2022-11-12,Brad Riddell,Renato Moicano,Blue,Lightweight,MALE,3,0,0,4,3,2,1,4,8,2,5,16,29,0,0,0,0,0,5,170.18,180.34,180.34,182.88,31,33,4.71,4.38,0.53,0.48,0.0,0.6,1.77,1.89,0.36,0.45,Orthodox,Orthodox,6,13
2022-11-12,Dominick Reyes,Ryan Spann,Blue,Light Heavyweight,MALE,3,0,1,6,5,3,0,6,7,3,3,19,15,2,0,3,2,1,3,193.04,195.58,195.58,200.66,32,31,4.87,3.25,0.5,0.4,0.3,1.5,0.35,1.34,0.28,0.35,Southpaw,Orthodox,9,10
2022-11-12,Andre Petroski,Wellington Turman,Red,Middleweight,MALE,3,3,2,3,2,0,0,3,3,0,3,7,13,0,0,1,0,2,1,182.88,182.88,185.42,182.88,31,26,3.0,3.23,0.5,0.51,2.0,0.8,4.07,1.55,0.56,0.2,Switch,Orthodox,3,6
2022-11-12,Matt Frevola,Ottman Azaitar,Red,Lightweight,MALE,3,1,2,2,2,0,0,4,2,3,0,17,2,0,0,1,2,1,0,175.26,172.72,180.34,180.34,32,32,3.71,5.73,0.42,0.51,0.9,0.0,2.59,0.0,0.4,0.0,Orthodox,Switch,7,2
2022-11-12,Michael Trizano,SeungWoo Choi,Red,Featherweight,MALE,3,0,0,2,3,2,2,3,3,3,4,17,18,1,0,0,1,0,0,180.34,182.88,180.34,187.96,30,30,3.63,3.51,0.53,0.39,0.5,0.0,0.36,0.86,0.66,0.54,Orthodox,Orthodox,6,7
2022-11-12,Julio Arce,Montel Jackson,Blue,Bantamweight,MALE,3,1,2,3,3,0,0,6,6,3,2,24,20,0,0,3,2,1,1,170.18,177.8,177.8,190.5,33,30,4.36,3.39,0.36,0.53,0.3,0.3,0.46,3.41,0.28,0.71,Southpaw,Southpaw,9,8
2022-11-12,Carlos Ulberg,Nicolae Negumereanu,Red,Light Heavyweight,MALE,3,2,4,2,4,0,0,3,4,1,1,7,12,0,0,2,2,0,0,193.04,182.88,195.58,198.12,32,28,7.41,3.58,0.59,0.41,0.3,0.0,0.95,1.02,0.75,0.28,Orthodox,Orthodox,4,5
2022-11-05,Neil Magny,Daniel Rodriguez,Red,Welterweight,MALE,3,0,4,7,4,1,0,19,8,8,1,74,22,0,0,5,2,1,1,190.5,185.42,203.2,187.96,35,35,3.44,7.42,0.46,0.49,0.2,0.1,2.15,0.55,0.4,0.5,Orthodox,Southpaw,27,9
2022-11-05,Darrick Minner,Shayilan Nuerdanbieke,Blue,Featherweight,MALE,3,0,2,2,2,2,0,2,2,4,1,12,9,0,0,0,0,1,0,170.18,172.72,175.26,175.26,32,28,2.63,1.95,0.65,0.45,2.7,0.2,2.4,3.3,0.72,0.35,Orthodox,Orthodox,6,3
2022-11-05,Grant Dawson,Mark Madsen,Red,Lightweight,MALE,3,7,4,6,4,0,0,7,4,0,0,21,10,0,0,1,1,4,0,177.8,172.72,182.88,182.88,28,38,2.98,3.56,0.52,0.49,1.3,0.0,3.61,2.86,0.38,0.66,Switch,Orthodox,7,4
2022-11-05,Mario Bautista,Benito Lopez,Red,Bantamweight,MALE,3,2,1,2,2,0,0,4,3,2,1,12,10,0,0,1,0,1,0,175.26,177.8,175.26,185.42,29,28,5.69,4.39,0.48,0.45,1.0,0.3,2.25,0.0,0.44,0.0,Switch,Switch,6,4
2022-10-29,Calvin Kattar,Arnold Allen,Blue,Featherweight,MALE,5,0,9,2,9,1,0,7,9,4,0,36,25,0,0,4,1,0,2,180.34,172.72,182.88,177.8,34,28,4.76,3.45,0.39,0.41,0.1,0.3,0.39,0.93,0.29,0.47,Orthodox,Southpaw,11,9
2022-10-29,Tim Means,Max Griffin,Blue,Welterweight,MALE,3,0,0,4,3,1,1,14,6,10,7,56,35,0,0,5,3,2,0,187.96,180.34,190.5,193.04,38,36,5.08,3.92,0.49,0.49,0.2,0.3,1.16,1.45,0.4,0.41,Orthodox,Orthodox,24,13
2022-10-29,Dustin Jacoby,Khalil Rountree Jr.,Blue,Light Heavyweight,MALE,3,7,2,4,3,0,0,7,6,2,5,24,22,0,1,3,5,0,0,190.5,185.42,193.04,193.04,34,32,5.5,3.84,0.47,0.39,0.0,0.1,0.36,0.0,0.25,0.0,Orthodox,Southpaw,9,11
2022-10-29,Phil Hawes,Roman Dolidze,Blue,Middleweight,MALE,3,1,2,4,2,0,0,5,4,2,1,13,11,0,0,3,2,0,0,182.88,187.96,195.58,193.04,33,34,5.33,3.13,0.59,0.42,0.2,1.1,2.11,1.26,0.34,0.4,Orthodox,Orthodox,7,5
2022-10-29,Joseph Holmes,JunYong Park,Blue,Middleweight,MALE,3,1,1,1,3,0,0,2,4,1,2,6,16,0,0,0,0,2,0,193.04,177.8,203.2,185.42,27,31,2.88,4.53,0.53,0.5,0.8,1.1,1.49,1.83,0.4,0.5,Orthodox,Orthodox,3,6
2022-10-29,Chase Hooper,Steve Garcia,Blue,Featherweight,MALE,3,1,0,2,1,0,1,4,2,2,2,16,7,0,0,2,2,1,0,185.42,182.88,187.96,190.5,23,30,5.08,5.0,0.52,0.56,2.3,0.6,1.45,1.27,0.24,0.4,Southpaw,Southpaw,6,4
2022-10-22,Charles Oliveira,Islam Makhachev,Blue,Lightweight,MALE,5,11,10,11,10,0,0,21,11,8,1,57,26,2,3,3,2,16,5,177.8,177.8,187.96,177.8,33,30,3.39,2.65,0.53,0.59,2.8,1.1,2.17,3.19,0.4,0.53,Orthodox,Southpaw,29,12
2022-10-22,Aljamain Sterling,TJ Dillashaw,Red,Bantamweight,MALE,5,7,1,7,4,0,0,13,13,3,4,45,48,4,8,1,7,4,1,170.18,167.64,180.34,170.18,33,36,4.61,5.09,0.52,0.41,0.7,0.8,2.31,1.56,0.27,0.3,Orthodox,Orthodox,16,17
2022-10-22,Petr Yan,Sean O'Malley,Blue,Bantamweight,MALE,3,0,3,7,5,1,0,8,8,2,1,34,19,4,2,4,6,0,0,170.18,180.34,170.18,182.88,29,27,5.14,7.63,0.53,0.61,0.1,0.3,1.73,0.35,0.51,0.42,Switch,Switch,10,9
2022-10-22,Beneil Dariush,Mateusz Gamrot,Red,Lightweight,MALE,3,7,4,7,4,0,0,15,4,4,1,42,13,0,0,3,2,5,1,177.8,177.8,182.88,177.8,33,31,3.78,3.23,0.48,0.5,0.9,0.1,1.9,5.25,0.34,0.35,Southpaw,Southpaw,19,5
2022-10-22,Belal Muhammad,Sean Brady,Red,Welterweight,MALE,3,7,5,7,5,0,0,12,5,3,0,47,14,1,0,1,0,1,2,180.34,177.8,182.88,182.88,34,29,4.39,3.77,0.43,0.53,0.2,1.2,2.28,3.29,0.39,0.57,Orthodox,Orthodox,15,5
2022-10-22,Makhmud Muradov,Caio Borralho,Blue,Middleweight,MALE,3,0,4,3,4,1,0,3,4,1,0,11,10,0,0,2,1,0,0,187.96,185.42,190.5,190.5,32,29,4.21,3.61,0.43,0.6,0.2,0.5,3.03,1.56,0.66,0.6,Orthodox,Southpaw,4,4
2022-10-22,Volkan Oezdemir,Nikita Krylov,Blue,Light Heavyweight,MALE,3,1,1,3,5,0,0,6,9,5,7,26,28,1,0,3,4,0,4,187.96,190.5,190.5,195.58,33,30,4.79,4.38,0.48,0.55,0.1,1.4,0.56,2.29,0.33,0.38,Orthodox,Orthodox,11,16
2022-10-22,Abubakar Nurmagomedov,Gadzhi Omargadzhiev,Red,Welterweight,MALE,3,1,0,1,1,0,1,1,1,1,1,4,4,0,0,0,0,0,1,180.34,185.42,182.88,180.34,32,29,2.78,1.8,0.53,0.39,0.0,0.5,1.25,1.35,0.22,0.3,Orthodox,Switch,2,2
2022-10-22,Armen Petrosyan,AJ Dobson,Red,Middleweight,MALE,3,0,0,2,1,1,1,2,1,1,1,7,4,0,0,1,0,0,1,190.5,185.42,180.34,193.04,31,30,5.69,4.29,0.52,0.46,0.0,0.3,0.22,1.67,0.33,0.75,Orthodox,Orthodox,3,2
2022-10-15,Cub Swanson,Jonathan Martinez,Blue,Bantamweight,MALE,3,1,3,6,3,0,0,18,7,11,3,74,29,0,0,6,2,2,0,172.72,172.72,177.8,177.8,38,28,4.67,4.54,0.5,0.49,0.4,0.1,1.04,0.41,0.5,0.35,Orthodox,Southpaw,29,10
2022-10-15,Jordan Wright,Dusko Todorovic,Blue,Middleweight,MALE,3,0,0,1,2,2,1,2,3,3,3,7,11,0,0,2,2,0,0,187.96,185.42,195.58,187.96,31,28,4.1,5.54,0.56,0.57,0.4,0.0,2.09,0.96,0.45,0.12,Orthodox,Orthodox,5,6
2022-10-15,Misha Cirkunov,Alonzo Menifield,Blue,Light Heavyweight,MALE,3,0,1,4,4,3,0,6,7,6,3,18,17,0,0,1,5,5,1,190.5,182.88,195.58,193.04,35,34,3.86,3.77,0.51,0.54,1.7,0.2,4.15,0.63,0.39,0.33,Orthodox,Orthodox,12,10
2022-10-15,Mana Martinez,Brandon Davis,Red,Bantamweight,MALE,3,0,0,1,1,1,3,1,3,2,6,7,23,0,0,0,0,0,1,177.8,177.8,177.8,182.88,26,32,4.33,4.68,0.48,0.35,0.5,0.1,0.72,0.74,0.42,0.42,Orthodox,Orthodox,3,9
2022-10-15,Nick Maximov,Jacob Malkoun,Blue,Middleweight,MALE,3,0,0,3,2,1,1,3,2,1,2,10,10,0,0,0,0,0,0,182.88,175.26,193.04,185.42,24,27,1.93,3.86,0.45,0.56,0.2,0.4,4.16,6.62,0.45,0.42,Southpaw,Orthodox,4,4
2022-10-01,Randy Brown,Francisco Trinaldo,Red,Welterweight,MALE,3,3,2,3,7,0,0,9,18,4,7,32,65,0,0,2,5,3,2,190.5,175.26,198.12,177.8,32,44,4.38,3.13,0.47,0.45,0.6,0.5,0.72,0.98,0.39,0.42,Orthodox,Southpaw,13,25
2022-10-01,Raoni Barcelos,Trevin Jones,Red,Bantamweight,MALE,3,0,0,5,1,2,2,5,1,2,2,19,10,0,0,2,1,1,0,170.18,170.18,170.18,177.8,35,32,5.22,2.13,0.51,0.37,0.6,0.2,1.86,0.62,0.32,0.15,Orthodox,Southpaw,7,3
2022-10-01,Mike Davis,Viacheslav Borshchev,Red,Lightweight,MALE,3,2,0,2,2,0,1,2,2,2,1,11,6,0,0,1,2,0,0,182.88,180.34,182.88,175.26,29,30,5.35,5.4,0.52,0.53,0.4,0.0,2.77,0.0,0.53,0.0,Orthodox,Orthodox,4,3
2022-10-01,Joaquim Silva,Jesse Ronson,Red,Lightweight,MALE,3,0,0,3,0,2,4,4,0,3,4,16,12,0,0,2,0,0,0,172.72,177.8,175.26,177.8,33,36,3.66,3.54,0.43,0.47,0.8,0.5,0.39,0.46,0.5,0.28,Southpaw,Southpaw,7,4
2022-10-01,Krzysztof Jotko,Brendan Allen,Blue,Middleweight,MALE,3,2,2,5,4,0,0,11,8,5,2,44,20,0,0,1,1,0,4,185.42,187.96,195.58,190.5,33,26,2.98,3.98,0.42,0.53,0.1,1.4,1.33,1.74,0.39,0.47,Southpaw,Orthodox,16,10
2022-10-01,Guido Cannetti,Randy Costa,Red,Bantamweight,MALE,3,1,0,1,2,0,2,3,2,5,3,16,8,0,0,1,2,0,0,167.64,175.26,172.72,185.42,42,28,3.44,6.53,0.55,0.46,0.4,0.0,2.27,0.0,0.55,0.0,Southpaw,Switch,8,5
2022-09-17,Cory Sandhagen,Song Yadong,Red,Bantamweight,MALE,5,0,3,5,4,2,0,7,8,3,1,25,22,1,0,4,4,1,1,180.34,172.72,177.8,170.18,30,24,5.02,4.49,0.44,0.43,0.3,0.2,1.19,0.66,0.32,0.4,Switch,Orthodox,10,9
2022-09-17,Chidi Njokuani,Gregory Rodrigues,Blue,Middleweight,MALE,3,3,1,3,2,0,0,3,3,0,2,5,10,0,0,3,2,0,0,190.5,190.5,203.2,190.5,33,30,4.09,5.52,0.61,0.56,0.2,0.4,0.0,2.74,0.0,0.41,Orthodox,Orthodox,3,5
2022-09-17,Andre Fili,Bill Algeo,Red,Featherweight,MALE,3,0,2,2,2,2,0,9,3,8,3,43,17,0,0,3,1,0,0,180.34,182.88,187.96,185.42,32,33,3.88,5.88,0.37,0.51,0.2,0.1,2.15,1.03,0.43,0.5,Orthodox,Switch,17,6
2022-09-17,Joe Pyfer,Alen Amedovski,Red,Middleweight,MALE,3,1,0,1,0,0,3,1,0,1,3,3,5,0,0,1,0,0,0,187.96,177.8,190.5,187.96,26,34,3.72,0.99,0.41,0.3,0.9,0.0,1.45,0.0,0.41,0.0,Orthodox,Orthodox,2,3
2022-09-17,Anthony Hernandez,Marc-Andre Barriault,Red,Middleweight,MALE,3,2,1,2,2,0,0,3,3,2,4,11,19,0,0,0,1,2,1,182.88,185.42,190.5,187.96,28,32,4.3,6.12,0.59,0.47,3.0,0.1,6.62,0.21,0.49,0.25,Orthodox,Orthodox,5,7
2022-09-17,Damon Jackson,Pat Sabatini,Red,Featherweight,MALE,3,3,4,3,4,0,0,4,4,2,0,18,10,0,0,0,0,2,1,180.34,172.72,180.34,177.8,34,31,2.9,2.02,0.42,0.59,1.2,1.9,2.34,3.73,0.34,0.42,Switch,Orthodox,6,4
2022-09-17,Trevin Giles,Louis Cosce,Red,Welterweight,MALE,3,0,0,3,1,2,1,5,1,4,1,23,4,0,0,3,1,0,0,182.88,175.26,187.96,180.34,30,27,3.27,4.31,0.55,0.45,0.3,0.5,1.19,1.04,0.5,0.2,Orthodox,Orthodox,9,2
2022-09-17,Tony Gravely,Javid Basharat,Blue,Bantamweight,MALE,3,2,2,2,2,0,0,5,2,2,0,17,6,0,0,3,0,0,1,165.1,175.26,175.26,175.26,30,27,3.82,5.42,0.48,0.53,0.3,0.2,5.4,1.7,0.41,0.4,Orthodox,Orthodox,7,2
2022-09-10,Nate Diaz,Tony Ferguson,Red,Welterweight,MALE,5,0,0,5,12,2,4,19,15,12,5,77,48,3,3,4,5,11,6,182.88,180.34,193.04,193.04,37,38,4.57,4.91,0.45,0.45,1.3,0.9,1.05,0.39,0.3,0.35,Southpaw,Orthodox,31,20
2022-09-10,Johnny Walker,Ion Cutelaba,Red,Light Heavyweight,MALE,3,0,0,4,2,2,1,5,5,4,6,17,23,0,0,4,3,0,0,198.12,185.42,208.28,190.5,30,28,3.87,4.44,0.53,0.43,0.9,0.0,0.45,4.17,1.0,0.57,Orthodox,Southpaw,9,11
2022-09-10,Hakeem Dawodu,Julian Erosa,Blue,Featherweight,MALE,3,1,2,5,2,0,0,6,6,2,5,22,25,0,0,1,2,0,2,172.72,185.42,185.42,187.96,31,33,5.45,6.18,0.5,0.48,0.0,0.8,0.0,1.69,0.0,0.48,Orthodox,Southpaw,8,11
2022-09-10,Chad Anheliger,Alatengheili,Blue,Bantamweight,MALE,3,2,1,2,2,0,0,2,3,0,1,6,13,0,0,1,1,0,0,167.64,165.1,162.56,167.64,35,30,3.6,2.64,0.45,0.32,0.6,0.0,0.82,1.99,0.3,0.45,Orthodox,Orthodox,2,4
2022-09-10,Darian Weeks,Yohan Lainesse,Blue,Welterweight,MALE,3,0,0,0,1,2,1,0,1,2,1,6,3,0,0,0,1,0,0,180.34,185.42,182.88,193.04,28,30,4.49,2.22,0.51,0.41,0.0,0.5,2.0,0.94,0.3,0.28,Orthodox,Orthodox,2,2
2022-09-03,Robert Whittaker,Marvin Vettori,Red,Middleweight,MALE,3,0,1,9,5,1,0,14,8,4,3,55,40,4,1,5,0,0,2,182.88,182.88,185.42,187.96,31,28,4.58,4.56,0.43,0.45,0.0,0.5,0.8,1.66,0.38,0.45,Orthodox,Southpaw,18,11
2022-09-03,Nassourdine Imavov,Joaquin Buckley,Red,Middleweight,MALE,3,2,3,2,3,0,0,3,5,1,2,10,16,0,0,2,4,0,0,190.5,177.8,190.5,193.04,27,28,4.58,4.25,0.55,0.36,1.3,0.0,0.98,1.69,0.36,0.44,Orthodox,Southpaw,4,7
2022-09-03,Alessio Di Chirico,Roman Kopylov,Blue,Middleweight,MALE,3,0,0,2,0,1,2,4,0,6,2,23,6,0,0,2,0,0,0,182.88,182.88,187.96,190.5,32,31,3.32,4.33,0.39,0.54,0.0,0.0,1.46,1.2,0.39,0.53,Orthodox,Southpaw,10,2
2022-09-03,Charles Jourdain,Nathaniel Wood,Blue,Featherweight,MALE,3,0,1,2,3,1,0,4,5,4,2,24,19,0,0,2,0,1,3,175.26,167.64,175.26,175.26,26,29,5.48,5.75,0.48,0.51,0.5,0.5,0.35,1.56,0.23,0.48,Switch,Orthodox,8,7
2022-09-03,John Makdessi,Nasrat Haqparast,Blue,Lightweight,MALE,3,1,0,3,3,0,2,11,5,7,4,45,24,0,0,3,1,0,0,172.72,177.8,172.72,182.88,37,27,5.52,6.15,0.49,0.44,0.0,0.0,0.0,0.28,0.0,0.2,Orthodox,Southpaw,18,9
2022-08-20,Kamaru Usman,Leon Edwards,Blue,Welterweight,MALE,5,15,9,15,9,0,0,15,11,0,2,53,45,8,3,4,2,1,1,182.88,187.96,193.04,187.96,35,30,4.36,2.68,0.52,0.53,0.1,0.4,2.82,1.25,0.45,0.36,Switch,Southpaw,15,13
2022-08-20,Paulo Costa,Luke Rockhold,Red,Middleweight,MALE,3,0,0,5,9,2,2,5,15,2,4,17,36,1,4,4,6,0,7,185.42,190.5,182.88,195.58,31,37,6.22,4.1,0.58,0.49,0.0,1.0,0.36,0.7,0.75,0.29,Orthodox,Southpaw,7,19
2022-08-20,Jose Aldo,Merab Dvalishvili,Blue,Bantamweight,MALE,3,3,7,15,7,0,0,21,7,6,2,84,26,15,0,11,1,0,0,170.18,167.64,177.8,172.72,35,31,3.63,4.5,0.46,0.41,0.1,0.3,0.51,6.43,0.53,0.36,Orthodox,Orthodox,27,9
2022-08-20,Tyson Pedro,Harry Hunsucker,Red,Light Heavyweight,MALE,3,1,0,2,0,0,3,4,0,3,3,11,3,0,0,2,0,2,0,190.5,187.96,200.66,190.5,30,33,2.9,3.54,0.59,0.52,0.8,2.0,0.76,0.0,0.3,0.0,Orthodox,Orthodox,7,3
2022-08-20,Leonardo Santos,Jared Gordon,Blue,Lightweight,MALE,3,0,0,6,3,2,1,7,6,2,4,23,25,1,0,2,1,2,0,182.88,175.26,190.5,172.72,42,33,2.82,5.75,0.46,0.55,0.2,0.0,0.88,1.78,0.25,0.31,Orthodox,Orthodox,9,10
2022-08-20,AJ Fletcher,Ange Loosa,Blue,Welterweight,MALE,3,0,0,1,0,1,2,1,0,1,2,4,6,0,0,1,0,0,0,177.8,177.8,170.18,187.96,25,29,3.36,5.6,0.49,0.44,0.9,0.2,1.54,2.41,0.35,0.38,Switch,Orthodox,2,2
2022-08-20,Aoriqileng,Jay Perrin,Red,Bantamweight,MALE,3,1,0,1,0,0,2,1,0,2,2,7,6,0,0,1,0,0,0,170.18,170.18,175.26,170.18,29,29,5.31,3.71,0.5,0.46,0.0,0.0,1.45,2.83,0.46,0.52,Orthodox,Switch,3,2
2022-08-13,Marlon Vera,Dominick Cruz,Red,Bantamweight,MALE,5,3,2,5,12,0,0,13,14,6,3,49,59,1,10,6,2,4,0,172.72,172.72,177.8,172.72,29,37,4.27,3.91,0.49,0.33,0.8,0.1,0.51,2.82,0.39,0.42,Switch,Orthodox,19,17
2022-08-13,Nate Landwehr,David Onama,Red,Featherweight,MALE,3,1,2,1,2,0,0,2,2,2,1,8,6,0,0,0,1,1,1,175.26,180.34,182.88,187.96,34,28,6.25,5.04,0.46,0.48,1.0,0.5,1.0,0.67,0.41,0.17,Orthodox,Orthodox,4,3
2022-08-13,Devin Clark,Azamat Murzakanov,Blue,Light Heavyweight,MALE,3,1,2,2,2,0,0,7,2,6,0,31,4,0,0,1,2,0,0,182.88,177.8,190.5,180.34,32,33,3.03,4.72,0.54,0.56,0.1,0.0,2.17,0.62,0.32,0.15,Orthodox,Southpaw,13,2
2022-08-13,Bruno Silva,Gerald Meerschaert,Blue,Middleweight,MALE,3,0,0,3,3,1,1,3,9,1,7,8,32,0,0,3,1,0,8,182.88,185.42,187.96,195.58,33,34,4.12,3.13,0.49,0.45,0.0,1.6,0.93,2.14,0.27,0.36,Orthodox,Southpaw,4,16
2022-08-13,Gabriel Benitez,Charlie Ontiveros,Red,Lightweight,MALE,3,0,0,2,0,2,2,6,0,6,2,25,3,0,0,2,0,2,0,172.72,187.96,180.34,187.96,34,31,5.26,1.89,0.41,0.41,0.9,0.0,0.22,0.0,0.5,0.0,Southpaw,Switch,12,2
2022-08-06,Thiago Santos,Jamahal Hill,Blue,Light Heavyweight,MALE,5,0,2,4,3,1,0,14,5,9,1,53,11,1,2,11,4,0,0,187.96,193.04,193.04,200.66,38,31,3.72,7.18,0.48,0.54,0.1,0.0,0.88,0.0,0.33,0.0,Orthodox,Southpaw,23,6
2022-08-06,Vicente Luque,Geoff Neal,Blue,Welterweight,MALE,3,0,1,6,6,1,0,14,7,4,2,37,21,0,0,8,4,5,1,180.34,180.34,190.5,190.5,30,31,5.07,4.97,0.52,0.5,0.6,0.1,1.0,0.46,0.53,0.44,Orthodox,Southpaw,18,9
2022-08-06,Sam Alvey,Michal Oleksiejczuk,Blue,Middleweight,MALE,3,0,0,4,2,7,1,10,4,12,3,51,15,0,0,5,3,1,0,187.96,182.88,190.5,187.96,36,27,3.28,5.08,0.44,0.5,0.1,0.0,0.06,1.08,0.14,0.43,Southpaw,Southpaw,22,7
2022-08-06,Bryan Battle,Takashi Sato,Red,Welterweight,MALE,3,2,0,2,1,0,2,2,2,0,3,5,11,0,0,0,2,1,0,185.42,177.8,195.58,185.42,27,32,4.52,2.21,0.51,0.41,0.6,0.0,1.12,0.76,0.28,0.37,Orthodox,Southpaw,2,5
2022-07-30,Magomed Ankalaev,Anthony Smith,Red,Light Heavyweight,MALE,3,8,3,8,3,0,0,8,13,1,8,23,48,1,1,4,7,0,5,190.5,193.04,190.5,193.04,30,34,3.64,3.24,0.53,0.49,0.0,0.6,1.02,0.46,0.31,0.26,Orthodox,Orthodox,9,21
2022-07-30,Alex Morono,Matthew Semelsberger,Red,Welterweight,MALE,3,3,2,3,2,0,0,10,4,4,1,36,11,0,0,2,2,1,0,180.34,185.42,182.88,190.5,31,29,4.96,3.78,0.41,0.43,0.4,0.4,0.36,1.02,0.26,0.57,Orthodox,Switch,14,5
2022-07-30,Drew Dober,Rafael Alves,Red,Lightweight,MALE,3,1,1,3,1,0,0,11,2,7,1,37,6,0,0,7,0,1,2,172.72,172.72,177.8,172.72,33,31,4.39,1.85,0.4,0.48,0.1,1.5,0.67,0.29,0.17,0.25,Southpaw,Orthodox,18,3
2022-07-30,Drakkar Klose,Rafa Garcia,Red,Lightweight,MALE,3,1,2,3,2,0,0,6,2,2,2,22,11,0,0,1,0,0,1,175.26,170.18,177.8,177.8,34,27,4.37,4.19,0.55,0.42,0.0,0.3,1.58,3.61,0.26,0.44,Orthodox,Orthodox,8,4
2022-07-23,Jack Hermansson,Chris Curtis,Red,Middleweight,MALE,3,0,4,4,4,1,0,9,4,5,0,34,9,0,0,3,3,3,0,185.42,177.8,195.58,190.5,34,35,5.09,5.76,0.44,0.51,0.4,0.0,1.53,0.0,0.3,0.0,Orthodox,Orthodox,14,4
2022-07-23,Paddy Pimblett,Jordan Leavitt,Red,Lightweight,MALE,3,2,2,2,2,0,0,2,4,0,1,2,10,0,0,1,1,1,2,177.8,175.26,185.42,180.34,27,27,4.94,2.55,0.53,0.61,2.1,1.1,0.91,2.19,0.25,0.25,Orthodox,Southpaw,2,5
2022-07-23,Nikita Krylov,Alexander Gustafsson,Red,Light Heavyweight,MALE,3,0,0,5,6,2,3,8,10,7,7,27,43,0,3,3,5,4,2,190.5,195.58,195.58,200.66,30,35,4.38,4.03,0.55,0.4,1.4,0.4,2.29,1.53,0.38,0.39,Orthodox,Orthodox,15,17
2022-07-23,Paul Craig,Volkan Oezdemir,Blue,Light Heavyweight,MALE,3,5,0,4,3,0,2,8,5,4,5,23,23,0,1,2,3,6,0,190.5,187.96,193.04,190.5,34,32,2.45,4.79,0.46,0.48,1.6,0.1,1.68,0.56,0.2,0.33,Orthodox,Orthodox,12,10
2022-07-23,Mason Jones,Ludovit Klein,Blue,Lightweight,MALE,3,1,1,1,1,0,0,1,2,1,2,8,10,0,0,0,1,0,0,177.8,170.18,187.96,182.88,27,27,5.61,3.93,0.44,0.55,0.0,0.0,3.16,1.66,0.45,0.5,Orthodox,Southpaw,2,4
2022-07-23,Marc Diakiese,Damir Hadzovic,Red,Lightweight,MALE,3,1,1,3,2,0,0,6,4,5,4,28,19,0,0,2,2,0,0,177.8,175.26,185.42,177.8,29,35,2.54,3.36,0.4,0.48,0.0,0.2,3.29,0.78,0.43,0.55,Orthodox,Orthodox,11,8
2022-07-23,Nathaniel Wood,Charles Rosa,Red,Featherweight,MALE,3,0,0,3,1,1,2,4,5,2,7,16,34,0,0,0,0,3,2,167.64,175.26,175.26,175.26,29,35,5.75,3.08,0.51,0.36,0.5,1.0,1.56,1.67,0.48,0.35,Orthodox,Switch,6,12
2022-07-23,Makwan Amirkhani,Jonathan Pearce,Blue,Featherweight,MALE,3,1,3,3,3,0,0,7,4,5,1,26,11,0,0,1,2,4,1,177.8,182.88,182.88,180.34,33,30,1.33,5.32,0.44,0.54,1.1,0.8,3.96,5.24,0.43,0.5,Southpaw,Switch,12,5
2022-07-23,Jai Herbert,Kyle Nelson,Red,Lightweight,MALE,3,0,0,1,1,1,1,1,1,3,3,8,9,0,0,1,1,0,0,185.42,180.34,195.58,180.34,34,31,3.16,3.65,0.42,0.45,0.0,0.6,0.5,1.1,0.23,0.2,Orthodox,Switch,4,4
2022-07-23,Claudio Silva,Nicolas Dalby,Blue,Welterweight,MALE,3,0,0,5,2,2,1,5,3,2,3,17,22,0,0,0,0,3,0,180.34,180.34,180.34,187.96,39,37,2.48,4.06,0.42,0.43,1.1,0.1,2.85,1.01,0.26,0.27,Southpaw,Orthodox,7,6
2022-07-16,Brian Ortega,Yair Rodriguez,Blue,Featherweight,MALE,5,0,0,6,6,1,1,7,8,2,2,30,34,2,3,3,3,3,0,172.72,180.34,175.26,180.34,31,29,4.07,4.65,0.38,0.46,1.2,0.7,1.17,0.69,0.27,0.27,Switch,Orthodox,9,10
2022-07-16,Li Jingliang,Muslim Salikhov,Red,Welterweight,MALE,3,0,5,4,5,1,0,10,5,5,1,34,14,0,0,7,2,0,0,182.88,180.34,180.34,177.8,34,38,4.46,3.32,0.42,0.49,0.0,0.0,1.19,1.12,0.41,0.33,Orthodox,Orthodox,15,6
2022-07-16,Shane Burgos,Charles Jourdain,Red,Featherweight,MALE,3,1,2,3,2,0,0,7,4,3,3,28,21,0,0,2,2,1,1,180.34,175.26,190.5,175.26,31,26,7.4,5.48,0.52,0.48,0.4,0.5,0.43,0.35,0.44,0.23,Orthodox,Switch,10,7
2022-07-16,Punahele Soriano,Dalcha Lungiambula,Red,Middleweight,MALE,3,0,0,3,1,2,2,3,2,2,3,11,13,0,0,2,1,0,0,180.34,172.72,182.88,193.04,29,34,4.89,3.07,0.53,0.45,0.0,0.0,1.48,2.14,0.56,0.45,Southpaw,Orthodox,5,5
2022-07-16,Ricky Simon,Jack Shore,Red,Bantamweight,MALE,3,4,5,4,5,0,0,8,5,2,0,26,14,0,0,1,0,2,2,167.64,172.72,175.26,180.34,29,27,2.99,3.75,0.43,0.58,0.3,0.7,5.2,3.1,0.44,0.38,Orthodox,Orthodox,10,5
2022-07-16,Bill Algeo,Herbert Burns,Red,Featherweight,MALE,3,1,0,1,3,0,1,2,3,3,1,15,5,0,0,0,1,0,2,182.88,175.26,185.42,185.42,33,34,5.88,1.86,0.51,0.36,0.1,1.8,1.03,2.94,0.5,0.34,Switch,Orthodox,5,4
2022-07-16,Dustin Jacoby,Da Woon Jung,Red,Light Heavyweight,MALE,3,6,4,3,2,0,0,6,4,2,0,23,11,0,0,2,2,0,1,190.5,193.04,193.04,198.12,34,28,5.5,3.49,0.47,0.43,0.0,0.2,0.36,1.9,0.25,0.5,Orthodox,Orthodox,8,4
2022-07-16,Dwight Grant,Dustin Stoltzfus,Blue,Middleweight,MALE,3,0,0,2,1,2,3,4,1,4,3,18,10,0,0,2,1,0,0,185.42,182.88,193.04,190.5,37,30,3.29,3.51,0.36,0.44,0.0,1.0,0.61,2.45,1.0,0.41,Switch,Orthodox,8,4
2022-07-09,Rafael Dos Anjos,Rafael Fiziev,Blue,Lightweight,MALE,5,2,5,5,5,0,0,20,5,11,1,96,14,4,0,4,2,4,0,172.72,172.72,177.8,180.34,37,29,3.48,4.9,0.47,0.51,0.6,0.0,1.95,0.29,0.35,0.4,Southpaw,Switch,31,6
2022-07-09,Caio Borralho,Armen Petrosyan,Red,Middleweight,MALE,3,3,2,3,2,0,0,3,2,0,0,7,4,0,0,1,1,0,0,185.42,190.5,190.5,180.34,29,31,3.61,5.69,0.6,0.52,0.5,0.0,1.56,0.22,0.6,0.33,Southpaw,Orthodox,3,2
2022-07-09,Douglas Silva de Andrade,Said Nurmagomedov,Blue,Bantamweight,MALE,3,2,2,2,2,0,0,6,4,4,1,25,9,0,0,2,2,1,1,170.18,172.72,172.72,177.8,37,30,3.54,3.55,0.38,0.47,0.2,1.4,0.55,1.01,0.42,0.16,Orthodox,Orthodox,10,5
2022-07-09,Aiemann Zahabi,Ricky Turcios,Red,Bantamweight,MALE,3,1,1,1,1,0,0,2,1,2,1,10,6,0,0,1,0,0,0,172.72,175.26,172.72,180.34,34,29,3.43,4.63,0.43,0.37,0.0,0.5,0.2,0.89,0.16,0.25,Orthodox,Orthodox,4,2
2022-07-09,Michael Johnson,Jamie Mullarkey,Blue,Lightweight,MALE,3,1,0,4,2,0,1,12,2,13,3,63,11,1,0,5,2,0,0,177.8,182.88,185.42,187.96,36,27,4.27,4.39,0.39,0.46,0.0,0.1,0.62,2.31,0.41,0.34,Southpaw,Orthodox,25,5
2022-07-09,Kennedy Nzechukwu,Karl Roberson,Red,Light Heavyweight,MALE,3,0,0,3,2,2,3,5,5,3,5,19,17,0,0,3,1,0,2,195.58,185.42,210.82,187.96,30,31,5.13,2.57,0.45,0.51,0.2,0.5,0.6,0.72,0.45,0.4,Southpaw,Southpaw,8,10
2022-07-02,Israel Adesanya,Jared Cannonier,Red,Middleweight,MALE,5,2,2,9,3,0,0,11,8,1,5,43,30,11,0,4,6,0,0,193.04,180.34,203.2,195.58,32,38,4.0,4.49,0.48,0.5,0.1,0.0,0.05,0.42,0.12,0.46,Switch,Switch,12,13
2022-07-02,Alexander Volkanovski,Max Holloway,Red,Featherweight,MALE,5,11,2,11,13,0,0,11,19,0,6,37,80,8,8,4,9,0,2,167.64,180.34,180.34,175.26,33,30,6.16,7.17,0.56,0.48,0.2,0.3,1.78,0.25,0.37,0.53,Orthodox,Orthodox,11,25
2022-07-02,Sean Strickland,Alex Pereira,Blue,Middleweight,MALE,3,6,2,6,2,0,0,12,2,3,0,43,5,2,5,3,1,1,0,185.42,193.04,193.04,200.66,31,34,6.01,5.23,0.42,0.63,0.2,0.3,0.78,0.17,0.64,1.0,Orthodox,Orthodox,15,2
2022-07-02,Robbie Lawler,Bryan Barberena,Blue,Welterweight,MALE,3,1,2,5,2,0,0,20,8,14,6,94,37,6,0,13,3,0,1,180.34,182.88,187.96,182.88,40,33,3.85,5.35,0.47,0.48,0.0,0.3,0.65,0.13,0.64,0.22,Southpaw,Southpaw,34,14
2022-07-02,Brad Riddell,Jalin Turner,Blue,Lightweight,MALE,3,0,4,4,4,1,0,4,6,1,2,15,13,0,0,0,4,0,2,170.18,190.5,180.34,195.58,30,27,4.71,5.6,0.53,0.48,0.0,1.1,1.77,0.79,0.36,0.55,Orthodox,Southpaw,5,8
2022-07-02,Jim Miller,Donald Cerrone,Red,Welterweight,MALE,3,2,0,7,8,0,5,23,29,15,16,87,104,0,4,5,10,10,10,172.72,185.42,180.34,185.42,38,39,2.99,4.41,0.42,0.46,1.7,1.2,1.53,1.16,0.44,0.33,Southpaw,Orthodox,38,45
2022-07-02,Ian Garry,Gabe Green,Red,Welterweight,MALE,3,2,2,2,2,0,0,2,2,0,1,4,8,0,0,1,1,0,0,190.5,177.8,187.96,185.42,24,29,5.5,6.28,0.55,0.45,0.3,0.3,0.77,0.83,0.55,0.5,Orthodox,Switch,2,3
2022-07-02,Brad Tavares,Dricus Du Plessis,Blue,Middleweight,MALE,3,2,2,5,2,0,0,14,2,6,0,55,3,0,2,2,2,0,0,185.42,185.42,187.96,193.04,34,28,3.38,6.18,0.43,0.49,0.0,0.9,0.78,3.04,0.26,0.5,Orthodox,Switch,20,2
2022-07-02,Uriah Hall,Andre Muniz,Blue,Middleweight,MALE,3,0,6,4,6,1,0,10,6,8,0,42,10,1,0,8,0,0,4,182.88,185.42,200.66,198.12,37,32,3.23,1.97,0.48,0.5,0.1,1.2,0.54,4.23,0.38,0.5,Orthodox,Southpaw,18,6
2022-06-25,Arman Tsarukyan,Mateusz Gamrot,Blue,Lightweight,MALE,5,5,3,5,3,0,0,5,3,1,1,15,8,0,0,2,2,0,1,170.18,177.8,182.88,177.8,25,31,3.79,3.23,0.48,0.5,0.0,0.1,3.25,5.25,0.37,0.35,Orthodox,Southpaw,6,4
2022-06-25,Neil Magny,Shavkat Rakhmonov,Blue,Welterweight,MALE,3,2,3,7,3,0,0,19,3,7,0,72,4,0,0,5,1,1,2,190.5,185.42,203.2,195.58,34,27,3.44,4.12,0.46,0.61,0.2,1.8,2.15,1.49,0.4,0.29,Orthodox,Orthodox,26,3
2022-06-25,Thiago Moises,Christos Giagos,Red,Lightweight,MALE,3,0,0,3,2,2,1,5,5,4,5,23,22,0,0,1,0,1,2,175.26,177.8,177.8,180.34,27,32,2.39,3.03,0.4,0.41,1.3,0.4,1.47,2.84,0.35,0.36,Orthodox,Orthodox,9,10
2022-06-25,Nate Maness,Umar Nurmagomedov,Blue,Bantamweight,MALE,3,3,2,3,2,0,0,3,2,0,0,7,3,0,0,1,0,1,2,177.8,172.72,182.88,175.26,30,26,3.14,4.46,0.5,0.63,0.7,0.4,0.68,3.98,0.75,0.5,Orthodox,Orthodox,3,2
2022-06-25,Chris Curtis,Rodolfo Vieira,Red,Middleweight,MALE,3,3,1,3,2,0,0,3,3,0,1,6,8,0,0,3,0,0,3,177.8,182.88,190.5,185.42,34,32,5.76,3.19,0.51,0.54,0.0,1.6,0.0,4.18,0.0,0.3,Orthodox,Orthodox,3,4
2022-06-25,Carlos Ulberg,Tafon Nchukwi,Red,Light Heavyweight,MALE,3,1,0,1,2,0,1,2,3,1,2,6,14,0,0,1,1,0,0,193.04,182.88,195.58,195.58,31,27,7.41,5.57,0.59,0.52,0.3,0.0,0.95,0.76,0.75,0.57,Orthodox,Orthodox,3,5
2022-06-25,Shayilan Nuerdanbieke,TJ Brown,Red,Featherweight,MALE,3,1,2,1,2,0,0,1,3,1,2,6,14,0,0,0,0,0,1,172.72,175.26,175.26,182.88,28,32,1.95,3.37,0.45,0.44,0.2,1.3,3.3,3.41,0.35,0.57,Orthodox,Switch,2,5
2022-06-25,Raulian Paiva,Sergey Morozov,Blue,Bantamweight,MALE,3,0,0,3,1,1,1,4,1,3,2,16,7,0,0,1,0,0,0,172.72,167.64,175.26,170.18,26,33,4.14,3.01,0.42,0.43,0.2,0.0,0.65,3.63,0.23,0.31,Orthodox,Orthodox,7,3
2022-06-25,Brian Kelleher,Mario Bautista,Blue,Bantamweight,MALE,3,0,1,2,2,1,0,8,3,6,2,29,11,0,0,2,1,3,0,167.64,175.26,167.64,175.26,35,28,3.31,5.69,0.41,0.48,0.7,1.0,1.68,2.25,0.41,0.44,Switch,Switch,14,5
2022-06-18,Calvin Kattar,Josh Emmett,Blue,Featherweight,MALE,5,1,4,2,4,0,0,7,8,3,2,31,25,0,1,4,3,0,0,180.34,167.64,182.88,177.8,34,37,4.76,4.04,0.39,0.36,0.1,0.1,0.39,0.91,0.29,0.37,Orthodox,Orthodox,10,10
2022-06-18,Tim Means,Kevin Holland,Blue,Welterweight,MALE,3,3,1,4,5,0,0,14,10,9,4,54,39,0,0,5,4,2,2,187.96,190.5,190.5,205.74,38,29,5.08,4.25,0.49,0.49,0.2,0.6,1.16,0.84,0.4,0.38,Orthodox,Orthodox,23,14
2022-06-18,Joaquin Buckley,Albert Duraev,Red,Middleweight,MALE,3,2,2,2,2,0,0,4,2,2,0,14,4,0,0,3,0,0,1,177.8,180.34,193.04,190.5,28,33,4.25,2.99,0.36,0.4,0.0,0.6,1.69,1.97,0.44,0.29,Southpaw,Orthodox,6,2
2022-06-18,Julian Marquez,Gregory Rodrigues,Blue,Middleweight,MALE,3,2,0,2,2,0,1,4,2,1,2,12,9,0,0,1,1,3,0,187.96,190.5,182.88,190.5,32,30,4.85,5.52,0.45,0.56,2.6,0.4,0.0,2.74,0.0,0.41,Orthodox,Orthodox,5,4
2022-06-18,Adrian Yanez,Tony Kelley,Red,Bantamweight,MALE,3,5,2,5,2,0,0,5,2,0,1,10,8,0,0,4,1,0,0,170.18,175.26,177.8,177.8,28,35,6.51,5.55,0.41,0.47,0.0,1.4,0.0,0.0,0.0,0.0,Orthodox,Switch,5,3
2022-06-18,Court McGee,Jeremiah Wells,Blue,Welterweight,MALE,3,2,2,3,2,0,0,10,2,9,0,54,3,1,0,0,1,2,1,180.34,175.26,190.5,187.96,37,35,4.6,2.41,0.37,0.43,0.4,0.8,1.84,3.08,0.25,0.44,Orthodox,Switch,19,2
2022-06-18,Ricardo Ramos,Danny Chavez,Red,Featherweight,MALE,3,0,0,3,1,1,1,6,1,3,1,21,9,0,0,1,0,1,0,175.26,172.72,182.88,170.18,26,35,3.03,2.86,0.36,0.38,0.8,0.0,2.77,1.95,0.61,0.6,Orthodox,Orthodox,9,2
2022-06-18,Eddie Wineland,Cody Stamann,Blue,Bantamweight,MALE,3,0,0,4,3,2,3,11,5,11,4,49,27,3,0,8,0,0,0,170.18,167.64,175.26,162.56,37,32,3.4,4.35,0.29,0.47,0.1,0.0,0.34,2.22,0.33,0.37,Orthodox,Orthodox,22,9
2022-06-18,Phil Hawes,Deron Winn,Red,Middleweight,MALE,3,0,1,4,1,1,0,4,2,2,2,11,12,0,0,2,0,0,0,182.88,167.64,195.58,177.8,33,33,5.33,4.55,0.59,0.44,0.2,0.0,2.11,4.28,0.34,0.52,Orthodox,Orthodox,6,4
2022-06-18,Roman Dolidze,Kyle Daukaus,Red,Middleweight,MALE,3,1,1,2,1,0,0,3,3,1,2,10,14,0,0,1,0,0,1,187.96,190.5,193.04,193.04,33,29,3.13,3.22,0.42,0.52,1.1,1.9,1.26,2.12,0.4,0.25,Orthodox,Southpaw,4,5
2022-06-11,Glover Teixeira,Jiri Prochazka,Blue,Light Heavyweight,MALE,5,6,2,8,2,0,0,19,2,6,0,56,4,3,2,8,2,8,0,187.96,190.5,193.04,203.2,42,29,3.73,5.38,0.49,0.55,0.9,0.2,2.11,0.72,0.33,0.6,Orthodox,Orthodox,25,2
2022-06-11,Andre Fialho,Jake Matthews,Blue,Welterweight,MALE,3,2,0,2,3,0,1,2,10,1,5,5,37,0,0,2,1,0,4,182.88,180.34,187.96,185.42,28,27,3.3,3.38,0.41,0.44,0.0,0.6,0.25,1.56,1.0,0.41,Orthodox,Orthodox,3,15
2022-06-11,Jack Della Maddalena,Ramazan Emeev,Red,Welterweight,MALE,3,2,0,2,3,0,1,2,5,0,2,4,21,0,0,1,0,0,0,180.34,177.8,185.42,193.04,25,35,6.74,2.53,0.53,0.45,0.2,0.7,0.21,2.37,0.16,0.29,Switch,Southpaw,2,7
2022-06-11,SeungWoo Choi,Josh Culibao,Blue,Featherweight,MALE,3,0,1,3,1,1,0,3,1,3,1,15,8,0,0,1,0,0,0,182.88,177.8,187.96,185.42,29,28,3.51,3.41,0.39,0.44,0.0,0.3,0.86,0.0,0.54,0.0,Orthodox,Orthodox,6,2
2022-06-11,Brendan Allen,Jacob Malkoun,Red,Middleweight,MALE,3,1,2,4,2,0,0,7,2,2,1,17,7,0,0,1,0,4,0,187.96,175.26,190.5,185.42,26,26,3.98,3.86,0.53,0.56,1.4,0.4,1.74,6.62,0.47,0.42,Orthodox,Orthodox,9,3
2022-06-11,Kyung Ho Kang,Batgerel Danaa,Red,Bantamweight,MALE,3,0,0,3,3,1,1,6,3,3,2,26,8,0,0,0,3,3,0,175.26,170.18,185.42,177.8,34,32,3.13,5.38,0.47,0.36,0.8,0.0,1.97,0.52,0.5,0.5,Orthodox,Orthodox,9,5
2022-06-04,Dan Ige,Movsar Evloev,Blue,Featherweight,MALE,3,0,5,6,5,2,0,8,5,4,0,34,15,0,0,2,0,2,0,170.18,170.18,180.34,182.88,30,28,3.7,4.43,0.45,0.48,0.3,0.2,0.99,4.75,0.26,0.46,Orthodox,Orthodox,12,5
2022-06-04,Joe Solecki,Alex Da Silva,Red,Lightweight,MALE,3,0,0,4,1,1,1,4,1,1,2,11,8,0,0,0,0,2,0,175.26,172.72,177.8,185.42,28,26,1.98,2.14,0.56,0.46,1.4,0.3,2.23,1.97,0.46,0.43,Orthodox,Orthodox,5,3
2022-06-04,Johnny Munoz,Tony Gravely,Blue,Bantamweight,MALE,3,1,1,1,2,0,0,1,4,1,2,5,16,0,0,0,2,1,0,175.26,165.1,180.34,175.26,29,30,2.44,3.82,0.36,0.48,1.8,0.3,2.4,5.4,0.25,0.41,Orthodox,Orthodox,2,6
2022-05-21,Santiago Ponzinibbio,Michel Pereira,Blue,Welterweight,MALE,3,0,4,7,4,1,0,10,5,4,2,32,19,0,0,5,1,0,1,182.88,185.42,185.42,185.42,35,28,4.74,5.16,0.41,0.54,0.0,0.8,0.59,1.53,0.32,0.55,Orthodox,Orthodox,14,7
2022-05-21,Chidi Njokuani,Dusko Todorovic,Red,Middleweight,MALE,3,2,1,2,2,0,0,2,3,0,2,4,10,0,0,2,2,0,0,190.5,185.42,203.2,187.96,33,28,4.09,5.54,0.61,0.57,0.2,0.0,0.0,0.96,0.0,0.12,Orthodox,Orthodox,2,5
2022-05-21,Eryk Anders,JunYong Park,Blue,Middleweight,MALE,3,0,0,2,3,1,1,6,3,6,2,33,13,0,0,3,0,0,0,185.42,177.8,190.5,185.42,35,31,3.41,4.53,0.47,0.5,0.1,1.1,1.79,1.83,0.26,0.5,Southpaw,Orthodox,12,5
2022-05-21,Joseph Holmes,Alen Amedovski,Red,Middleweight,MALE,3,0,0,1,0,1,2,1,0,1,2,5,4,0,0,0,0,1,0,193.04,177.8,203.2,187.96,26,34,2.88,0.99,0.53,0.3,0.8,0.0,1.49,0.0,0.4,0.0,Orthodox,Orthodox,2,2
2022-05-21,Omar Morales,Uros Medic,Blue,Lightweight,MALE,3,0,0,3,2,1,1,4,2,2,1,16,3,0,0,1,2,0,0,180.34,185.42,185.42,180.34,36,29,3.42,5.51,0.4,0.6,0.0,0.0,0.46,0.38,1.0,0.5,Orthodox,Southpaw,6,3
2022-05-21,Jonathan Martinez,Vince Morales,Red,Bantamweight,MALE,3,2,2,2,2,0,0,6,3,3,4,26,17,0,0,2,1,0,0,172.72,175.26,177.8,177.8,28,31,4.54,4.17,0.49,0.37,0.1,0.0,0.41,0.14,0.35,0.25,Southpaw,Orthodox,9,7
2022-05-21,Chase Hooper,Felipe Colares,Red,Featherweight,MALE,3,0,0,2,1,1,1,3,2,2,3,13,15,0,0,1,0,1,0,185.42,172.72,187.96,175.26,22,28,5.08,2.17,0.52,0.45,2.3,0.5,1.45,1.88,0.24,0.24,Southpaw,Orthodox,5,5
2022-05-14,Jan Blachowicz,Aleksandar Rakic,Red,Light Heavyweight,MALE,5,0,2,5,4,1,0,11,6,6,1,46,17,4,0,4,2,2,0,187.96,193.04,198.12,198.12,39,30,3.41,4.26,0.5,0.5,0.3,0.1,1.09,0.76,0.5,0.25,Orthodox,Orthodox,17,7
2022-05-14,Ryan Spann,Ion Cutelaba,Red,Light Heavyweight,MALE,3,0,1,5,2,1,0,6,5,3,5,14,22,0,0,2,3,2,0,195.58,185.42,200.66,190.5,30,28,3.25,4.44,0.4,0.43,1.5,0.0,1.34,4.17,0.35,0.57,Orthodox,Southpaw,9,10
2022-05-14,Davey Grant,Louis Smolka,Red,Bantamweight,MALE,3,0,0,3,4,2,1,4,8,5,8,23,34,1,0,2,4,0,2,172.72,175.26,175.26,172.72,36,30,4.77,4.67,0.42,0.47,0.2,1.8,1.26,1.69,0.41,0.35,Orthodox,Orthodox,9,16
2022-05-14,Michael Johnson,Alan Patrick,Red,Lightweight,MALE,3,0,0,4,3,4,2,11,5,13,3,61,23,1,0,4,1,0,0,177.8,180.34,185.42,187.96,35,38,4.27,1.82,0.39,0.4,0.0,0.3,0.62,3.01,0.41,0.33,Southpaw,Southpaw,24,8
2022-05-14,Nick Maximov,Andre Petroski,Blue,Middleweight,MALE,3,3,2,3,2,0,0,3,2,0,0,9,6,0,0,0,1,0,1,182.88,182.88,193.04,185.42,24,30,1.93,3.0,0.45,0.5,0.2,2.0,4.16,4.07,0.45,0.56,Southpaw,Switch,3,2
2022-05-07,Charles Oliveira,Justin Gaethje,Red,Lightweight,MALE,5,10,1,10,4,0,0,20,6,8,3,56,22,3,2,3,5,15,0,177.8,180.34,187.96,177.8,32,33,3.39,6.78,0.53,0.59,2.8,0.0,2.17,0.11,0.4,0.25,Orthodox,Orthodox,28,9
2022-05-07,Michael Chandler,Tony Ferguson,Red,Lightweight,MALE,3,0,0,3,12,2,3,3,15,2,4,9,46,1,3,2,5,1,6,172.72,180.34,180.34,193.04,36,38,4.89,4.91,0.46,0.45,0.9,0.9,2.17,0.39,0.38,0.35,Orthodox,Orthodox,5,19
2022-05-07,Mauricio Rua,Ovince Saint Preux,Blue,Light Heavyweight,MALE,3,0,0,8,5,1,2,27,19,12,12,81,71,4,1,21,9,1,5,185.42,190.5,193.04,203.2,40,39,3.57,3.03,0.5,0.47,0.7,0.5,2.01,1.1,0.48,0.36,Orthodox,Southpaw,39,31
2022-05-07,Randy Brown,Khaos Williams,Red,Welterweight,MALE,3,2,2,2,2,0,0,8,4,4,1,29,11,0,0,2,3,3,0,190.5,182.88,198.12,195.58,31,28,4.38,5.81,0.47,0.39,0.6,0.0,0.72,0.0,0.39,0.0,Orthodox,Orthodox,12,5
2022-05-07,Francisco Trinaldo,Danny Roberts,Red,Welterweight,MALE,3,1,2,7,2,0,0,17,7,7,4,62,23,0,0,5,3,2,1,175.26,185.42,177.8,187.96,43,34,3.13,3.18,0.45,0.39,0.5,0.2,0.98,0.24,0.42,0.09,Southpaw,Southpaw,24,11
2022-04-30,Rob Font,Marlon Vera,Blue,Bantamweight,MALE,5,0,2,4,5,1,0,9,12,4,6,32,44,0,1,5,6,1,4,172.72,172.72,180.34,177.8,34,29,5.53,4.27,0.45,0.49,0.3,0.8,0.89,0.51,0.35,0.39,Orthodox,Switch,13,18
2022-04-30,Andre Fili,Joanderson Brito,Blue,Featherweight,MALE,3,0,0,2,1,1,1,9,1,7,1,42,6,0,0,3,0,0,0,180.34,172.72,187.96,182.88,31,27,3.88,3.35,0.37,0.51,0.2,0.6,2.15,3.11,0.43,0.76,Orthodox,Orthodox,16,2
2022-04-30,Jared Gordon,Grant Dawson,Blue,Lightweight,MALE,3,3,6,3,6,0,0,6,6,3,0,22,18,0,0,1,1,0,3,175.26,177.8,172.72,182.88,33,28,5.75,2.98,0.55,0.52,0.0,1.3,1.78,3.61,0.31,0.38,Orthodox,Switch,9,6
2022-04-30,Darren Elkins,Tristan Connelly,Red,Featherweight,MALE,3,0,0,6,1,1,1,16,1,9,1,63,6,0,0,4,0,2,0,177.8,177.8,180.34,172.72,37,36,3.44,3.31,0.38,0.51,1.1,0.3,2.85,0.33,0.35,0.14,Orthodox,Orthodox,25,2
2022-04-30,Krzysztof Jotko,Gerald Meerschaert,Red,Middleweight,MALE,3,1,3,5,3,0,0,10,9,5,6,41,29,0,0,1,1,0,8,185.42,185.42,195.58,195.58,32,34,2.98,3.13,0.42,0.45,0.1,1.6,1.33,2.14,0.39,0.36,Southpaw,Southpaw,15,15
2022-04-30,Natan Levy,Mike Breeden,Red,Lightweight,MALE,3,0,0,1,0,1,2,1,0,1,2,6,4,0,0,0,0,1,0,175.26,177.8,180.34,177.8,30,33,3.7,5.75,0.52,0.45,0.5,0.0,5.03,0.98,0.58,0.3,Southpaw,Orthodox,2,2
2022-04-23,Clay Guida,Claudio Puelles,Blue,Lightweight,MALE,3,1,4,4,4,0,0,19,4,16,1,95,14,2,1,2,0,5,2,170.18,177.8,177.8,182.88,40,26,2.64,1.56,0.33,0.49,0.6,1.2,3.13,3.17,0.36,0.36,Orthodox,Southpaw,35,5
2022-04-23,Lando Vannata,Charles Jourdain,Blue,Featherweight,MALE,3,1,1,1,1,0,0,4,3,5,3,28,20,0,0,1,2,1,0,175.26,175.26,180.34,175.26,30,26,4.52,5.48,0.45,0.48,0.3,0.5,1.09,0.35,0.37,0.23,Orthodox,Switch,9,6
2022-04-23,Dwight Grant,Sergey Khandozhko,Blue,Welterweight,MALE,3,0,0,2,1,1,1,4,1,3,1,16,6,0,0,2,0,0,0,185.42,185.42,193.04,187.96,37,29,3.29,3.41,0.36,0.41,0.0,0.0,0.61,0.76,1.0,0.28,Switch,Orthodox,7,2
2022-04-23,Tyson Pedro,Ike Villanueva,Red,Light Heavyweight,MALE,3,0,0,2,1,2,2,3,1,3,4,10,8,0,0,1,1,2,0,190.5,185.42,200.66,185.42,30,38,2.9,3.66,0.59,0.38,0.8,0.0,0.76,0.6,0.3,0.5,Orthodox,Orthodox,6,5
2022-04-23,Marcin Prachnio,Philipe Lins,Blue,Light Heavyweight,MALE,3,2,0,2,0,0,2,2,0,3,2,8,4,0,0,1,0,0,0,190.5,187.96,187.96,198.12,33,36,5.57,3.8,0.54,0.49,0.0,0.0,0.15,1.65,0.2,0.33,Orthodox,Orthodox,5,2
2022-04-16,Vicente Luque,Belal Muhammad,Blue,Welterweight,MALE,5,4,6,6,6,0,0,14,11,3,3,32,42,0,1,8,1,5,1,180.34,180.34,190.5,182.88,30,33,5.07,4.39,0.52,0.43,0.6,0.2,1.0,2.28,0.53,0.39,Orthodox,Orthodox,17,14
2022-04-16,Pat Sabatini,TJ Laramie,Red,Featherweight,MALE,3,3,0,3,1,0,1,3,1,0,1,7,2,0,0,0,1,1,0,172.72,167.64,177.8,167.64,31,24,2.02,1.49,0.59,0.5,1.9,0.0,3.73,1.44,0.42,0.33,Orthodox,Orthodox,3,2
2022-04-16,Rafa Garcia,Jesse Ronson,Red,Lightweight,MALE,3,1,0,1,0,0,3,1,0,2,3,9,10,0,0,0,0,0,0,170.18,177.8,177.8,177.8,27,36,4.19,3.54,0.42,0.47,0.3,0.5,3.61,0.46,0.44,0.28,Orthodox,Southpaw,3,3
2022-04-16,Alatengheili,Kevin Croom,Red,Bantamweight,MALE,3,0,0,2,0,1,2,2,0,1,2,12,7,0,0,0,0,0,0,165.1,180.34,167.64,185.42,30,34,2.64,2.65,0.32,0.34,0.0,0.5,1.99,0.48,0.45,0.05,Orthodox,Orthodox,3,2
2022-04-09,Alexander Volkanovski,Chan Sung Jung,Red,Featherweight,MALE,5,10,1,10,3,0,0,10,7,0,5,33,34,8,1,3,4,0,2,167.64,170.18,180.34,182.88,33,35,6.16,3.93,0.56,0.41,0.2,0.6,1.78,0.7,0.37,0.44,Orthodox,Orthodox,10,12
2022-04-09,Aljamain Sterling,Petr Yan,Red,Bantamweight,MALE,5,6,1,6,7,0,0,12,8,3,1,40,29,4,3,1,4,4,0,170.18,170.18,180.34,170.18,32,29,4.61,5.14,0.52,0.53,0.7,0.1,2.31,1.73,0.27,0.51,Orthodox,Switch,15,9
2022-04-09,Gilbert Burns,Khamzat Chimaev,Blue,Welterweight,MALE,3,1,4,6,4,0,0,13,4,4,0,42,5,1,0,3,2,4,2,177.8,187.96,180.34,190.5,35,27,3.29,5.72,0.48,0.58,0.5,2.7,2.24,3.99,0.38,0.46,Orthodox,Orthodox,17,4
2022-04-09,Vinc Pichel,Mark Madsen,Blue,Lightweight,MALE,3,3,3,4,3,0,0,7,3,2,0,22,7,0,0,1,1,0,0,177.8,172.72,182.88,182.88,39,37,3.62,3.56,0.46,0.49,0.2,0.0,2.78,2.86,0.54,0.66,Orthodox,Orthodox,9,3
2022-03-26,Matt Brown,Bryan Barberena,Blue,Welterweight,MALE,3,1,1,7,2,0,0,16,7,12,6,63,34,0,0,12,3,2,1,182.88,182.88,190.5,182.88,41,32,3.76,5.35,0.55,0.48,1.3,0.3,1.68,0.13,0.46,0.22,Orthodox,Southpaw,28,13
2022-03-26,Neil Magny,Max Griffin,Red,Welterweight,MALE,3,1,3,7,3,0,0,18,6,7,6,69,32,0,0,5,3,1,0,190.5,180.34,203.2,193.04,34,36,3.44,3.92,0.46,0.49,0.2,0.3,2.15,1.45,0.4,0.41,Orthodox,Orthodox,25,12
2022-03-26,Marc Diakiese,Viacheslav Borshchev,Red,Lightweight,MALE,3,0,2,3,2,2,0,5,2,5,0,25,3,0,0,2,2,0,0,177.8,180.34,185.42,175.26,29,30,2.54,5.4,0.4,0.53,0.0,0.0,3.29,0.0,0.43,0.0,Orthodox,Orthodox,10,2
2022-03-26,Chris Gutierrez,Batgerel Danaa,Red,Bantamweight,MALE,3,5,3,3,3,0,0,5,3,1,1,19,6,0,0,1,3,0,0,175.26,170.18,170.18,177.8,30,32,4.72,5.38,0.59,0.36,0.1,0.0,0.26,0.52,0.3,0.5,Orthodox,Orthodox,6,4
2022-03-19,Arnold Allen,Dan Hooker,Red,Featherweight,MALE,3,8,0,8,4,0,1,8,11,0,7,24,42,0,0,0,6,2,2,172.72,182.88,177.8,190.5,28,32,3.45,5.03,0.41,0.48,0.3,0.3,0.93,0.73,0.47,0.34,Southpaw,Switch,8,18
2022-03-19,Gunnar Nelson,Takashi Sato,Red,Welterweight,MALE,3,0,0,4,1,2,1,8,2,5,2,29,8,0,0,0,2,7,0,180.34,177.8,182.88,185.42,33,31,1.84,2.21,0.61,0.41,1.0,0.0,1.9,0.76,0.59,0.37,Switch,Southpaw,13,4
2022-03-19,Jai Herbert,Ilia Topuria,Blue,Lightweight,MALE,3,1,3,1,3,0,0,1,3,2,0,6,5,0,1,1,2,0,0,185.42,170.18,195.58,175.26,33,25,3.16,4.4,0.42,0.46,0.0,1.3,0.5,1.92,0.23,0.56,Orthodox,Orthodox,3,3
2022-03-19,Mike Grundy,Makwan Amirkhani,Blue,Featherweight,MALE,3,0,0,1,3,2,3,1,6,2,5,8,25,0,0,1,1,0,3,170.18,177.8,182.88,182.88,35,33,2.09,1.33,0.45,0.44,0.4,1.1,4.06,3.96,0.28,0.43,Orthodox,Southpaw,3,11
2022-03-19,Nikita Krylov,Paul Craig,Blue,Light Heavyweight,MALE,3,0,4,5,3,1,0,8,7,6,4,26,22,0,0,3,2,4,5,190.5,190.5,195.58,193.04,30,34,4.38,2.45,0.55,0.46,1.4,1.6,2.29,1.68,0.38,0.2,Orthodox,Orthodox,14,11
2022-03-19,Jack Shore,Timur Valiev,Red,Bantamweight,MALE,3,4,2,4,2,0,0,4,2,0,0,11,8,0,0,0,0,2,0,172.72,167.64,180.34,170.18,27,32,3.75,5.19,0.58,0.53,0.7,0.3,3.1,1.73,0.38,0.4,Orthodox,Orthodox,4,2
2022-03-12,Thiago Santos,Magomed Ankalaev,Blue,Light Heavyweight,MALE,5,1,7,4,7,0,0,14,7,8,1,48,18,1,1,11,4,0,0,187.96,190.5,193.04,190.5,38,29,3.72,3.64,0.48,0.53,0.1,0.0,0.88,1.02,0.33,0.31,Orthodox,Orthodox,22,8
2022-03-12,Marlon Moraes,Song Yadong,Blue,Bantamweight,MALE,3,0,2,4,4,3,0,5,7,5,1,20,21,1,0,2,3,1,1,167.64,172.72,170.18,170.18,33,24,3.37,4.49,0.4,0.43,0.3,0.2,0.87,0.66,0.41,0.4,Orthodox,Orthodox,10,8
2022-03-12,Sodiq Yusuff,Alex Caceres,Red,Featherweight,MALE,3,0,5,5,5,1,0,5,14,1,10,14,64,0,0,2,1,0,4,175.26,177.8,180.34,185.42,28,33,5.66,4.21,0.49,0.49,0.4,0.7,0.28,0.54,0.2,0.68,Orthodox,Southpaw,6,24
2022-03-12,Khalil Rountree Jr.,Karl Roberson,Red,Light Heavyweight,MALE,3,1,0,3,2,0,2,5,5,5,4,20,15,1,0,4,1,0,2,185.42,185.42,193.04,187.96,32,31,3.84,2.57,0.39,0.51,0.1,0.5,0.0,0.72,0.0,0.4,Southpaw,Southpaw,10,9
2022-03-12,Drew Dober,Terrance McKinney,Red,Lightweight,MALE,3,0,2,3,2,2,0,10,2,7,1,36,4,0,0,6,1,1,1,172.72,177.8,177.8,185.42,33,27,4.39,4.53,0.4,0.5,0.1,1.0,0.67,3.45,0.17,0.36,Southpaw,Switch,17,3
2022-03-12,Damon Jackson,Kamuela Kirk,Red,Featherweight,MALE,3,1,1,1,1,0,0,2,1,2,1,13,6,0,0,0,0,1,0,180.34,177.8,180.34,190.5,33,27,2.9,3.22,0.42,0.5,1.2,1.2,2.34,1.5,0.34,0.26,Switch,Switch,4,2
2022-03-12,Dalcha Lungiambula,Cody Brundage,Blue,Middleweight,MALE,3,0,0,1,0,1,2,2,0,2,2,12,4,0,0,1,0,0,0,172.72,182.88,193.04,182.88,34,27,3.07,1.62,0.45,0.54,0.0,0.9,2.14,2.31,0.45,0.5,Orthodox,Orthodox,4,2
2022-03-05,Colby Covington,Jorge Masvidal,Red,Welterweight,MALE,5,0,0,7,4,1,2,11,17,3,9,48,72,4,3,3,7,2,1,180.34,180.34,182.88,187.96,34,37,3.88,4.05,0.38,0.47,0.2,0.3,3.79,1.38,0.44,0.59,Orthodox,Orthodox,14,26
2022-03-05,Edson Barboza,Bryce Mitchell,Blue,Featherweight,MALE,3,0,5,4,5,1,0,16,5,10,0,67,13,0,0,8,0,0,1,180.34,177.8,190.5,177.8,36,27,4.11,2.3,0.44,0.58,0.1,1.6,0.45,3.45,0.5,0.41,Orthodox,Southpaw,26,5
2022-03-05,Kevin Holland,Alex Oliveira,Red,Welterweight,MALE,3,0,0,5,4,2,3,9,11,4,9,37,47,0,0,3,4,2,3,190.5,180.34,205.74,193.04,29,34,4.25,2.99,0.49,0.51,0.6,0.6,0.84,2.35,0.38,0.38,Orthodox,Orthodox,13,20
2022-03-05,Jalin Turner,Jamie Mullarkey,Red,Lightweight,MALE,3,3,2,3,2,0,0,5,2,2,2,11,9,0,0,3,2,2,0,190.5,182.88,195.58,187.96,26,27,5.6,4.39,0.48,0.46,1.1,0.1,0.79,2.31,0.55,0.34,Southpaw,Orthodox,7,4
2022-03-05,Nicolae Negumereanu,Kennedy Nzechukwu,Red,Light Heavyweight,MALE,3,2,0,2,3,0,1,2,5,1,2,7,16,0,0,1,3,0,0,182.88,195.58,198.12,210.82,27,29,3.58,5.13,0.41,0.45,0.0,0.2,1.02,0.6,0.28,0.45,Orthodox,Southpaw,3,7
2022-03-05,Devonte Smith,Ludovit Klein,Blue,Lightweight,MALE,3,0,0,3,1,1,2,4,1,2,2,8,7,0,0,4,1,0,0,175.26,170.18,193.04,182.88,28,27,4.55,3.93,0.53,0.55,0.3,0.0,0.35,1.66,0.25,0.5,Orthodox,Southpaw,6,3
2022-03-05,Dustin Jacoby,Michal Oleksiejczuk,Red,Light Heavyweight,MALE,3,5,2,3,2,0,0,5,4,2,2,20,12,0,0,2,3,0,0,190.5,182.88,193.04,187.96,33,27,5.5,5.08,0.47,0.5,0.0,0.0,0.36,1.08,0.25,0.43,Orthodox,Southpaw,7,6
2022-02-26,Misha Cirkunov,Wellington Turman,Blue,Middleweight,MALE,3,0,1,4,1,2,0,6,2,5,3,16,11,0,0,1,0,5,0,190.5,182.88,195.58,182.88,34,25,3.86,3.23,0.51,0.51,1.7,0.8,4.15,1.55,0.39,0.2,Orthodox,Orthodox,11,5
2022-02-26,Arman Tsarukyan,Joel Alvarez,Red,Lightweight,MALE,3,4,4,4,4,0,0,4,4,1,1,13,8,0,0,1,2,0,2,170.18,190.5,182.88,195.58,25,28,3.79,4.39,0.48,0.52,0.0,1.2,3.25,0.0,0.37,0.0,Orthodox,Orthodox,5,5
2022-02-26,Rongzhu,Ignacio Bahamondes,Blue,Lightweight,MALE,3,1,1,1,1,0,0,1,2,1,1,6,8,1,0,1,2,0,0,175.26,190.5,182.88,190.5,21,24,5.47,7.15,0.5,0.46,0.2,0.4,2.09,0.0,0.62,0.0,Orthodox,Orthodox,2,3
2022-02-26,Terrance McKinney,Fares Ziam,Red,Lightweight,MALE,3,1,2,1,2,0,0,1,2,1,1,3,9,0,0,1,0,0,0,177.8,185.42,185.42,190.5,27,24,4.53,2.7,0.5,0.48,1.0,0.2,3.45,0.81,0.36,0.23,Switch,Orthodox,2,3
2022-02-26,Alejandro Perez,Jonathan Martinez,Blue,Featherweight,MALE,3,1,1,4,2,0,0,8,5,3,3,27,23,1,0,3,2,1,0,167.64,172.72,170.18,177.8,32,27,3.45,4.54,0.35,0.49,0.3,0.1,0.54,0.41,0.22,0.35,Orthodox,Southpaw,11,8
2022-02-19,Johnny Walker,Jamahal Hill,Blue,Light Heavyweight,MALE,5,0,1,4,3,1,0,5,4,3,1,16,10,0,2,4,3,0,0,198.12,193.04,208.28,200.66,29,30,3.87,7.18,0.53,0.54,0.9,0.0,0.45,0.0,1.0,0.0,Orthodox,Southpaw,8,5
2022-02-19,Joaquin Buckley,Abdul Razak Alhassan,Red,Middleweight,MALE,3,1,1,2,3,0,0,3,5,2,4,11,15,0,0,3,5,0,0,177.8,177.8,193.04,185.42,27,36,4.25,3.62,0.36,0.49,0.0,0.2,1.69,0.88,0.44,0.38,Southpaw,Orthodox,5,9
2022-02-12,Israel Adesanya,Robert Whittaker,Red,Middleweight,MALE,5,1,3,9,9,0,0,10,14,1,3,38,50,11,3,4,5,0,0,193.04,182.88,203.2,185.42,32,31,4.0,4.58,0.48,0.43,0.1,0.0,0.05,0.8,0.12,0.38,Switch,Orthodox,11,17
2022-02-12,Jared Cannonier,Derek Brunson,Red,Middleweight,MALE,3,1,5,3,5,0,0,7,17,5,6,28,47,1,0,5,7,0,3,180.34,185.42,195.58,195.58,37,38,4.49,3.51,0.5,0.47,0.0,0.6,0.42,3.14,0.46,0.33,Switch,Southpaw,12,23
2022-02-12,Alexander Hernandez,Renato Moicano,Blue,Lightweight,MALE,3,1,1,2,3,0,0,5,7,3,4,16,22,0,0,3,0,0,4,175.26,180.34,182.88,182.88,29,32,4.33,4.38,0.41,0.48,0.1,0.6,1.06,1.89,0.31,0.45,Orthodox,Orthodox,8,11
2022-02-12,Bobby Green,Nasrat Haqparast,Red,Lightweight,MALE,3,1,0,8,3,0,1,13,5,9,3,60,21,0,0,2,1,3,0,177.8,177.8,180.34,182.88,35,26,6.43,6.15,0.53,0.44,0.3,0.0,1.23,0.28,0.39,0.2,Orthodox,Southpaw,22,8
2022-02-12,Carlos Ulberg,Fabio Cherant,Red,Light Heavyweight,MALE,3,0,0,1,0,1,3,1,0,1,3,3,4,0,0,1,0,0,0,193.04,185.42,195.58,187.96,31,27,7.41,1.35,0.59,0.4,0.3,0.0,0.95,0.0,0.75,0.0,Orthodox,Southpaw,2,3
2022-02-12,Mana Martinez,Ronnie Lawrence,Blue,Bantamweight,MALE,3,1,2,1,2,0,0,1,2,1,0,4,6,0,0,0,1,0,0,177.8,172.72,177.8,172.72,25,29,4.33,2.78,0.48,0.56,0.5,0.2,0.72,6.75,0.42,0.77,Orthodox,Switch,2,2
2022-02-12,Douglas Silva de Andrade,Sergey Morozov,Red,Bantamweight,MALE,3,1,1,2,1,0,0,5,1,4,1,23,5,0,0,2,0,0,0,170.18,167.64,172.72,170.18,36,32,3.54,3.01,0.38,0.43,0.2,0.0,0.55,3.63,0.42,0.31,Orthodox,Orthodox,9,2
2022-02-05,Jack Hermansson,Sean Strickland,Blue,Middleweight,MALE,5,1,5,4,5,0,0,9,11,4,3,29,38,0,2,3,3,3,1,185.42,185.42,195.58,193.04,33,30,5.09,6.01,0.44,0.42,0.4,0.2,1.53,0.78,0.3,0.64,Orthodox,Orthodox,13,14
2022-02-05,Punahele Soriano,Nick Maximov,Blue,Middleweight,MALE,3,0,2,3,2,1,0,3,2,1,0,8,6,0,0,2,0,0,0,180.34,182.88,182.88,193.04,29,24,4.89,1.93,0.53,0.45,0.0,0.2,1.48,4.16,0.56,0.45,Southpaw,Southpaw,4,2
2022-02-05,Shavkat Rakhmonov,Carlston Harris,Red,Welterweight,MALE,3,2,2,2,2,0,0,2,2,0,0,3,2,0,0,0,1,2,1,185.42,182.88,195.58,193.04,27,34,4.12,3.18,0.61,0.49,1.8,0.8,1.49,1.97,0.29,0.29,Orthodox,Orthodox,2,2
2022-02-05,Sam Alvey,Brendan Allen,Blue,Light Heavyweight,MALE,3,0,0,4,4,6,1,10,6,11,2,49,15,0,0,5,1,1,3,187.96,187.96,190.5,190.5,35,26,3.28,3.98,0.44,0.53,0.1,1.4,0.06,1.74,0.14,0.47,Southpaw,Orthodox,21,8
2022-02-05,Julian Erosa,Steven Peterson,Red,Featherweight,MALE,3,1,2,2,2,0,0,5,3,5,4,22,20,0,0,2,1,2,0,185.42,177.8,187.96,177.8,32,31,6.18,4.76,0.48,0.4,0.8,0.7,1.69,1.42,0.48,0.26,Southpaw,Orthodox,10,7
2022-02-05,Miles Johns,John Castaneda,Blue,Bantamweight,MALE,3,2,1,2,1,0,0,4,2,1,1,14,7,0,0,2,1,0,0,170.18,167.64,167.64,180.34,27,30,3.28,4.67,0.47,0.5,0.0,0.1,1.02,1.79,0.2,0.35,Orthodox,Switch,5,3
2022-02-05,Hakeem Dawodu,Michael Trizano,Red,Featherweight,MALE,3,0,1,5,2,1,0,5,3,2,1,19,11,0,1,1,0,0,0,172.72,180.34,185.42,180.34,30,30,5.45,3.63,0.5,0.53,0.0,0.5,0.0,0.36,0.0,0.66,Orthodox,Orthodox,7,4
2022-02-05,Jason Witt,Phil Rowe,Blue,Welterweight,MALE,3,1,1,1,1,0,0,2,2,2,1,7,8,0,0,0,2,1,0,177.8,190.5,177.8,203.2,35,31,2.15,3.65,0.44,0.49,0.9,0.3,6.9,0.7,0.48,0.36,Orthodox,Orthodox,4,3
2022-01-22,Cody Stamann,Said Nurmagomedov,Blue,Bantamweight,MALE,3,0,1,3,2,2,0,5,3,3,1,26,8,0,0,0,2,0,0,167.64,172.72,162.56,177.8,32,29,4.39,3.54,0.47,0.47,0.0,1.2,2.34,1.03,0.39,0.16,Orthodox,Orthodox,8,4
2022-01-15,Calvin Kattar,Giga Chikadze,Red,Featherweight,MALE,5,0,7,2,7,1,0,6,7,3,1,26,20,0,0,4,3,0,0,180.34,182.88,182.88,187.96,33,33,4.76,3.92,0.39,0.42,0.1,0.2,0.39,0.21,0.29,0.33,Orthodox,Orthodox,9,8
2022-01-15,Court McGee,Ramiz Brahimaj,Red,Welterweight,MALE,3,1,1,3,1,0,0,9,1,9,1,51,4,1,0,0,0,2,1,180.34,177.8,190.5,182.88,37,29,4.6,1.74,0.37,0.41,0.4,1.6,1.84,1.61,0.25,0.35,Orthodox,Orthodox,18,2
2022-01-15,TJ Brown,Charles Rosa,Red,Lightweight,MALE,3,1,0,1,1,0,1,2,5,2,6,11,31,0,0,0,0,1,2,175.26,175.26,182.88,175.26,31,35,3.37,3.08,0.44,0.36,1.3,1.0,3.41,1.67,0.57,0.35,Switch,Switch,4,11
2021-12-18,Stephen Thompson,Belal Muhammad,Blue,Welterweight,MALE,3,0,5,7,5,1,0,11,10,5,3,51,39,2,1,5,1,0,1,182.88,180.34,190.5,182.88,38,33,4.11,4.39,0.46,0.43,0.0,0.2,0.26,2.28,0.41,0.39,Orthodox,Orthodox,16,13
2021-12-18,Raphael Assuncao,Ricky Simon,Blue,Bantamweight,MALE,3,0,3,7,4,3,0,14,7,7,2,56,24,0,0,2,0,1,2,165.1,167.64,167.64,175.26,39,29,3.22,2.99,0.42,0.43,0.2,0.3,1.65,5.2,0.39,0.44,Orthodox,Orthodox,21,9
2021-12-18,Diego Ferreira,Mateusz Gamrot,Blue,Lightweight,MALE,3,0,2,6,2,2,0,8,2,4,1,26,6,0,0,3,1,2,1,175.26,177.8,187.96,177.8,36,31,5.04,3.23,0.39,0.5,0.6,0.1,0.96,5.25,0.3,0.35,Orthodox,Southpaw,12,3
2021-12-18,Cub Swanson,Darren Elkins,Red,Featherweight,MALE,3,0,2,6,6,1,0,17,16,11,8,73,62,0,0,5,4,2,2,172.72,177.8,177.8,180.34,38,37,4.67,3.44,0.5,0.38,0.4,1.1,1.04,2.85,0.5,0.35,Orthodox,Orthodox,28,24
2021-12-18,Dustin Stoltzfus,Gerald Meerschaert,Blue,Middleweight,MALE,3,0,2,1,2,2,0,1,8,2,6,7,26,0,0,1,1,0,7,182.88,185.42,190.5,195.58,30,34,3.51,3.18,0.44,0.45,1.0,1.6,2.45,2.17,0.41,0.38,Orthodox,Southpaw,3,14
2021-12-18,Charles Jourdain,Andre Ewell,Red,Featherweight,MALE,3,0,0,1,2,1,2,2,4,3,4,17,23,0,0,2,0,0,0,175.26,172.72,175.26,190.5,26,33,5.48,4.28,0.48,0.4,0.5,0.1,0.35,0.36,0.23,0.75,Switch,Southpaw,5,8
2021-12-18,Jordan Leavitt,Matt Sayles,Red,Lightweight,MALE,3,0,0,2,1,1,1,2,2,1,2,5,8,0,0,1,1,1,1,175.26,170.18,180.34,172.72,26,27,2.55,4.83,0.61,0.41,1.1,0.7,2.19,0.36,0.25,0.16,Southpaw,Orthodox,3,4
2021-12-11,Charles Oliveira,Dustin Poirier,Red,Lightweight,MALE,5,9,3,9,5,0,0,19,21,8,6,53,65,2,3,3,11,14,3,177.8,175.26,187.96,182.88,32,32,3.39,5.3,0.53,0.5,2.8,1.3,2.17,1.24,0.4,0.36,Orthodox,Southpaw,27,27
2021-12-11,Geoff Neal,Santiago Ponzinibbio,Red,Welterweight,MALE,3,0,1,6,7,2,0,6,10,2,3,18,29,0,0,4,5,1,0,180.34,182.88,190.5,185.42,31,35,4.97,4.74,0.5,0.41,0.1,0.0,0.46,0.59,0.44,0.32,Southpaw,Orthodox,8,13
2021-12-11,Raulian Paiva,Sean O'Malley,Blue,Bantamweight,MALE,3,3,2,3,5,0,0,4,7,2,1,15,16,0,2,1,5,0,0,172.72,180.34,175.26,182.88,26,27,4.14,7.63,0.42,0.61,0.2,0.3,0.65,0.35,0.23,0.42,Orthodox,Switch,6,8
2021-12-11,Josh Emmett,Dan Ige,Red,Featherweight,MALE,3,3,0,3,6,0,1,7,8,2,3,22,31,1,0,3,2,0,2,167.64,170.18,177.8,180.34,36,30,4.04,3.7,0.36,0.45,0.1,0.3,0.91,0.99,0.37,0.26,Orthodox,Orthodox,9,11
2021-12-11,Pedro Munhoz,Dominick Cruz,Blue,Bantamweight,MALE,3,0,1,4,12,1,0,9,13,6,3,37,56,0,10,3,2,3,0,167.64,172.72,165.1,172.72,35,36,5.32,3.91,0.43,0.33,0.5,0.1,0.51,2.82,0.18,0.42,Orthodox,Orthodox,15,16
2021-12-11,Jordan Wright,Bruno Silva,Blue,Middleweight,MALE,3,1,2,1,2,0,0,2,2,1,0,5,4,0,0,2,2,0,0,187.96,182.88,195.58,187.96,30,32,4.1,4.12,0.56,0.49,0.4,0.0,2.09,0.93,0.45,0.27,Orthodox,Orthodox,3,2
2021-12-11,Andre Muniz,Eryk Anders,Red,Middleweight,MALE,3,5,1,5,2,0,0,5,6,0,5,9,32,0,0,0,3,3,0,185.42,185.42,198.12,190.5,31,34,1.97,3.41,0.5,0.47,1.2,0.1,4.23,1.79,0.5,0.26,Southpaw,Southpaw,5,11
2021-12-11,Ryan Hall,Darrick Minner,Red,Featherweight,MALE,3,0,0,4,2,1,1,4,2,1,3,11,9,1,0,0,0,1,1,177.8,170.18,177.8,175.26,36,31,2.38,2.63,0.5,0.65,2.2,2.7,0.22,2.4,0.09,0.72,Southpaw,Orthodox,5,5
2021-12-11,Randy Costa,Tony Kelley,Blue,Bantamweight,MALE,3,0,1,2,1,1,0,2,1,2,1,6,6,0,0,2,0,0,0,175.26,175.26,185.42,177.8,27,34,6.53,5.55,0.46,0.47,0.0,1.4,0.0,0.0,0.0,0.0,Switch,Switch,4,2
2021-12-04,Rob Font,Jose Aldo,Blue,Bantamweight,MALE,5,4,2,4,15,0,0,9,20,3,6,27,79,0,15,5,11,1,0,172.72,170.18,180.34,177.8,34,35,5.53,3.63,0.45,0.46,0.3,0.1,0.89,0.51,0.35,0.53,Orthodox,Orthodox,12,26
2021-12-04,Brad Riddell,Rafael Fiziev,Blue,Lightweight,MALE,3,4,4,4,4,0,0,4,4,0,1,12,11,0,0,0,1,0,0,170.18,172.72,180.34,180.34,30,28,4.71,4.9,0.53,0.51,0.0,0.0,1.77,0.29,0.36,0.4,Orthodox,Switch,4,5
2021-12-04,Jimmy Crute,Jamahal Hill,Blue,Light Heavyweight,MALE,3,0,0,3,3,1,1,5,3,2,1,9,9,0,2,3,2,2,0,187.96,193.04,187.96,200.66,25,30,3.68,7.18,0.54,0.54,2.0,0.0,4.84,0.0,0.57,0.0,Orthodox,Southpaw,7,4
2021-12-04,Clay Guida,Leonardo Santos,Red,Lightweight,MALE,3,0,0,4,6,1,1,18,7,16,1,93,21,2,1,2,2,4,2,170.18,182.88,177.8,190.5,39,41,2.64,2.82,0.33,0.46,0.6,0.2,3.13,0.88,0.36,0.25,Orthodox,Orthodox,34,8
2021-12-04,Brendan Allen,Chris Curtis,Blue,Middleweight,MALE,3,2,2,4,2,0,0,6,2,1,0,13,4,0,0,1,2,3,0,187.96,177.8,190.5,190.5,25,34,3.98,5.76,0.53,0.51,1.4,0.0,1.74,0.0,0.47,0.0,Orthodox,Orthodox,7,2
2021-12-04,Alex Morono,Mickey Gall,Red,Welterweight,MALE,3,2,1,3,3,0,0,9,6,4,3,33,17,0,0,2,0,1,5,180.34,187.96,182.88,187.96,31,29,4.96,3.33,0.41,0.48,0.4,1.6,0.36,1.18,0.26,0.32,Orthodox,Switch,13,9
2021-12-04,Maki Pitolo,Dusko Todorovic,Blue,Middleweight,MALE,3,0,0,1,2,3,2,2,2,4,2,13,9,0,0,2,1,0,0,177.8,185.42,190.5,187.96,31,27,4.1,5.54,0.44,0.57,0.8,0.0,2.24,0.96,0.52,0.12,Orthodox,Orthodox,6,4
2021-12-04,Alonzo Menifield,William Knight,Blue,Light Heavyweight,MALE,3,2,1,4,3,0,0,6,4,2,1,13,11,0,0,4,3,1,0,182.88,177.8,193.04,185.42,34,33,3.77,2.62,0.54,0.56,0.2,0.4,0.63,1.78,0.33,0.4,Orthodox,Orthodox,8,5
2021-12-04,Claudio Puelles,Chris Gruetzemacher,Red,Lightweight,MALE,3,3,1,3,2,0,0,3,4,1,3,11,15,1,0,0,2,1,0,177.8,172.72,182.88,172.72,25,35,1.56,6.18,0.49,0.57,1.2,0.0,3.17,0.21,0.36,0.5,Southpaw,Orthodox,4,7
2021-12-04,Louis Smolka,Vince Morales,Blue,Bantamweight,MALE,3,1,1,4,1,0,0,8,2,7,4,33,16,0,0,4,0,2,0,175.26,175.26,172.72,177.8,30,31,4.67,4.17,0.47,0.37,1.8,0.0,1.69,0.14,0.35,0.25,Orthodox,Orthodox,15,6
2021-11-20,Michael Chiesa,Sean Brady,Blue,Welterweight,MALE,3,0,4,4,4,1,0,11,4,5,0,36,11,1,0,0,0,6,2,185.42,177.8,190.5,182.88,33,28,1.86,3.77,0.4,0.53,1.0,1.2,3.35,3.29,0.51,0.57,Southpaw,Orthodox,16,4
2021-11-20,Rani Yahya,Kyung Ho Kang,Red,Bantamweight,MALE,3,1,3,4,3,0,0,16,6,7,2,57,23,1,0,0,0,11,3,167.64,175.26,170.18,185.42,37,34,1.71,3.13,0.38,0.47,1.8,0.8,2.73,1.97,0.3,0.5,Orthodox,Orthodox,23,8
2021-11-20,Davey Grant,Adrian Yanez,Blue,Bantamweight,MALE,3,0,4,3,4,1,0,4,4,4,0,20,7,1,0,2,4,0,0,172.72,170.18,175.26,177.8,35,27,4.77,6.51,0.42,0.41,0.2,0.0,1.26,0.0,0.41,0.0,Orthodox,Orthodox,8,4
2021-11-20,Pat Sabatini,Tucker Lutz,Red,Featherweight,MALE,3,2,3,2,3,0,0,2,3,0,0,4,9,0,0,0,0,1,0,172.72,172.72,177.8,182.88,31,27,2.02,3.74,0.59,0.46,1.9,0.2,3.73,1.99,0.42,0.44,Orthodox,Orthodox,2,3
2021-11-13,Max Holloway,Yair Rodriguez,Red,Featherweight,MALE,5,1,2,13,6,0,0,18,8,6,1,75,29,9,3,9,3,2,0,180.34,180.34,175.26,180.34,29,29,7.17,4.65,0.48,0.46,0.3,0.7,0.25,0.69,0.53,0.27,Orthodox,Orthodox,24,9
2021-11-13,Miguel Baeza,Khaos Williams,Blue,Welterweight,MALE,3,0,1,4,2,1,0,4,3,1,1,12,8,0,0,2,2,1,0,187.96,182.88,187.96,195.58,29,27,4.09,5.81,0.49,0.39,2.0,0.0,0.36,0.0,0.22,0.0,Orthodox,Orthodox,5,4
2021-11-13,Song Yadong,Julio Arce,Red,Bantamweight,MALE,3,1,1,4,3,0,0,6,5,1,2,19,19,0,0,2,3,1,1,172.72,170.18,170.18,177.8,23,32,4.49,4.36,0.43,0.36,0.2,0.3,0.66,0.46,0.4,0.28,Orthodox,Southpaw,7,7
2021-11-13,Thiago Moises,Joel Alvarez,Blue,Lightweight,MALE,3,0,3,3,3,1,0,5,3,3,1,22,7,0,0,1,1,1,2,175.26,190.5,177.8,195.58,26,28,2.39,4.39,0.4,0.52,1.3,1.2,1.47,0.0,0.35,0.0,Orthodox,Orthodox,8,4
2021-11-13,Sean Woodson,Collin Anglin,Red,Featherweight,MALE,3,1,0,2,1,0,1,3,1,1,1,11,5,0,0,1,0,0,0,187.96,175.26,198.12,180.34,29,28,5.58,4.59,0.46,0.48,0.4,0.0,0.66,2.28,0.62,0.66,Orthodox,Orthodox,4,2
2021-11-13,Marc Diakiese,Rafael Alves,Blue,Lightweight,MALE,3,0,0,3,1,1,1,5,1,4,1,24,5,0,0,2,0,0,1,177.8,172.72,185.42,172.72,28,30,2.54,1.85,0.4,0.48,0.0,1.5,3.29,0.29,0.43,0.25,Orthodox,Orthodox,9,2
2021-11-13,Kennedy Nzechukwu,Da Woon Jung,Blue,Light Heavyweight,MALE,3,3,3,3,2,0,0,5,3,1,0,15,10,0,0,3,1,0,1,195.58,193.04,210.82,198.12,29,27,5.13,3.49,0.45,0.43,0.2,0.2,0.6,1.9,0.45,0.5,Southpaw,Orthodox,6,3
2021-11-06,Kamaru Usman,Colby Covington,Red,Welterweight,MALE,5,14,1,14,7,0,0,14,11,0,2,48,43,8,3,4,3,1,2,182.88,180.34,193.04,182.88,34,33,4.36,3.88,0.52,0.38,0.1,0.2,2.82,3.79,0.45,0.44,Switch,Orthodox,14,13
2021-11-06,Frankie Edgar,Marlon Vera,Blue,Bantamweight,MALE,3,0,1,5,5,1,0,18,11,9,6,95,41,9,1,5,5,2,4,167.64,172.72,172.72,177.8,40,28,3.77,4.27,0.4,0.49,0.3,0.8,2.29,0.51,0.31,0.39,Orthodox,Switch,27,17
2021-11-06,Shane Burgos,Billy Quarantillo,Red,Featherweight,MALE,3,0,1,3,4,2,0,6,5,3,1,25,17,0,0,2,3,1,1,180.34,177.8,190.5,177.8,30,32,7.4,7.36,0.52,0.56,0.4,1.1,0.43,1.24,0.44,0.23,Orthodox,Orthodox,9,6
2021-11-06,Justin Gaethje,Michael Chandler,Red,Lightweight,MALE,3,0,0,4,3,1,1,5,3,3,1,19,6,2,1,5,2,0,1,180.34,172.72,177.8,180.34,32,35,6.78,4.89,0.59,0.46,0.0,0.9,0.11,2.17,0.25,0.38,Orthodox,Orthodox,8,4
2021-11-06,Al Iaquinta,Bobby Green,Blue,Lightweight,MALE,3,0,0,5,8,2,2,9,12,5,9,41,59,2,0,4,1,0,3,177.8,177.8,177.8,180.34,34,35,4.06,6.43,0.4,0.53,0.2,0.3,0.63,1.23,0.18,0.39,Orthodox,Orthodox,14,21
2021-11-06,Edmen Shahbazyan,Nassourdine Imavov,Blue,Middleweight,MALE,3,0,1,5,1,2,0,5,2,2,1,13,8,0,0,3,1,1,0,190.5,190.5,190.5,190.5,23,26,3.6,4.58,0.52,0.55,0.6,1.3,2.24,0.98,0.38,0.36,Orthodox,Orthodox,7,3
2021-11-06,Dustin Jacoby,John Allan,Red,Light Heavyweight,MALE,3,4,0,3,0,0,2,4,0,2,2,17,8,0,0,2,0,0,0,190.5,185.42,193.04,190.5,33,28,5.5,3.56,0.47,0.42,0.0,0.8,0.36,1.4,0.25,0.71,Orthodox,Orthodox,6,2
2021-10-30,Jan Blachowicz,Glover Teixeira,Blue,Light Heavyweight,MALE,5,5,5,5,8,0,0,11,18,5,6,44,54,3,3,4,8,2,7,187.96,187.96,198.12,193.04,38,42,3.41,3.73,0.5,0.49,0.3,0.9,1.09,2.11,0.5,0.33,Orthodox,Orthodox,16,24
2021-10-30,Petr Yan,Cory Sandhagen,Red,Bantamweight,MALE,5,0,0,7,5,1,1,7,7,1,2,24,20,3,0,4,4,0,1,170.18,180.34,170.18,177.8,28,29,5.14,5.02,0.53,0.44,0.1,0.3,1.73,1.19,0.51,0.32,Switch,Switch,8,9
2021-10-30,Islam Makhachev,Dan Hooker,Red,Lightweight,MALE,3,8,1,8,4,0,0,9,11,1,6,24,41,4,0,1,6,4,2,177.8,182.88,177.8,190.5,30,31,2.65,5.03,0.59,0.48,1.1,0.3,3.19,0.73,0.53,0.34,Southpaw,Switch,10,17
2021-10-30,Li Jingliang,Khamzat Chimaev,Blue,Welterweight,MALE,3,1,3,4,3,0,0,10,3,4,0,33,4,0,0,7,2,0,1,182.88,187.96,180.34,190.5,33,27,4.46,5.72,0.42,0.58,0.0,2.7,1.19,3.99,0.41,0.46,Orthodox,Orthodox,14,3
2021-10-30,Magomed Ankalaev,Volkan Oezdemir,Red,Light Heavyweight,MALE,3,6,0,6,3,0,1,6,5,1,4,15,20,1,1,4,3,0,0,190.5,187.96,190.5,190.5,29,32,3.64,4.79,0.53,0.48,0.0,0.1,1.02,0.56,0.31,0.33,Orthodox,Orthodox,7,9
2021-10-30,Ricardo Ramos,Zubaira Tukhugov,Blue,Featherweight,MALE,3,1,0,3,3,0,1,6,4,2,2,18,17,0,0,1,2,1,0,175.26,172.72,182.88,172.72,26,30,3.03,3.17,0.36,0.39,0.8,0.0,2.77,2.13,0.61,0.39,Orthodox,Orthodox,8,6
2021-10-30,Makwan Amirkhani,Lerone Murphy,Blue,Featherweight,MALE,3,0,2,3,2,2,0,6,2,4,0,23,7,0,0,1,1,3,0,177.8,175.26,182.88,185.42,32,30,1.33,5.01,0.44,0.54,1.1,0.6,3.96,1.59,0.43,0.52,Southpaw,Orthodox,10,2
2021-10-23,Paulo Costa,Marvin Vettori,Blue,Light Heavyweight,MALE,5,0,0,5,5,1,1,5,7,1,3,12,35,1,1,4,0,0,2,185.42,182.88,182.88,187.96,30,28,6.22,4.56,0.58,0.45,0.0,0.5,0.36,1.66,0.75,0.45,Orthodox,Southpaw,6,10
2021-10-23,Alex Caceres,SeungWoo Choi,Red,Featherweight,MALE,3,4,3,4,3,0,0,13,3,10,2,62,13,0,0,1,1,3,0,177.8,182.88,185.42,187.96,33,28,4.21,3.51,0.49,0.39,0.7,0.0,0.54,0.86,0.68,0.54,Southpaw,Orthodox,23,5
2021-10-23,Francisco Trinaldo,Dwight Grant,Red,Welterweight,MALE,3,0,1,7,2,1,0,16,4,7,2,59,13,0,0,5,2,2,0,175.26,185.42,177.8,193.04,43,37,3.13,3.29,0.45,0.36,0.5,0.0,0.98,0.61,0.42,1.0,Southpaw,Switch,23,6
2021-10-23,Nicolae Negumereanu,Ike Villanueva,Red,Light Heavyweight,MALE,3,1,0,1,1,0,1,1,1,1,3,6,7,0,0,0,1,0,0,182.88,185.42,198.12,185.42,27,37,3.58,3.66,0.41,0.38,0.0,0.0,1.02,0.6,0.28,0.5,Orthodox,Orthodox,2,4
2021-10-23,JunYong Park,Gregory Rodrigues,Blue,Middleweight,MALE,3,3,1,3,1,0,0,3,1,1,1,11,4,0,0,0,0,0,0,177.8,190.5,185.42,190.5,30,29,4.53,5.52,0.5,0.56,1.1,0.4,1.83,2.74,0.5,0.41,Orthodox,Orthodox,4,2
2021-10-23,Jamie Pickett,Laureano Staropoli,Red,Middleweight,MALE,3,0,0,1,2,2,3,1,2,4,3,10,15,0,0,1,0,0,0,187.96,185.42,203.2,180.34,33,28,2.65,3.31,0.47,0.34,0.1,0.0,1.26,0.83,0.4,0.26,Orthodox,Orthodox,5,5
2021-10-23,Khama Worthy,Jai Herbert,Blue,Lightweight,MALE,3,0,0,2,0,2,2,2,0,2,2,6,5,0,0,1,0,1,0,180.34,185.42,187.96,195.58,35,33,4.18,3.16,0.48,0.42,0.7,0.0,0.0,0.5,0.0,0.23,Orthodox,Orthodox,4,2
2021-10-16,Nate Landwehr,Ludovit Klein,Red,Featherweight,MALE,3,0,0,1,1,1,1,1,1,2,1,5,4,0,0,0,1,0,0,175.26,170.18,182.88,182.88,33,26,6.25,3.93,0.46,0.55,1.0,0.0,1.0,1.66,0.41,0.5,Orthodox,Southpaw,3,2
2021-10-16,Danny Roberts,Ramazan Emeev,Red,Welterweight,MALE,3,1,2,2,3,0,0,6,5,4,1,20,18,0,0,3,0,1,0,185.42,177.8,187.96,193.04,34,34,3.18,2.53,0.39,0.45,0.2,0.7,0.24,2.37,0.09,0.29,Southpaw,Southpaw,10,6
2021-10-16,Batgerel Danaa,Brandon Davis,Red,Bantamweight,MALE,3,2,0,2,1,0,2,2,3,1,5,5,22,0,0,2,0,0,1,170.18,177.8,177.8,182.88,32,31,5.38,4.68,0.36,0.35,0.0,0.1,0.52,0.74,0.5,0.42,Orthodox,Orthodox,3,8
2021-10-09,Randy Brown,Jared Gooden,Red,Welterweight,MALE,3,1,1,2,1,0,0,7,1,4,2,26,7,0,0,2,1,3,0,190.5,182.88,198.12,195.58,31,27,4.38,4.73,0.47,0.47,0.5,0.0,0.8,0.49,0.39,1.0,Orthodox,Orthodox,11,3
2021-10-09,Chris Gutierrez,Felipe Colares,Red,Bantamweight,MALE,3,4,1,3,1,0,0,4,2,1,2,16,12,0,0,1,0,0,0,175.26,172.72,170.18,175.26,30,27,5.04,2.17,0.57,0.45,0.1,0.5,0.34,1.88,0.37,0.24,Orthodox,Orthodox,5,4
2021-10-09,Charles Rosa,Damon Jackson,Blue,Featherweight,MALE,3,1,0,1,1,0,1,5,1,5,2,28,10,0,0,0,0,2,1,175.26,180.34,175.26,180.34,35,33,3.08,3.02,0.36,0.4,1.0,1.6,1.67,2.44,0.35,0.34,Switch,Switch,10,3
2021-10-02,Thiago Santos,Johnny Walker,Red,Light Heavyweight,MALE,5,0,1,4,4,3,0,13,5,8,2,43,11,1,0,11,4,0,0,187.96,198.12,193.04,208.28,37,29,3.95,3.42,0.48,0.59,0.1,0.7,0.61,0.24,0.36,1.0,Orthodox,Orthodox,21,7
2021-10-02,Alex Oliveira,Niko Price,Blue,Welterweight,MALE,3,0,0,4,2,2,2,11,6,8,5,44,24,0,0,4,4,3,2,180.34,182.88,193.04,193.04,33,32,2.97,5.16,0.51,0.42,0.5,0.8,2.27,0.79,0.37,0.22,Orthodox,Orthodox,19,11
2021-10-02,Misha Cirkunov,Krzysztof Jotko,Blue,Middleweight,MALE,3,0,0,4,5,1,1,6,9,4,5,13,38,0,0,1,1,5,0,190.5,185.42,195.58,195.58,34,32,3.77,2.92,0.49,0.41,1.7,0.1,4.48,1.15,0.44,0.34,Orthodox,Southpaw,10,14
2021-10-02,Joe Solecki,Jared Gordon,Blue,Lightweight,MALE,3,4,2,4,2,0,0,4,5,0,3,8,19,0,0,0,1,2,0,175.26,175.26,177.8,172.72,28,33,2.64,5.22,0.62,0.56,0.6,0.0,2.85,2.54,0.52,0.39,Orthodox,Orthodox,4,8
2021-10-02,Devonte Smith,Jamie Mullarkey,Blue,Lightweight,MALE,3,1,1,3,1,0,0,4,1,1,2,6,7,0,0,4,1,0,0,175.26,182.88,193.04,187.96,28,27,5.1,3.03,0.52,0.4,0.5,0.4,0.53,3.5,1.0,0.32,Orthodox,Orthodox,5,3
2021-10-02,Alejandro Perez,Johnny Eduardo,Red,Bantamweight,MALE,3,0,0,4,2,2,2,7,3,3,4,25,14,0,0,3,2,0,0,167.64,170.18,165.1,180.34,32,43,3.45,2.95,0.35,0.39,0.4,0.4,0.61,0.22,0.23,0.2,Orthodox,Orthodox,10,7
2021-09-25,Alexander Volkanovski,Brian Ortega,Red,Featherweight,MALE,5,9,1,9,6,0,0,9,7,0,1,28,25,2,1,3,3,0,3,167.64,172.72,180.34,175.26,32,30,6.42,4.15,0.56,0.38,0.3,1.2,1.77,0.87,0.34,0.24,Orthodox,Switch,9,8
2021-09-25,Nick Diaz,Robbie Lawler,Blue,Middleweight,MALE,3,0,0,11,5,2,4,19,19,7,14,70,91,2,5,10,12,6,0,185.42,180.34,193.04,187.96,38,39,5.71,3.73,0.42,0.46,1.0,0.0,1.28,0.66,0.32,0.64,Southpaw,Southpaw,26,33
2021-09-25,Marlon Moraes,Merab Dvalishvili,Blue,Bantamweight,MALE,3,0,6,4,6,2,0,5,6,4,2,18,24,1,0,2,0,1,0,167.64,167.64,170.18,172.72,33,30,3.34,4.26,0.4,0.41,0.4,0.3,0.89,7.3,0.41,0.45,Orthodox,Orthodox,9,8
2021-09-25,Dan Hooker,Nasrat Haqparast,Red,Lightweight,MALE,3,0,2,4,3,2,0,10,5,6,2,38,18,0,0,6,1,2,0,182.88,177.8,190.5,182.88,31,26,4.95,5.19,0.48,0.46,0.2,0.0,0.91,0.16,0.36,0.14,Switch,Southpaw,16,7
2021-09-25,Uros Medic,Jalin Turner,Blue,Lightweight,MALE,3,2,2,2,2,0,0,2,4,0,2,2,10,0,0,2,3,0,1,185.42,190.5,180.34,195.58,28,26,10.53,6.2,0.75,0.47,0.0,1.9,0.0,0.98,0.0,0.75,Southpaw,Southpaw,2,6
2021-09-25,Jonathan Pearce,Omar Morales,Red,Featherweight,MALE,3,1,1,1,3,0,0,2,4,1,1,6,14,0,0,2,1,0,0,182.88,180.34,180.34,185.42,29,35,6.79,3.4,0.53,0.38,1.0,0.0,7.17,0.6,0.57,1.0,Switch,Orthodox,3,5
2021-09-18,Anthony Smith,Ryan Spann,Red,Light Heavyweight,MALE,5,2,1,3,5,0,0,12,6,8,2,47,13,1,0,7,2,4,2,193.04,195.58,193.04,200.66,33,30,3.03,3.43,0.47,0.44,0.8,1.6,0.46,1.58,0.28,0.38,Orthodox,Orthodox,20,8
2021-09-18,Ion Cutelaba,Devin Clark,Red,Light Heavyweight,MALE,3,0,0,2,2,2,1,4,6,5,5,19,25,0,0,3,0,0,0,185.42,182.88,190.5,190.5,27,31,4.91,3.13,0.42,0.56,0.0,0.1,4.39,2.51,0.6,0.34,Southpaw,Orthodox,9,11
2021-09-18,Arman Tsarukyan,Christos Giagos,Red,Lightweight,MALE,3,3,2,3,2,0,0,3,5,1,4,12,21,0,0,0,0,0,2,170.18,177.8,182.88,180.34,24,31,3.59,2.88,0.46,0.41,0.0,0.5,3.38,3.31,0.34,0.41,Orthodox,Orthodox,4,9
2021-09-18,Nate Maness,Tony Gravely,Red,Bantamweight,MALE,3,2,2,2,2,0,0,2,3,0,1,5,11,0,0,0,2,1,0,177.8,165.1,182.88,175.26,30,29,2.87,4.14,0.46,0.54,0.5,0.6,1.52,5.57,0.75,0.48,Orthodox,Orthodox,2,4
2021-09-18,Joaquin Buckley,Antonio Arroyo,Red,Middleweight,MALE,3,0,0,2,2,1,2,2,2,2,2,8,11,0,0,2,0,0,1,177.8,190.5,193.04,185.42,27,32,4.16,2.82,0.37,0.66,0.0,0.2,0.8,1.14,0.16,0.41,Southpaw,Orthodox,4,4
2021-09-18,Mike Rodriguez,Tafon Nchukwi,Blue,Light Heavyweight,MALE,3,0,0,1,2,2,1,3,2,4,1,15,8,0,0,3,1,0,0,193.04,182.88,208.28,195.58,32,26,4.35,6.56,0.53,0.53,0.0,0.0,0.0,1.15,0.0,0.57,Southpaw,Orthodox,7,3
2021-09-18,Montel Jackson,JP Buys,Red,Bantamweight,MALE,3,1,0,3,1,0,1,5,1,2,2,17,5,0,0,2,0,1,1,177.8,165.1,190.5,170.18,29,25,3.42,1.76,0.55,0.43,0.3,2.5,4.13,1.7,0.78,0.3,Southpaw,Orthodox,7,3
2021-09-04,Derek Brunson,Darren Till,Red,Middleweight,MALE,5,4,0,5,4,0,1,16,6,6,3,44,29,0,1,7,2,2,0,185.42,182.88,195.58,187.96,37,28,3.45,2.26,0.47,0.46,0.5,0.0,3.15,0.5,0.34,0.41,Southpaw,Southpaw,22,9
2021-09-04,Alex Morono,David Zawada,Red,Welterweight,MALE,3,1,0,3,1,0,1,8,1,4,3,30,10,0,0,2,0,1,1,180.34,182.88,182.88,190.5,31,31,5.14,3.84,0.42,0.41,0.4,1.7,0.38,0.97,0.25,0.33,Orthodox,Orthodox,12,4
2021-09-04,Modestas Bukauskas,Khalil Rountree Jr.,Blue,Light Heavyweight,MALE,3,0,0,1,3,2,2,1,4,2,5,5,18,0,0,1,3,0,0,190.5,185.42,198.12,193.04,27,31,3.59,3.24,0.37,0.38,0.0,0.2,0.0,0.0,0.0,0.0,Switch,Southpaw,3,9
2021-09-04,Dalcha Lungiambula,Marc-Andre Barriault,Blue,Middleweight,MALE,3,1,1,1,1,0,0,2,1,1,3,9,14,0,0,1,1,0,0,172.72,185.42,193.04,187.96,34,31,2.97,5.8,0.43,0.46,0.0,0.0,2.05,0.35,0.46,0.25,Orthodox,Orthodox,3,4
2021-08-28,Edson Barboza,Giga Chikadze,Blue,Featherweight,MALE,5,2,6,4,6,0,0,16,6,9,1,64,17,0,0,8,2,0,0,180.34,182.88,190.5,187.96,35,33,4.11,3.76,0.44,0.45,0.1,0.3,0.4,0.33,0.44,0.33,Orthodox,Orthodox,25,7
2021-08-28,Kevin Lee,Daniel Rodriguez,Blue,Welterweight,MALE,3,0,2,5,4,1,0,11,6,6,1,44,16,1,0,3,2,4,1,175.26,185.42,195.58,187.96,28,34,3.89,8.06,0.42,0.5,0.8,0.2,3.19,0.84,0.43,0.55,Orthodox,Southpaw,17,7
2021-08-28,Makhmud Muradov,Gerald Meerschaert,Blue,Middleweight,MALE,3,3,1,3,2,0,0,3,7,0,6,9,24,0,0,2,1,0,6,187.96,185.42,190.5,195.58,31,33,5.39,3.41,0.42,0.44,0.3,1.8,0.31,2.58,0.16,0.4,Orthodox,Southpaw,3,13
2021-08-28,Alessio Di Chirico,Abdul Razak Alhassan,Blue,Middleweight,MALE,3,1,0,2,3,0,3,4,4,5,4,22,14,0,0,2,4,0,0,182.88,177.8,187.96,185.42,31,36,3.3,3.71,0.41,0.48,0.0,0.0,1.62,0.53,0.45,0.28,Orthodox,Orthodox,9,8
2021-08-28,Sam Alvey,Wellington Turman,Blue,Middleweight,MALE,3,0,0,4,1,5,2,10,1,10,3,46,8,0,0,5,0,1,0,187.96,182.88,190.5,182.88,35,25,3.29,3.04,0.44,0.47,0.1,0.6,0.07,2.22,0.16,0.22,Southpaw,Orthodox,20,4
2021-08-28,Dustin Jacoby,Darren Stewart,Red,Light Heavyweight,MALE,3,3,0,3,3,0,2,3,5,2,6,16,28,0,0,1,2,0,1,190.5,182.88,193.04,187.96,33,30,4.32,3.05,0.49,0.45,0.0,0.1,0.35,1.75,0.4,0.45,Orthodox,Orthodox,5,11
2021-08-21,Jared Cannonier,Kelvin Gastelum,Red,Middleweight,MALE,5,0,0,3,5,1,1,6,11,5,7,23,52,0,1,5,3,0,2,180.34,175.26,195.58,180.34,37,29,3.6,3.53,0.49,0.41,0.0,0.1,0.12,1.05,0.33,0.32,Switch,Southpaw,11,18
2021-08-21,Clay Guida,Mark Madsen,Blue,Lightweight,MALE,3,1,2,4,2,0,0,18,2,15,0,90,4,0,0,2,1,4,0,170.18,172.72,177.8,182.88,39,36,2.53,4.33,0.34,0.48,0.7,0.0,3.24,4.33,0.38,0.6,Orthodox,Orthodox,33,2
2021-08-21,Vinc Pichel,Austin Hubbard,Red,Lightweight,MALE,3,2,1,4,1,0,0,6,3,2,3,19,15,0,0,1,1,0,0,177.8,177.8,182.88,180.34,38,29,3.42,3.67,0.45,0.47,0.3,0.0,3.29,1.35,0.54,0.61,Orthodox,Orthodox,8,6
2021-08-21,Austin Lingo,Luis Saldana,Red,Featherweight,MALE,3,1,2,1,2,0,0,1,2,1,0,6,6,0,0,0,1,0,0,177.8,180.34,177.8,185.42,27,30,4.0,4.66,0.42,0.5,0.0,0.4,0.67,0.0,0.66,0.0,Orthodox,Orthodox,2,2
2021-08-21,Brian Kelleher,Domingo Pilarte,Red,Bantamweight,MALE,3,0,0,2,1,1,1,6,1,5,1,22,6,0,0,2,0,3,1,167.64,182.88,167.64,185.42,35,31,3.63,1.31,0.4,0.47,0.9,0.8,1.28,1.2,0.33,0.42,Switch,Southpaw,11,2
2021-08-21,William Knight,Fabio Cherant,Red,Light Heavyweight,MALE,3,0,0,3,0,1,2,3,0,1,2,10,3,0,0,2,0,0,0,177.8,185.42,185.42,187.96,33,26,3.55,2.01,0.72,0.47,0.3,0.0,2.36,0.0,0.53,0.0,Orthodox,Southpaw,4,2
2021-08-21,Roosevelt Roberts,Ignacio Bahamondes,Blue,Lightweight,MALE,3,0,0,3,1,1,1,5,1,2,1,16,5,0,0,0,1,3,0,187.96,190.5,185.42,190.5,27,23,3.14,7.56,0.44,0.42,0.9,0.0,1.44,0.0,0.29,0.0,Orthodox,Orthodox,7,2
2021-08-07,Jose Aldo,Pedro Munhoz,Red,Bantamweight,MALE,3,1,1,15,4,0,0,19,9,6,5,76,34,12,0,11,3,0,3,170.18,167.64,177.8,165.1,34,34,3.63,5.55,0.45,0.43,0.1,0.7,0.55,0.62,0.56,0.21,Orthodox,Orthodox,25,14
2021-08-07,Michael Chiesa,Vicente Luque,Blue,Welterweight,MALE,3,4,3,4,6,0,0,11,13,4,3,35,31,0,0,0,8,6,4,185.42,180.34,190.5,190.5,33,29,1.87,5.65,0.4,0.54,1.1,1.0,3.62,0.64,0.53,0.5,Southpaw,Orthodox,15,16
2021-08-07,Song Yadong,Casey Kenney,Red,Bantamweight,MALE,3,0,0,4,3,1,1,5,6,1,3,16,25,0,0,2,0,1,1,172.72,170.18,170.18,172.72,23,30,4.91,4.85,0.42,0.42,0.3,0.4,0.49,1.09,0.42,0.35,Orthodox,Southpaw,6,9
2021-08-07,Bobby Green,Rafael Fiziev,Blue,Lightweight,MALE,3,0,3,8,3,1,0,12,3,8,1,56,8,0,0,1,1,3,0,177.8,172.72,180.34,180.34,34,28,5.45,5.34,0.51,0.52,0.3,0.0,1.46,0.59,0.39,0.5,Orthodox,Switch,20,4
2021-08-07,Vince Morales,Drako Rodriguez,Red,Bantamweight,MALE,3,0,0,1,1,2,1,1,1,4,1,13,2,0,0,0,0,0,1,170.18,172.72,177.8,175.26,30,25,4.39,3.37,0.39,0.36,0.0,0.7,0.2,2.93,0.25,0.66,Orthodox,Orthodox,5,2
2021-08-07,Alonzo Menifield,Ed Herman,Red,Light Heavyweight,MALE,3,1,3,4,3,0,0,5,13,2,11,10,55,0,0,4,4,1,5,182.88,185.42,193.04,195.58,33,40,4.13,3.28,0.54,0.48,0.3,1.1,0.56,2.08,0.25,0.48,Orthodox,Orthodox,7,24
2021-08-07,Miles Johns,Anderson Dos Santos,Red,Bantamweight,MALE,3,1,1,2,1,0,0,3,1,1,2,11,7,0,0,1,0,0,1,170.18,165.1,167.64,177.8,27,36,4.03,2.7,0.53,0.25,0.0,0.7,0.99,0.98,0.3,0.14,Orthodox,Orthodox,4,3
2021-07-31,Uriah Hall,Sean Strickland,Blue,Middleweight,MALE,5,4,4,4,4,0,0,10,10,7,3,37,33,0,0,8,3,0,1,182.88,185.42,200.66,193.04,37,30,3.47,5.45,0.49,0.4,0.2,0.3,0.58,1.32,0.38,0.61,Orthodox,Orthodox,17,13
2021-07-31,Bryan Barberena,Jason Witt,Blue,Welterweight,MALE,3,1,0,2,1,0,1,6,1,5,2,28,4,0,0,3,0,1,1,182.88,177.8,182.88,177.8,32,34,5.26,2.63,0.48,0.49,0.4,1.3,0.21,6.46,0.25,0.45,Southpaw,Orthodox,11,3
2021-07-24,Cory Sandhagen,TJ Dillashaw,Blue,Bantamweight,MALE,5,2,0,5,4,0,1,7,12,1,4,15,43,0,7,4,7,1,1,180.34,167.64,177.8,170.18,29,35,6.32,5.26,0.47,0.41,0.6,0.8,0.74,1.63,0.44,0.3,Switch,Orthodox,8,16
2021-07-24,Kyler Phillips,Raulian Paiva,Blue,Bantamweight,MALE,3,4,2,4,2,0,0,4,3,0,2,9,12,0,0,2,1,0,0,172.72,172.72,182.88,175.26,26,25,5.2,4.24,0.49,0.43,0.3,0.2,3.2,0.62,0.55,0.27,Orthodox,Orthodox,4,5
2021-07-24,Darren Elkins,Darrick Minner,Red,Featherweight,MALE,3,1,2,6,2,0,0,15,2,8,2,60,7,0,0,3,0,2,1,177.8,170.18,180.34,175.26,37,31,3.46,2.96,0.38,0.66,1.1,4.0,2.67,3.11,0.33,0.7,Orthodox,Orthodox,23,4
2021-07-24,Adrian Yanez,Randy Costa,Red,Bantamweight,MALE,3,3,2,3,2,0,0,3,2,0,1,5,4,0,0,3,2,0,0,170.18,175.26,177.8,185.42,27,27,6.13,8.64,0.38,0.46,0.0,0.0,0.0,0.0,0.0,0.0,Orthodox,Switch,3,3
2021-07-24,Punahele Soriano,Brendan Allen,Blue,Middleweight,MALE,3,3,1,3,4,0,0,3,5,0,1,5,10,0,0,2,1,0,3,180.34,187.96,182.88,190.5,28,25,4.44,4.1,0.43,0.52,0.0,1.6,1.58,1.29,0.66,0.45,Southpaw,Orthodox,3,6
2021-07-24,Nassourdine Imavov,Ian Heinisch,Red,Middleweight,MALE,3,0,0,1,3,1,1,1,4,1,3,6,17,0,0,0,2,0,0,190.5,180.34,190.5,182.88,26,32,4.3,3.25,0.54,0.5,1.6,0.7,0.79,1.02,0.22,0.17,Orthodox,Orthodox,2,7
2021-07-24,Mickey Gall,Jordan Williams,Red,Welterweight,MALE,3,0,0,3,1,1,1,5,1,3,2,16,10,0,0,0,1,4,0,187.96,185.42,187.96,190.5,29,30,2.6,5.97,0.46,0.5,2.4,0.0,1.32,1.23,0.28,0.57,Switch,Southpaw,8,3
2021-07-24,Julio Arce,Andre Ewell,Red,Bantamweight,MALE,3,0,0,3,2,1,1,4,4,2,3,17,21,0,0,2,0,1,0,170.18,172.72,177.8,190.5,31,33,4.31,4.35,0.36,0.41,0.5,0.1,0.52,0.27,0.3,0.66,Southpaw,Southpaw,6,7
2021-07-17,Islam Makhachev,Thiago Moises,Red,Lightweight,MALE,5,7,3,7,3,0,0,8,5,1,2,20,18,0,0,1,1,3,1,177.8,175.26,177.8,177.8,29,26,2.24,2.49,0.58,0.37,1.0,1.2,3.31,1.03,0.65,0.35,Southpaw,Orthodox,9,7
2021-07-17,Jeremy Stephens,Mateusz Gamrot,Blue,Lightweight,MALE,3,0,1,3,1,4,0,15,1,17,1,85,5,0,0,8,1,0,0,175.26,177.8,180.34,177.8,35,30,3.17,4.1,0.4,0.48,0.4,0.7,1.16,5.35,0.38,0.34,Orthodox,Southpaw,32,2
2021-07-17,Rodolfo Vieira,Dustin Stoltzfus,Red,Middleweight,MALE,3,0,0,2,1,1,1,2,1,1,1,5,4,0,0,0,1,2,0,182.88,182.88,185.42,190.5,31,29,2.6,3.68,0.49,0.41,1.4,0.5,5.77,0.48,0.52,0.09,Orthodox,Orthodox,3,2
2021-07-17,Gabriel Benitez,Billy Quarantillo,Blue,Featherweight,MALE,3,1,0,2,4,0,1,6,4,4,1,21,14,0,0,2,2,2,1,172.72,177.8,180.34,177.8,33,32,4.35,7.08,0.39,0.64,1.2,1.7,0.15,1.66,0.5,0.34,Southpaw,Orthodox,10,5
2021-07-10,Dustin Poirier,Conor McGregor,Red,Lightweight,MALE,5,2,0,5,7,0,1,20,10,6,3,64,27,2,4,10,8,3,0,175.26,175.26,182.88,187.96,32,32,5.62,5.32,0.5,0.49,1.2,0.1,1.5,0.67,0.36,0.55,Southpaw,Southpaw,26,13
2021-07-10,Gilbert Burns,Stephen Thompson,Red,Welterweight,MALE,3,0,2,6,7,1,0,12,11,4,4,39,48,1,2,3,5,4,0,177.8,182.88,180.34,190.5,34,38,3.12,4.06,0.46,0.43,0.6,0.0,2.16,0.3,0.36,0.45,Orthodox,Orthodox,16,15
2021-07-10,Carlos Condit,Max Griffin,Blue,Welterweight,MALE,3,2,2,5,2,0,0,14,5,10,6,63,29,3,0,6,3,4,0,187.96,180.34,190.5,193.04,37,35,3.66,4.35,0.39,0.49,1.0,0.4,0.59,1.63,0.46,0.53,Orthodox,Orthodox,24,11
2021-07-10,Niko Price,Michel Pereira,Blue,Welterweight,MALE,3,0,2,2,2,1,0,6,3,4,2,21,13,0,0,4,1,2,1,182.88,185.42,193.04,185.42,31,27,5.29,4.22,0.41,0.55,0.9,0.8,0.75,2.01,0.2,0.62,Orthodox,Orthodox,10,5
2021-07-10,Ryan Hall,Ilia Topuria,Blue,Featherweight,MALE,3,4,2,4,2,0,0,4,2,0,0,10,4,0,0,0,1,1,0,177.8,170.18,177.8,175.26,36,24,2.3,2.77,0.44,0.48,0.9,3.4,0.29,3.35,0.11,0.55,Southpaw,Orthodox,4,2
2021-07-10,Omari Akhmedov,Brad Tavares,Blue,Middleweight,MALE,3,1,1,3,5,0,0,9,13,4,6,35,52,0,0,2,2,1,0,182.88,185.42,185.42,187.96,33,33,2.97,3.18,0.34,0.42,0.2,0.0,2.58,0.91,0.45,0.27,Orthodox,Orthodox,13,19
2021-06-26,Tim Means,Nicolas Dalby,Red,Welterweight,MALE,3,2,2,4,2,0,0,13,3,9,2,51,19,0,0,5,0,2,0,187.96,180.34,190.5,187.96,37,36,5.16,3.2,0.48,0.37,0.2,0.0,0.92,1.45,0.41,0.33,Orthodox,Orthodox,22,5
2021-06-26,Kennedy Nzechukwu,Danilo Marques,Red,Light Heavyweight,MALE,3,2,2,2,2,0,0,4,2,1,0,12,5,0,0,2,0,0,1,195.58,198.12,210.82,195.58,29,35,5.38,1.81,0.43,0.88,0.0,1.2,0.0,4.83,0.0,0.34,Southpaw,Orthodox,5,2
2021-06-26,Marcin Prachnio,Ike Villanueva,Red,Light Heavyweight,MALE,3,1,1,1,1,0,0,1,1,3,2,6,5,0,0,0,1,0,0,190.5,185.42,187.96,185.42,32,37,5.4,3.62,0.47,0.4,0.0,0.0,0.0,0.0,0.0,0.0,Orthodox,Orthodox,4,3
2021-06-26,Charles Rosa,Justin Jaynes,Red,Featherweight,MALE,3,0,0,1,1,1,3,4,1,5,3,25,7,0,0,0,1,2,0,175.26,170.18,175.26,172.72,34,31,3.11,3.58,0.37,0.42,1.0,0.6,1.76,0.0,0.32,0.0,Switch,Orthodox,9,4
2021-06-26,Yancy Medeiros,Damir Hadzovic,Blue,Lightweight,MALE,3,0,0,3,2,3,2,8,3,7,4,31,16,0,0,3,2,3,0,177.8,175.26,190.5,177.8,33,34,4.05,2.99,0.35,0.46,0.5,0.2,0.12,0.68,0.25,0.6,Orthodox,Orthodox,15,7
2021-06-19,Chan Sung Jung,Dan Ige,Red,Featherweight,MALE,5,0,1,3,6,1,0,6,8,5,2,29,26,1,0,4,2,2,2,170.18,170.18,182.88,180.34,34,29,4.07,3.82,0.43,0.46,0.7,0.4,0.82,1.38,0.47,0.25,Orthodox,Orthodox,11,10
2021-06-19,Marlon Vera,Davey Grant,Red,Bantamweight,MALE,3,0,3,5,3,1,0,10,4,6,3,38,17,0,0,5,2,4,0,172.72,172.72,177.8,175.26,28,35,3.91,4.21,0.5,0.47,1.3,0.2,0.88,2.07,0.42,0.46,Switch,Orthodox,16,7
2021-06-19,Julian Erosa,SeungWoo Choi,Blue,Featherweight,MALE,3,2,2,2,2,0,0,4,2,4,2,18,12,0,0,2,0,1,0,185.42,182.88,187.96,187.96,31,28,5.1,3.31,0.47,0.41,0.9,0.0,1.29,1.0,0.54,0.57,Southpaw,Orthodox,8,4
2021-06-19,Matt Brown,Dhiego Lima,Red,Welterweight,MALE,3,0,0,7,3,2,1,15,4,12,6,61,21,0,0,11,1,2,0,182.88,187.96,190.5,190.5,40,32,3.68,3.12,0.54,0.39,1.4,0.6,1.52,1.26,0.44,0.34,Orthodox,Orthodox,27,10
2021-06-19,Khaos Williams,Matthew Semelsberger,Red,Welterweight,MALE,3,0,2,2,2,1,0,2,2,1,0,5,4,0,0,2,1,0,0,182.88,185.42,195.58,190.5,27,28,5.2,6.11,0.38,0.48,0.0,0.5,0.0,0.99,0.0,1.0,Orthodox,Switch,3,2
2021-06-19,Joaquim Silva,Ricky Glenn,Blue,Lightweight,MALE,3,0,0,3,2,1,1,4,3,2,3,15,18,0,0,2,0,0,0,172.72,182.88,175.26,177.8,32,32,3.9,4.39,0.37,0.42,0.7,0.3,0.23,0.66,0.5,0.13,Southpaw,Southpaw,6,6
2021-06-12,Israel Adesanya,Marvin Vettori,Red,Middleweight,MALE,5,0,5,9,5,1,0,9,7,1,2,33,30,5,0,4,0,0,2,193.04,182.88,203.2,187.96,31,27,3.94,3.88,0.5,0.43,0.2,0.7,0.0,2.24,0.0,0.47,Switch,Southpaw,10,9
2021-06-12,Leon Edwards,Nate Diaz,Red,Welterweight,MALE,3,8,0,8,5,0,1,10,19,2,11,40,72,0,1,2,4,1,11,187.96,182.88,187.96,193.04,29,36,2.62,4.51,0.49,0.45,0.3,1.3,1.48,1.1,0.35,0.3,Southpaw,Southpaw,12,30
2021-06-12,Demian Maia,Belal Muhammad,Blue,Welterweight,MALE,3,0,4,7,4,1,0,22,9,10,3,86,36,2,0,1,1,11,1,185.42,180.34,182.88,182.88,43,32,1.8,4.61,0.43,0.42,1.0,0.2,2.49,1.8,0.24,0.28,Southpaw,Orthodox,32,12
2021-06-12,Paul Craig,Jamahal Hill,Red,Light Heavyweight,MALE,3,3,3,2,3,0,0,6,3,4,0,21,8,0,0,1,2,5,0,190.5,193.04,193.04,200.66,33,30,2.59,7.5,0.51,0.52,1.9,0.0,2.06,0.0,0.25,0.0,Orthodox,Southpaw,10,3
2021-06-12,Drew Dober,Brad Riddell,Blue,Lightweight,MALE,3,0,3,3,3,1,0,10,3,6,0,33,9,0,0,6,0,1,0,172.72,170.18,177.8,180.34,32,29,4.38,4.75,0.4,0.53,0.1,0.0,0.82,2.0,0.18,0.42,Southpaw,Orthodox,16,3
2021-06-12,Eryk Anders,Darren Stewart,Red,Light Heavyweight,MALE,3,0,0,2,3,1,1,5,5,5,5,29,25,0,0,3,2,0,1,185.42,182.88,190.5,187.96,34,30,3.2,2.98,0.47,0.45,0.1,0.1,1.47,1.56,0.32,0.41,Southpaw,Orthodox,10,10
2021-06-12,Movsar Evloev,Hakeem Dawodu,Red,Featherweight,MALE,3,4,5,4,5,0,0,4,5,0,1,12,16,0,0,0,1,0,0,170.18,172.72,182.88,185.42,27,29,4.32,4.72,0.44,0.46,0.4,0.0,4.0,0.0,0.47,0.0,Orthodox,Orthodox,4,6
2021-06-12,Chase Hooper,Steven Peterson,Blue,Featherweight,MALE,3,1,1,2,1,0,0,3,2,1,4,10,17,0,0,1,1,1,0,185.42,177.8,187.96,177.8,21,31,3.87,4.43,0.46,0.37,2.2,0.6,0.96,1.87,0.18,0.3,Southpaw,Orthodox,4,6
2021-06-12,Fares Ziam,Luigi Vendramini,Red,Lightweight,MALE,3,1,1,1,1,0,0,1,1,1,1,6,3,0,0,0,1,0,0,185.42,172.72,190.5,185.42,24,25,2.13,2.26,0.39,0.37,0.0,0.7,0.33,0.67,0.11,0.08,Orthodox,Orthodox,2,2
2021-06-05,Roman Dolidze,Laureano Staropoli,Red,Middleweight,MALE,3,0,0,2,2,1,2,2,2,1,2,7,12,0,0,1,0,0,0,187.96,185.42,193.04,180.34,32,28,2.36,3.64,0.48,0.33,1.5,0.0,2.74,0.8,0.52,0.4,Orthodox,Orthodox,3,4
2021-06-05,Santiago Ponzinibbio,Miguel Baeza,Red,Welterweight,MALE,3,0,4,7,4,1,0,9,4,3,0,26,9,0,0,5,2,0,1,182.88,187.96,185.42,187.96,34,28,4.65,5.3,0.4,0.49,0.0,0.9,0.46,0.57,0.36,0.4,Orthodox,Orthodox,12,4
2021-06-05,Francisco Trinaldo,Muslim Salikhov,Blue,Welterweight,MALE,3,3,4,7,4,0,0,16,4,6,1,56,11,0,0,5,2,2,0,175.26,180.34,177.8,177.8,42,36,3.08,3.13,0.43,0.48,0.5,0.0,1.03,1.12,0.45,0.38,Southpaw,Orthodox,22,5
2021-06-05,Sean Woodson,Youssef Zalal,Red,Featherweight,MALE,3,0,0,2,3,1,2,2,3,1,2,8,15,0,0,1,0,0,0,187.96,177.8,198.12,182.88,28,24,5.27,2.51,0.43,0.5,0.6,1.2,0.0,2.33,0.0,0.29,Orthodox,Switch,3,5
2021-06-05,Claudio Puelles,Jordan Leavitt,Red,Lightweight,MALE,3,2,2,2,2,0,0,2,2,1,0,8,2,0,0,0,1,1,1,177.8,175.26,182.88,180.34,25,26,1.76,1.33,0.47,0.6,0.9,0.8,3.35,3.06,0.47,0.4,Southpaw,Southpaw,3,2
2021-05-22,Rob Font,Cody Garbrandt,Red,Bantamweight,MALE,5,3,1,3,6,0,0,8,7,3,3,22,20,0,3,5,5,1,0,172.72,172.72,180.34,165.1,33,29,5.58,3.17,0.43,0.38,0.6,0.0,1.2,1.05,0.4,0.32,Orthodox,Orthodox,11,10
2021-05-22,Ricardo Ramos,Bill Algeo,Red,Featherweight,MALE,3,0,1,3,1,1,0,5,1,2,2,15,9,0,0,1,0,1,0,175.26,182.88,182.88,185.42,25,31,3.1,6.37,0.41,0.53,0.7,0.0,3.08,0.5,0.58,0.28,Orthodox,Switch,7,3
2021-05-22,Jack Hermansson,Edmen Shahbazyan,Red,Middleweight,MALE,3,0,0,4,5,1,1,8,5,4,1,26,10,0,0,3,3,3,1,185.42,187.96,195.58,187.96,32,23,4.86,3.46,0.45,0.49,0.6,0.7,2.09,2.97,0.36,0.4,Orthodox,Orthodox,12,6
2021-05-22,Court McGee,Claudio Silva,Red,Welterweight,MALE,3,0,0,3,5,3,1,8,5,9,1,48,14,0,0,0,0,2,3,180.34,180.34,190.5,180.34,36,38,4.76,2.81,0.36,0.41,0.4,1.3,1.68,2.63,0.23,0.25,Orthodox,Southpaw,17,6
2021-05-15,Charles Oliveira,Michael Chandler,Red,Lightweight,MALE,5,8,3,8,3,0,0,18,3,8,0,51,4,0,0,2,2,14,1,177.8,172.72,187.96,180.34,31,35,3.26,4.49,0.52,0.5,2.7,1.6,2.64,2.03,0.44,0.41,Orthodox,Orthodox,26,3
2021-05-15,Tony Ferguson,Beneil Dariush,Blue,Lightweight,MALE,3,0,6,12,6,2,0,15,14,3,4,43,39,2,0,5,3,6,5,180.34,177.8,193.04,182.88,37,32,5.15,3.8,0.45,0.49,1.1,1.0,0.42,2.11,0.42,0.34,Orthodox,Southpaw,18,18
2021-05-15,Matt Schnell,Rogerio Bontorin,Blue,Bantamweight,MALE,3,1,0,4,3,0,2,5,3,3,2,14,10,0,0,0,1,2,1,172.72,165.1,177.8,170.18,31,29,4.23,2.82,0.38,0.53,1.0,1.2,0.39,1.68,0.33,0.43,Orthodox,Orthodox,8,5
2021-05-15,Shane Burgos,Edson Barboza,Blue,Featherweight,MALE,3,0,1,3,4,1,0,6,15,2,9,22,61,0,0,2,7,1,0,180.34,180.34,190.5,190.5,30,35,7.29,4.16,0.49,0.44,0.1,0.1,0.27,0.42,1.0,0.44,Orthodox,Orthodox,8,24
2021-05-15,Jacare Souza,Andre Muniz,Blue,Middleweight,MALE,3,0,4,8,4,3,0,19,4,8,0,62,8,0,0,5,0,10,2,185.42,185.42,182.88,198.12,41,31,2.53,2.16,0.47,0.58,1.3,2.3,2.57,3.12,0.39,0.4,Orthodox,Southpaw,27,4
2021-05-15,Lando Vannata,Mike Grundy,Red,Featherweight,MALE,3,0,0,1,1,1,1,3,1,5,1,25,5,0,0,1,1,1,0,175.26,170.18,180.34,182.88,29,34,4.67,2.14,0.44,0.45,0.3,0.4,1.12,3.78,0.4,0.26,Orthodox,Orthodox,8,2
2021-05-15,Jordan Wright,Jamie Pickett,Red,Middleweight,MALE,3,0,0,1,1,1,1,1,1,1,3,4,9,0,0,1,1,0,0,187.96,187.96,195.58,203.2,29,32,7.13,2.87,0.6,0.55,0.0,0.4,0.0,1.44,0.0,0.4,Orthodox,Orthodox,2,4
2021-05-15,Kevin Aguilar,Tucker Lutz,Blue,Featherweight,MALE,3,0,2,3,2,3,0,3,2,3,0,16,6,0,0,0,0,0,0,170.18,172.72,185.42,182.88,32,26,3.96,5.09,0.4,0.52,0.0,0.3,0.16,2.33,0.16,0.63,Orthodox,Orthodox,6,2
2021-05-15,Christos Giagos,Sean Soriano,Red,Lightweight,MALE,3,1,0,2,0,0,3,4,0,4,3,19,8,0,0,0,0,1,0,177.8,175.26,180.34,177.8,31,31,2.93,3.49,0.41,0.61,0.5,0.0,3.38,1.08,0.41,0.42,Orthodox,Orthodox,8,3
2021-05-08,Donald Cerrone,Alex Morono,Blue,Welterweight,MALE,3,0,0,8,3,4,1,29,7,15,4,103,29,1,0,10,1,10,1,185.42,180.34,185.42,182.88,38,30,4.43,5.05,0.46,0.42,1.2,0.4,1.18,0.43,0.33,0.25,Orthodox,Orthodox,44,11
2021-05-08,Neil Magny,Geoff Neal,Red,Welterweight,MALE,3,0,0,7,6,1,1,17,6,7,1,66,15,0,0,5,4,1,1,190.5,180.34,203.2,190.5,33,30,3.67,4.42,0.46,0.48,0.3,0.2,2.44,0.6,0.42,0.5,Orthodox,Southpaw,24,7
2021-05-08,Diego Ferreira,Gregor Gillespie,Blue,Lightweight,MALE,3,0,0,6,6,1,1,8,6,3,1,24,12,0,0,3,3,2,2,175.26,170.18,187.96,180.34,36,34,4.7,3.74,0.37,0.52,0.8,0.8,0.81,6.86,0.24,0.48,Orthodox,Orthodox,11,7
2021-05-08,Phil Hawes,Kyle Daukaus,Red,Middleweight,MALE,3,3,1,3,1,0,0,3,2,1,1,7,9,0,0,2,0,0,0,182.88,190.5,195.58,193.04,32,28,3.44,3.23,0.58,0.53,0.4,1.2,2.7,1.75,0.38,0.29,Orthodox,Southpaw,4,3
2021-05-08,Junyong Park,Tafon Nchukwi,Red,Middleweight,MALE,3,2,2,2,2,0,0,2,2,1,0,8,5,0,0,0,1,0,0,177.8,182.88,185.42,195.58,30,26,4.37,6.08,0.47,0.51,0.6,0.0,3.02,0.41,0.57,0.25,Orthodox,Orthodox,3,2
2021-05-01,Giga Chikadze,Cub Swanson,Red,Featherweight,MALE,3,5,2,5,6,0,0,5,17,1,10,16,72,0,0,1,5,0,2,182.88,172.72,187.96,177.8,32,37,3.55,4.63,0.44,0.5,0.0,0.5,0.38,1.08,0.33,0.51,Orthodox,Orthodox,6,27
2021-05-01,Sean Strickland,Krzysztof Jotko,Red,Middleweight,MALE,3,3,3,3,5,0,0,9,9,3,4,30,35,0,0,3,1,1,0,185.42,185.42,193.04,195.58,30,31,5.14,2.94,0.39,0.41,0.4,0.1,1.14,1.16,0.6,0.34,Orthodox,Southpaw,12,13
2021-05-01,Merab Dvalishvili,Cody Stamann,Red,Bantamweight,MALE,3,5,0,5,3,0,1,5,5,2,2,21,23,0,0,0,0,0,0,167.64,167.64,172.72,162.56,30,31,4.02,4.03,0.39,0.46,0.4,0.0,7.38,2.8,0.43,0.44,Orthodox,Orthodox,7,7
2021-05-01,Kai Kamaka,TJ Brown,Blue,Featherweight,MALE,3,0,0,1,1,1,2,1,1,1,2,5,8,0,0,0,0,0,1,170.18,175.26,175.26,182.88,26,30,5.63,3.87,0.56,0.4,0.4,0.6,2.66,4.07,0.77,0.58,Orthodox,Switch,2,3
2021-05-01,Luke Sanders,Felipe Colares,Blue,Featherweight,MALE,3,0,0,2,1,1,1,4,1,4,2,14,9,0,0,2,0,1,0,167.64,172.72,170.18,175.26,35,27,6.61,2.15,0.52,0.51,0.2,0.8,0.71,2.0,0.3,0.23,Southpaw,Orthodox,8,3
2021-04-24,Kamaru Usman,Jorge Masvidal,Red,Welterweight,MALE,5,13,0,13,4,0,1,13,17,0,8,46,70,4,1,3,7,1,1,182.88,180.34,193.04,187.96,33,36,4.63,4.22,0.54,0.48,0.1,0.3,3.27,1.54,0.48,0.59,Switch,Orthodox,13,25
2021-04-24,Uriah Hall,Chris Weidman,Red,Middleweight,MALE,3,3,1,3,9,0,0,9,11,7,5,36,39,0,5,7,4,0,3,182.88,187.96,200.66,198.12,36,36,3.34,3.03,0.51,0.43,0.2,0.9,0.67,3.92,0.38,0.47,Orthodox,Orthodox,16,16
2021-04-24,Anthony Smith,Jimmy Crute,Red,Light Heavyweight,MALE,3,1,2,3,3,0,0,11,5,8,1,46,8,1,0,6,3,4,2,193.04,187.96,193.04,187.96,32,25,3.0,4.26,0.47,0.56,0.7,2.1,0.47,4.97,0.28,0.8,Orthodox,Orthodox,19,6
2021-04-24,Alex Oliveira,Randy Brown,Blue,Welterweight,MALE,3,0,0,4,2,1,1,11,6,7,4,43,25,0,0,4,2,3,2,180.34,190.5,193.04,198.12,33,30,2.86,3.72,0.5,0.47,0.6,0.7,2.37,0.98,0.37,0.46,Orthodox,Orthodox,18,10
2021-04-24,Karl Roberson,Brendan Allen,Blue,Middleweight,MALE,3,0,0,2,4,1,1,5,4,3,1,14,9,0,0,1,1,2,2,185.42,187.96,187.96,190.5,30,25,2.87,3.35,0.51,0.58,0.7,2.1,0.92,1.73,0.57,0.5,Southpaw,Orthodox,8,5
2021-04-17,Robert Whittaker,Kelvin Gastelum,Red,Middleweight,MALE,5,2,1,9,5,0,0,13,11,3,6,45,47,2,1,5,3,0,2,182.88,175.26,185.42,180.34,30,29,4.68,3.52,0.41,0.42,0.0,0.1,0.64,1.16,0.34,0.37,Orthodox,Southpaw,16,17
2021-04-17,Luis Pena,Alexander Munoz,Red,Lightweight,MALE,3,0,0,2,1,1,1,4,1,3,1,19,6,0,0,1,0,1,0,190.5,175.26,190.5,182.88,27,31,3.66,3.96,0.46,0.43,1.2,0.0,1.17,3.0,0.33,0.39,Southpaw,Switch,7,2
2021-04-17,Bartosz Fabinski,Gerald Meerschaert,Blue,Middleweight,MALE,3,0,0,3,2,2,2,3,6,2,6,11,23,0,0,0,1,0,5,182.88,185.42,190.5,195.58,34,33,2.23,3.31,0.68,0.43,0.0,1.8,7.1,2.28,0.7,0.43,Orthodox,Southpaw,5,12
2021-04-17,Tony Gravely,Anthony Birchak,Red,Bantamweight,MALE,3,1,0,1,1,0,1,2,2,1,3,9,7,0,0,1,1,0,0,165.1,172.72,175.26,175.26,29,34,4.01,3.93,0.54,0.36,0.6,0.5,6.11,0.48,0.54,0.14,Orthodox,Orthodox,3,5
2021-04-10,Marvin Vettori,Kevin Holland,Red,Middleweight,MALE,5,4,0,4,5,0,1,6,9,2,3,25,31,0,0,0,3,2,2,182.88,190.5,187.96,205.74,27,28,4.14,3.74,0.44,0.54,0.8,0.6,2.22,0.92,0.53,0.45,Southpaw,Orthodox,8,12
2021-04-10,Arnold Allen,Sodiq Yusuff,Red,Featherweight,MALE,3,7,5,7,5,0,0,7,5,0,0,21,11,0,0,0,2,2,0,172.72,175.26,177.8,180.34,27,27,2.96,5.43,0.4,0.48,0.4,0.5,1.44,0.0,0.5,0.0,Southpaw,Orthodox,7,5
2021-04-10,Sam Alvey,Julian Marquez,Blue,Middleweight,MALE,3,0,1,4,2,4,0,10,3,9,1,44,10,0,0,5,1,1,2,187.96,187.96,190.5,182.88,34,30,3.2,4.2,0.43,0.45,0.1,3.2,0.07,0.0,0.16,0.0,Southpaw,Orthodox,19,4
2021-04-10,Mike Perry,Daniel Rodriguez,Blue,Welterweight,MALE,3,0,0,2,4,1,1,7,4,7,1,33,12,0,0,4,1,0,1,177.8,185.42,180.34,187.96,29,34,4.32,7.87,0.47,0.48,0.2,0.2,0.81,1.06,0.4,0.55,Orthodox,Southpaw,14,5
2021-04-10,Jim Miller,Joe Solecki,Blue,Lightweight,MALE,3,0,3,7,3,1,0,21,3,14,0,80,5,0,0,3,0,10,2,172.72,175.26,180.34,177.8,37,27,2.65,2.68,0.4,0.66,1.8,0.8,1.63,2.39,0.43,0.5,Southpaw,Orthodox,35,3
2021-04-10,Hunter Azure,Jack Shore,Blue,Bantamweight,MALE,3,1,2,2,2,0,0,3,2,1,0,11,5,0,0,0,0,0,2,172.72,172.72,175.26,180.34,29,26,3.92,3.14,0.53,0.57,1.3,0.8,1.97,5.52,0.34,0.46,Orthodox,Orthodox,4,2
2021-04-10,Da-Un Jung,William Knight,Red,Light Heavyweight,MALE,3,2,3,2,3,0,0,2,3,0,0,7,7,0,0,1,2,1,0,193.04,177.8,198.12,185.42,27,33,3.95,3.56,0.45,0.74,0.3,0.3,2.79,2.56,0.61,0.53,Orthodox,Orthodox,2,3
2021-03-27,Tyron Woodley,Vicente Luque,Blue,Welterweight,MALE,3,0,2,8,6,3,0,17,12,6,3,68,30,6,0,6,8,4,3,175.26,180.34,187.96,190.5,38,29,2.36,5.74,0.48,0.54,0.4,0.9,1.06,0.66,0.4,0.5,Orthodox,Orthodox,23,15
2021-03-27,Sean O'Malley,Thomas Almeida,Red,Bantamweight,MALE,3,0,0,5,4,1,3,5,5,1,4,10,18,0,0,3,4,0,0,180.34,170.18,182.88,177.8,26,29,6.31,4.84,0.57,0.43,0.8,0.0,0.79,0.17,0.5,0.14,Switch,Southpaw,6,9
2021-03-27,Jamie Mullarkey,Khama Worthy,Red,Lightweight,MALE,3,0,0,0,2,2,1,0,2,2,1,6,5,0,0,0,1,0,1,182.88,180.34,187.96,187.96,26,34,2.02,4.22,0.34,0.47,0.5,0.8,3.9,0.0,0.3,0.0,Orthodox,Orthodox,2,3
2021-03-27,Modestas Bukauskas,Michal Oleksiejczuk,Blue,Light Heavyweight,MALE,3,0,0,1,2,1,2,1,2,1,2,2,8,0,0,1,2,0,0,190.5,182.88,198.12,187.96,27,26,3.77,4.45,0.35,0.52,0.0,0.0,0.0,0.69,0.0,0.4,Switch,Southpaw,2,4
2021-03-27,Shane Young,Omar Morales,Blue,Featherweight,MALE,3,0,0,2,3,1,1,2,3,2,1,9,11,0,0,1,1,0,0,172.72,180.34,182.88,185.42,27,35,5.22,3.66,0.4,0.37,0.0,0.0,0.8,0.68,0.23,1.0,Orthodox,Orthodox,4,4
2021-03-20,Derek Brunson,Kevin Holland,Red,Middleweight,MALE,5,3,5,5,5,0,0,15,9,6,2,39,26,0,0,7,3,2,2,185.42,190.5,195.58,205.74,37,28,3.46,3.74,0.47,0.54,0.5,0.6,3.11,0.92,0.33,0.45,Southpaw,Orthodox,21,11
2021-03-20,Song Kenan,Max Griffin,Blue,Welterweight,MALE,3,2,1,2,1,0,0,4,4,1,6,10,28,0,0,3,2,0,0,182.88,180.34,180.34,193.04,31,35,4.39,4.14,0.46,0.48,0.0,0.5,0.0,1.7,0.0,0.51,Orthodox,Orthodox,5,10
2021-03-20,Adrian Yanez,Gustavo Lopez,Red,Bantamweight,MALE,3,2,1,2,1,0,0,2,1,0,1,2,4,0,0,2,0,0,1,170.18,165.1,177.8,170.18,27,31,4.69,2.24,0.44,0.41,0.0,0.5,0.0,1.07,0.0,0.5,Orthodox,Orthodox,2,2
2021-03-20,Leonardo Santos,Grant Dawson,Blue,Lightweight,MALE,3,7,5,6,5,0,0,7,5,0,0,18,12,0,0,2,0,2,3,182.88,177.8,190.5,182.88,41,27,2.65,3.4,0.44,0.48,0.3,1.6,1.07,3.44,0.29,0.34,Orthodox,Switch,7,5
2021-03-20,Trevin Giles,Roman Dolidze,Red,Middleweight,MALE,3,2,2,2,2,0,0,4,2,2,0,17,4,0,0,3,1,0,0,182.88,187.96,187.96,193.04,28,32,3.26,2.98,0.56,0.51,0.3,2.2,1.37,1.75,0.8,0.5,Orthodox,Orthodox,6,2
2021-03-13,Misha Cirkunov,Ryan Spann,Blue,Light Heavyweight,MALE,3,1,0,4,5,0,1,6,5,3,2,12,12,0,0,1,1,5,2,190.5,195.58,195.58,200.66,34,29,4.18,3.55,0.51,0.45,2.3,1.7,4.28,1.72,0.57,0.41,Orthodox,Orthodox,9,7
2021-03-13,Dan Ige,Gavin Tucker,Red,Featherweight,MALE,3,0,3,6,3,1,0,7,4,2,1,25,15,0,0,1,0,2,2,170.18,167.64,180.34,167.64,29,34,3.95,4.39,0.46,0.45,0.5,1.5,1.68,2.98,0.27,0.42,Orthodox,Southpaw,9,5
2021-03-13,Jonathan Martinez,Davey Grant,Blue,Bantamweight,MALE,3,2,2,2,2,0,0,4,3,2,3,18,15,0,0,2,1,0,0,172.72,172.72,177.8,175.26,26,35,4.27,3.93,0.46,0.47,0.0,0.2,0.48,2.3,0.37,0.45,Southpaw,Orthodox,6,6
2021-03-13,Rani Yahya,Ray Rodriguez,Red,Bantamweight,MALE,3,0,0,4,0,1,2,15,0,7,2,55,4,0,0,0,0,10,0,167.64,170.18,170.18,177.8,36,33,1.57,0.9,0.37,0.27,2.0,0.0,2.89,1.42,0.33,0.5,Orthodox,Orthodox,22,2
2021-03-06,Jan Blachowicz,Israel Adesanya,Red,Light Heavyweight,MALE,5,4,9,4,9,0,0,10,9,5,0,39,28,1,4,4,4,2,0,187.96,193.04,198.12,203.2,38,31,3.59,3.95,0.49,0.49,0.2,0.3,1.18,0.0,0.53,0.0,Orthodox,Switch,15,9
2021-03-06,Petr Yan,Aljamain Sterling,Blue,Bantamweight,MALE,5,7,5,7,5,0,0,7,11,0,3,20,36,1,0,4,1,0,4,170.18,170.18,170.18,180.34,28,31,5.99,4.84,0.52,0.49,0.1,0.9,2.14,1.77,0.66,0.24,Switch,Orthodox,7,14
2021-03-06,Islam Makhachev,Drew Dober,Red,Lightweight,MALE,3,6,3,6,3,0,0,7,10,1,5,17,30,0,0,1,6,2,1,177.8,172.72,177.8,177.8,29,32,2.0,4.33,0.56,0.4,1.0,0.1,3.46,0.8,0.68,0.17,Southpaw,Southpaw,8,15
2021-03-06,Thiago Santos,Aleksandar Rakic,Blue,Light Heavyweight,MALE,3,0,1,4,4,2,0,13,5,7,1,40,14,1,0,11,2,0,0,187.96,193.04,193.04,198.12,37,29,4.27,4.23,0.48,0.52,0.1,0.2,0.7,0.75,0.38,0.25,Orthodox,Orthodox,20,6
2021-03-06,Dominick Cruz,Casey Kenney,Red,Bantamweight,MALE,3,0,3,12,3,2,0,12,6,3,2,53,22,6,0,2,0,0,1,172.72,170.18,172.72,172.72,35,29,3.65,4.81,0.32,0.42,0.1,0.5,2.99,1.1,0.46,0.39,Orthodox,Southpaw,15,8
2021-03-06,Song Yadong,Kyler Phillips,Blue,Bantamweight,MALE,3,5,3,4,3,0,0,5,3,0,0,13,6,0,0,2,2,1,0,172.72,172.72,170.18,182.88,23,25,4.35,5.32,0.42,0.46,0.4,0.4,0.59,2.88,0.75,0.63,Orthodox,Orthodox,5,3
2021-03-06,Sean Brady,Jake Matthews,Red,Welterweight,MALE,3,3,3,3,3,0,0,3,10,0,4,8,34,0,0,0,1,1,4,177.8,180.34,182.88,185.42,28,26,4.72,3.03,0.55,0.44,1.2,0.6,2.69,1.93,0.6,0.41,Orthodox,Orthodox,3,14
2021-02-27,Nikita Krylov,Magomed Ankalaev,Blue,Light Heavyweight,MALE,3,1,5,5,5,0,0,8,5,5,1,23,12,0,0,3,4,4,0,190.5,190.5,195.58,190.5,28,28,4.33,3.41,0.56,0.53,1.3,0.0,1.34,1.18,0.33,0.33,Orthodox,Orthodox,13,6
2021-02-27,Pedro Munhoz,Jimmie Rivera,Red,Bantamweight,MALE,3,0,1,4,5,2,0,8,7,5,3,31,26,0,0,3,1,3,0,167.64,162.56,165.1,172.72,34,31,5.6,4.03,0.43,0.4,0.8,0.1,0.68,0.88,0.21,0.27,Orthodox,Orthodox,13,10
2021-02-27,Alexander Hernandez,Thiago Moises,Blue,Lightweight,MALE,3,1,2,2,2,0,0,4,4,2,2,12,15,0,0,2,1,0,1,175.26,175.26,182.88,177.8,28,25,3.57,2.85,0.35,0.37,0.0,1.2,1.6,1.06,0.38,0.33,Orthodox,Orthodox,6,6
2021-02-27,Dustin Jacoby,Maxim Grishin,Red,Light Heavyweight,MALE,3,2,1,2,1,0,0,2,1,2,1,10,5,0,0,1,1,0,0,190.5,190.5,193.04,198.12,32,36,4.03,2.95,0.48,0.44,0.0,0.0,0.36,0.38,0.5,0.33,Orthodox,Orthodox,4,2
2021-02-20,Charles Rosa,Darrick Minner,Blue,Featherweight,MALE,3,0,2,1,2,1,0,4,2,5,2,2,0,0,0,0,0,0,0,175.26,170.18,175.26,175.26,34,30,3.11,3.24,0.37,0.7,1.0,3.6,1.76,3.0,0.32,0.62,Switch,Orthodox,9,4
2021-02-20,Phil Hawes,Nassourdine Imavov,Red,Middleweight,MALE,3,4,0,4,1,0,1,4,1,1,1,1,0,0,0,0,0,0,0,182.88,190.5,195.58,190.5,32,25,3.44,4.17,0.58,0.61,0.4,2.0,2.7,0.5,0.38,0.12,Orthodox,Orthodox,5,2
2021-02-20,Jared Gordon,Danny Chavez,Red,Featherweight,MALE,3,2,0,2,1,0,1,5,1,3,1,2,0,0,0,0,0,0,0,175.26,172.72,172.72,170.18,32,33,5.54,2.93,0.56,0.39,0.0,0.0,2.81,2.5,0.39,1.0,Orthodox,Orthodox,8,2
2021-02-20,Eddie Wineland,John Castaneda,Blue,Bantamweight,MALE,3,0,1,4,1,2,0,11,2,11,1,3,0,1,0,0,0,0,0,170.18,167.64,175.26,180.34,36,29,3.4,4.17,0.29,0.49,0.1,0.0,0.34,0.86,0.33,0.25,Orthodox,Switch,22,3
2021-02-20,Nate Landwehr,Julian Erosa,Blue,Featherweight,MALE,3,0,2,1,2,1,0,1,4,2,4,1,5,0,0,0,0,0,0,175.26,185.42,182.88,187.96,32,31,7.02,5.07,0.5,0.47,0.0,0.9,0.0,1.32,0.0,0.54,Orthodox,Southpaw,3,8
2021-02-20,Aiemann Zahabi,Drako Rodriguez,Red,Bantamweight,MALE,3,1,0,1,1,0,1,2,1,2,1,1,0,0,0,0,0,0,0,172.72,172.72,172.72,175.26,33,24,2.82,2.57,0.4,0.35,0.0,2.8,0.33,2.75,0.16,1.0,Orthodox,Orthodox,4,2
2021-02-13,Kamaru Usman,Gilbert Burns,Red,Welterweight,MALE,5,12,6,12,6,0,0,12,12,0,3,43,36,3,0,2,3,1,4,182.88,177.8,193.04,180.34,33,34,4.5,3.15,0.53,0.46,0.1,0.7,3.38,2.21,0.47,0.37,Switch,Orthodox,12,15
2021-02-13,Kelvin Gastelum,Ian Heinisch,Red,Middleweight,MALE,3,0,1,5,3,3,0,10,4,6,2,44,14,1,0,3,2,2,0,175.26,180.34,180.34,182.88,29,32,3.72,3.62,0.43,0.52,0.1,0.5,0.87,1.16,0.37,0.19,Southpaw,Orthodox,16,6
2021-02-13,Ricky Simon,Brian Kelleher,Red,Featherweight,MALE,3,2,1,4,2,0,0,6,6,2,4,21,19,0,0,1,2,1,3,167.64,167.64,175.26,167.64,28,34,3.09,4.45,0.42,0.4,0.3,0.8,7.07,1.2,0.53,0.25,Orthodox,Switch,8,10
2021-02-13,Maki Pitolo,Julian Marquez,Blue,Middleweight,MALE,3,0,0,1,2,2,1,2,2,3,1,10,7,0,0,2,1,0,1,177.8,187.96,190.5,182.88,30,30,4.87,3.8,0.43,0.4,0.4,3.0,1.45,0.0,0.66,0.0,Orthodox,Orthodox,5,3
2021-02-13,Rodolfo Vieira,Anthony Hernandez,Blue,Middleweight,MALE,3,2,0,2,1,0,1,2,1,0,2,3,6,0,0,0,0,2,1,182.88,182.88,185.42,190.5,31,27,1.85,5.03,0.46,0.53,2.4,0.9,6.05,5.27,0.55,0.66,Orthodox,Orthodox,2,3
2021-02-13,Belal Muhammad,Dhiego Lima,Red,Welterweight,MALE,3,3,3,4,3,0,0,8,4,3,5,31,18,0,0,1,1,1,0,180.34,187.96,182.88,190.5,32,32,4.48,2.84,0.42,0.4,0.2,0.8,2.13,1.66,0.3,0.44,Orthodox,Orthodox,11,9
2021-02-06,Cory Sandhagen,Frankie Edgar,Red,Bantamweight,MALE,3,1,1,5,5,0,0,6,18,1,8,14,94,0,9,3,5,1,2,180.34,167.64,177.8,172.72,28,39,6.88,3.7,0.48,0.39,0.5,0.3,1.07,2.28,0.5,0.31,Switch,Orthodox,7,26
2021-02-06,Diego Ferreira,Beneil Dariush,Blue,Lightweight,MALE,3,6,5,6,5,0,0,8,13,2,4,21,36,0,0,3,3,2,5,175.26,177.8,187.96,182.88,36,31,5.07,3.98,0.36,0.49,1.0,1.1,1.04,1.75,0.27,0.32,Orthodox,Southpaw,10,17
2021-02-06,Michael Johnson,Clay Guida,Blue,Lightweight,MALE,3,0,0,4,4,3,2,11,17,12,15,58,87,0,0,4,2,0,4,177.8,170.18,185.42,177.8,34,39,4.23,2.41,0.38,0.33,0.1,0.7,0.51,3.37,0.45,0.38,Southpaw,Orthodox,23,32
2021-02-06,SeungWoo Choi,Youssef Zalal,Red,Featherweight,MALE,3,1,0,1,3,0,1,1,3,2,1,9,12,0,0,0,0,0,0,182.88,177.8,187.96,182.88,28,24,3.33,2.68,0.42,0.51,0.0,1.5,0.69,2.25,0.5,0.42,Orthodox,Switch,3,4
2021-01-23,Dustin Poirier,Conor McGregor,Red,Lightweight,MALE,5,1,1,5,7,0,0,19,10,6,2,62,25,2,4,9,8,3,0,175.26,175.26,182.88,187.96,32,32,5.57,5.43,0.5,0.49,1.3,0.0,1.46,0.75,0.35,0.62,Southpaw,Southpaw,25,12
2021-01-23,Dan Hooker,Michael Chandler,Blue,Lightweight,MALE,3,0,2,4,2,1,0,10,2,5,0,37,3,0,0,6,1,2,1,182.88,172.72,190.5,180.34,30,34,4.98,4.08,0.48,0.47,0.3,1.5,0.74,2.57,0.34,0.41,Switch,Orthodox,15,2
2021-01-23,Andrew Sanchez,Makhmud Muradov,Blue,Middleweight,MALE,3,1,2,2,2,0,0,5,2,3,0,22,6,0,0,1,1,0,0,185.42,187.96,187.96,190.5,32,30,4.57,4.97,0.44,0.41,0.0,0.5,2.16,0.51,0.32,0.25,Orthodox,Orthodox,8,2
2021-01-23,Brad Tavares,Antonio Carlos Junior,Red,Middleweight,MALE,3,0,0,5,5,2,2,12,7,6,4,49,29,0,0,2,0,0,5,185.42,187.96,187.96,200.66,33,30,3.0,1.91,0.4,0.44,0.0,0.9,1.03,3.7,0.27,0.44,Orthodox,Orthodox,18,11
2021-01-23,Khalil Rountree Jr.,Marcin Prachnio,Blue,Light Heavyweight,MALE,3,0,0,3,0,1,3,4,0,4,3,15,3,0,0,3,0,0,0,185.42,190.5,193.04,187.96,30,32,3.01,3.26,0.4,0.48,0.2,0.0,0.0,0.0,0.0,0.0,Southpaw,Orthodox,8,3
2021-01-20,Michael Chiesa,Neil Magny,Red,Welterweight,MALE,5,3,3,3,7,0,0,10,17,4,6,30,61,0,0,0,5,6,1,185.42,190.5,190.5,203.2,33,33,2.07,3.96,0.39,0.48,1.1,0.3,3.84,2.63,0.51,0.45,Southpaw,Orthodox,14,23
2021-01-20,Ike Villanueva,Vinicius Moreira,Red,Light Heavyweight,MALE,3,0,0,0,1,2,3,0,1,2,3,3,5,0,0,0,0,0,1,185.42,193.04,185.42,193.04,36,31,3.14,2.79,0.37,0.6,0.0,1.7,0.0,2.61,0.0,0.18,Orthodox,Orthodox,2,4
2021-01-20,Omari Akhmedov,Tom Breese,Red,Middleweight,MALE,3,0,1,3,3,1,0,8,5,4,2,33,11,0,0,2,4,0,0,182.88,190.5,185.42,185.42,33,29,2.92,3.77,0.34,0.51,0.2,0.3,2.56,0.0,0.5,0.0,Orthodox,Southpaw,12,7
2021-01-20,Dalcha Lungiambula,Markus Perez,Red,Middleweight,MALE,3,0,0,1,1,1,2,1,2,1,4,6,13,0,0,1,0,0,2,172.72,185.42,193.04,185.42,33,32,1.79,2.83,0.55,0.46,0.0,1.0,2.83,1.02,0.5,0.26,Orthodox,Orthodox,2,6
2021-01-16,Max Holloway,Calvin Kattar,Red,Featherweight,MALE,5,0,2,13,2,2,0,17,6,6,2,70,21,8,0,9,4,2,0,180.34,180.34,175.26,182.88,29,32,6.47,5.01,0.44,0.41,0.4,0.0,0.22,0.47,0.83,0.37,Orthodox,Orthodox,23,8
2021-01-16,Carlos Condit,Matt Brown,Red,Welterweight,MALE,3,1,0,5,7,0,1,13,15,10,11,60,58,3,0,6,11,4,2,187.96,182.88,190.5,190.5,36,40,3.69,3.81,0.39,0.54,1.1,1.5,0.55,1.6,0.55,0.47,Orthodox,Orthodox,23,26
2021-01-16,Santiago Ponzinibbio,Li Jingliang,Blue,Welterweight,MALE,3,7,0,7,4,0,1,9,9,2,4,25,32,0,0,5,6,0,0,182.88,182.88,185.42,180.34,34,32,4.27,4.51,0.39,0.42,0.0,0.0,0.54,1.32,0.44,0.39,Orthodox,Orthodox,11,13
2021-01-16,Joaquin Buckley,Alessio Di Chirico,Blue,Middleweight,MALE,3,2,0,2,2,0,3,2,3,1,5,7,21,0,0,2,1,0,0,177.8,182.88,193.04,187.96,26,31,4.89,3.25,0.38,0.4,0.0,0.0,0.66,1.66,0.16,0.45,Southpaw,Orthodox,3,8
2021-01-16,Punahele Soriano,Dusko Todorovic,Red,Middleweight,MALE,3,2,2,2,2,0,0,2,2,0,0,4,5,0,0,1,1,0,0,180.34,185.42,182.88,187.96,28,26,3.99,8.04,0.42,0.67,0.0,0.0,3.28,0.65,0.8,0.06,Southpaw,Orthodox,2,2
2021-01-16,David Zawada,Ramazan Emeev,Blue,Welterweight,MALE,3,1,1,1,3,0,0,1,4,2,1,7,15,0,0,0,0,1,0,182.88,177.8,190.5,193.04,30,33,3.38,2.29,0.41,0.43,3.3,0.6,0.94,2.0,0.22,0.25,Orthodox,Southpaw,3,5
2020-12-19,Stephen Thompson,Geoff Neal,Red,Welterweight,MALE,5,2,0,7,6,0,1,11,6,4,1,5,1,2,0,0,0,0,0,182.88,180.34,190.5,190.5,37,30,4.24,4.94,0.43,0.49,0.0,0.2,0.32,0.5,0.45,0.5,Orthodox,Southpaw,15,7
2020-12-19,Jose Aldo,Marlon Vera,Red,Bantamweight,MALE,3,1,0,15,5,0,1,19,10,6,6,3,0,12,0,0,0,0,0,170.18,172.72,177.8,177.8,34,28,3.45,3.65,0.45,0.49,0.1,1.1,0.57,0.78,0.56,0.37,Orthodox,Switch,25,16
2020-12-19,Michel Pereira,Khaos Williams,Red,Welterweight,MALE,3,2,0,2,2,0,1,3,2,2,1,0,0,0,0,0,0,0,0,185.42,182.88,185.42,195.58,27,26,3.74,4.39,0.54,0.45,0.5,0.0,1.76,0.0,0.7,0.0,Orthodox,Orthodox,5,3
2020-12-19,Marlon Moraes,Rob Font,Blue,Bantamweight,MALE,3,3,0,3,4,0,2,8,5,3,4,0,2,0,1,0,0,0,0,172.72,167.64,180.34,170.18,33,32,5.21,3.38,0.42,0.39,0.8,0.4,1.2,1.0,0.36,0.41,Orthodox,Orthodox,11,9
2020-12-19,Anthony Pettis,Alex Morono,Red,Welterweight,MALE,3,2,0,5,3,0,1,16,7,10,4,2,2,4,0,0,0,0,0,177.8,180.34,182.88,182.88,33,30,3.05,4.96,0.47,0.42,1.1,0.4,0.61,0.44,0.5,0.28,Orthodox,Orthodox,26,11
2020-12-19,Tafon Nchukwi,Jamie Pickett,Red,Middleweight,MALE,3,2,0,2,1,0,1,2,1,0,3,0,0,0,0,0,0,0,0,182.88,187.96,195.58,203.2,26,32,7.59,2.84,0.55,0.55,0.0,0.4,0.0,1.48,0.0,0.4,Orthodox,Orthodox,2,4
2020-12-12,Tony Ferguson,Charles Oliveira,Blue,Lightweight,MALE,3,8,0,8,12,0,2,18,15,8,3,2,4,0,2,0,0,0,0,177.8,180.34,187.96,193.04,31,36,3.22,5.46,0.52,0.45,2.8,1.1,2.64,0.45,0.44,0.42,Orthodox,Orthodox,26,18
2020-12-12,Kevin Holland,Jacare Souza,Red,Middleweight,MALE,3,5,0,5,8,0,3,9,19,2,8,0,3,0,0,0,0,0,0,190.5,185.42,205.74,182.88,28,41,4.74,2.53,0.57,0.46,0.8,1.4,1.19,2.55,0.42,0.39,Orthodox,Orthodox,11,27
2020-12-12,Cub Swanson,Daniel Pineda,Red,Featherweight,MALE,3,2,0,6,2,0,1,17,4,10,5,2,1,0,0,0,0,0,0,172.72,170.18,177.8,175.26,37,35,4.64,3.41,0.5,0.49,0.5,1.8,1.09,1.55,0.51,0.29,Orthodox,Orthodox,27,9
2020-12-12,Renato Moicano,Rafael Fiziev,Blue,Lightweight,MALE,3,3,0,3,3,0,1,3,6,1,4,1,1,0,0,0,0,0,0,172.72,180.34,180.34,182.88,27,31,4.67,5.4,0.57,0.46,0.0,0.6,0.84,1.28,0.5,0.53,Switch,Orthodox,4,10
2020-12-12,Gavin Tucker,Billy Quarantillo,Red,Featherweight,MALE,3,3,0,3,4,0,1,4,4,1,1,2,0,0,0,0,0,0,0,167.64,177.8,167.64,177.8,34,32,4.4,7.03,0.45,0.64,1.5,1.8,3.0,1.28,0.42,0.31,Southpaw,Orthodox,5,5
2020-12-12,Chase Hooper,Peter Barrett,Red,Featherweight,MALE,3,1,0,2,1,0,2,3,1,1,2,2,1,0,0,0,0,0,0,185.42,177.8,187.96,185.42,21,34,4.43,4.18,0.45,0.61,2.2,0.0,0.32,1.39,0.07,0.22,Southpaw,Southpaw,4,3
2020-12-05,Jack Hermansson,Marvin Vettori,Blue,Middleweight,MALE,5,1,3,4,3,0,0,8,5,3,2,21,20,0,0,3,0,3,2,185.42,182.88,195.58,187.96,32,27,5.08,4.33,0.48,0.43,0.9,0.9,2.19,1.67,0.35,0.47,Orthodox,Southpaw,11,7
2020-12-05,Ovince Saint Preux,Jamahal Hill,Blue,Light Heavyweight,MALE,3,1,2,5,2,0,0,19,2,10,0,67,6,1,0,9,1,5,0,190.5,193.04,203.2,200.66,37,29,2.64,7.9,0.46,0.52,0.6,0.0,1.23,0.0,0.4,0.0,Southpaw,Southpaw,29,2
2020-12-05,Gabriel Benitez,Justin Jaynes,Red,Lightweight,MALE,3,0,0,2,1,2,1,5,1,4,1,20,4,0,0,1,1,2,0,172.72,170.18,180.34,172.72,32,31,4.14,4.6,0.38,0.43,1.2,1.2,0.18,0.0,0.5,0.0,Southpaw,Orthodox,9,2
2020-12-05,Louis Smolka,Jose Quinonez,Red,Bantamweight,MALE,3,0,0,4,4,1,1,7,5,7,3,31,19,0,0,3,0,2,1,175.26,172.72,172.72,175.26,29,30,4.25,3.41,0.46,0.46,2.0,0.7,1.61,2.58,0.34,0.45,Orthodox,Southpaw,14,8
2020-11-28,Anthony Smith,Devin Clark,Red,Light Heavyweight,MALE,5,0,2,3,2,2,0,10,6,8,4,45,24,1,0,6,0,3,0,193.04,182.88,193.04,190.5,32,30,2.97,3.4,0.46,0.57,0.7,0.1,0.41,2.76,0.25,0.36,Orthodox,Orthodox,18,10
2020-11-28,Miguel Baeza,Takashi Sato,Red,Welterweight,MALE,3,3,1,3,1,0,0,3,2,0,1,7,6,0,0,2,2,0,0,187.96,177.8,187.96,185.42,28,30,4.78,3.94,0.56,0.41,1.1,0.0,0.54,0.79,0.33,0.5,Orthodox,Southpaw,3,3
2020-11-28,Spike Carlyle,Bill Algeo,Blue,Featherweight,MALE,3,0,0,1,0,1,2,1,0,1,2,4,6,0,0,1,0,0,0,172.72,182.88,180.34,185.42,27,31,3.47,7.87,0.6,0.53,0.0,0.0,2.74,0.5,0.5,0.33,Switch,Switch,2,2
2020-11-28,Martin Day,Anderson Dos Santos,Blue,Bantamweight,MALE,3,0,0,0,0,3,2,0,0,3,2,9,6,0,0,0,0,0,0,177.8,165.1,185.42,177.8,32,35,5.39,2.7,0.45,0.26,0.7,0.5,0.7,1.0,0.5,0.2,Orthodox,Orthodox,3,2
2020-11-21,Mike Perry,Tim Means,Blue,Welterweight,MALE,3,1,1,2,4,0,0,7,12,6,9,30,48,0,0,4,5,0,2,177.8,187.96,180.34,190.5,29,36,4.36,4.92,0.48,0.46,0.0,0.2,0.66,0.98,0.46,0.42,Orthodox,Orthodox,13,21
2020-11-21,Mauricio Rua,Paul Craig,Blue,Light Heavyweight,MALE,3,2,2,8,1,0,0,27,5,11,4,79,19,3,0,21,0,1,5,185.42,190.5,193.04,193.04,38,32,3.63,2.3,0.5,0.48,0.8,1.6,2.17,1.61,0.48,0.21,Orthodox,Orthodox,38,9
2020-11-21,Daniel Rodriguez,Nicolas Dalby,Blue,Welterweight,MALE,3,4,1,4,1,0,0,4,2,0,2,9,16,0,0,1,0,1,0,185.42,180.34,187.96,187.96,33,36,8.46,3.17,0.48,0.38,0.4,0.0,1.83,1.74,0.83,0.45,Southpaw,Orthodox,4,4
2020-11-14,Paul Felder,Rafael Dos Anjos,Blue,Lightweight,MALE,5,0,0,3,5,1,2,9,18,5,11,38,86,0,4,4,4,1,4,180.34,172.72,177.8,177.8,36,36,3.67,3.47,0.43,0.45,0.2,0.6,0.25,1.82,0.25,0.39,Orthodox,Southpaw,14,29
2020-11-14,Geraldo de Freitas,Tony Gravely,Blue,Bantamweight,MALE,3,0,0,1,1,1,1,1,1,1,1,6,6,0,0,0,1,0,0,170.18,165.1,182.88,175.26,29,29,2.97,3.94,0.47,0.59,0.0,1.2,4.0,4.77,0.5,0.66,Orthodox,Orthodox,2,2
2020-11-07,Thiago Santos,Glover Teixeira,Blue,Light Heavyweight,MALE,5,0,4,4,8,1,0,13,17,6,6,37,51,1,1,11,8,0,6,187.96,187.96,193.04,193.04,36,41,4.44,3.74,0.47,0.47,0.1,0.9,0.83,1.87,0.4,0.38,Orthodox,Orthodox,19,23
2020-11-07,Raoni Barcelos,Khalid Taha,Red,Bantamweight,MALE,3,4,1,4,1,0,0,4,1,0,1,10,7,0,0,2,1,1,0,170.18,165.1,170.18,175.26,33,28,4.79,2.64,0.5,0.5,0.7,0.5,2.31,0.0,0.58,0.0,Orthodox,Orthodox,4,2
2020-11-07,Trevin Giles,Bevon Lewis,Red,Middleweight,MALE,3,1,1,2,2,0,0,3,3,2,2,14,12,0,0,2,2,0,0,182.88,190.5,187.96,200.66,28,29,3.61,4.05,0.56,0.45,0.2,0.0,1.47,0.0,1.0,0.0,Orthodox,Orthodox,5,5
2020-11-07,Darren Elkins,Eduardo Garagorri,Red,Featherweight,MALE,3,0,0,6,1,4,1,14,1,8,1,57,4,0,0,3,0,1,0,177.8,175.26,180.34,177.8,36,31,3.54,3.75,0.37,0.54,1.2,0.0,2.43,0.79,0.33,1.0,Orthodox,Orthodox,22,2
2020-10-31,Uriah Hall,Anderson Silva,Red,Middleweight,MALE,5,2,0,3,17,0,2,8,31,7,10,32,91,0,13,6,20,0,3,182.88,187.96,200.66,195.58,36,45,3.31,3.04,0.5,0.62,0.2,0.8,0.75,0.52,0.38,0.77,Orthodox,Southpaw,15,41
2020-10-31,Bryce Mitchell,Andre Fili,Red,Featherweight,MALE,3,4,1,4,2,0,0,4,9,0,6,10,37,0,0,0,3,1,0,177.8,180.34,177.8,187.96,26,30,2.05,3.9,0.59,0.36,2.7,0.2,2.13,2.71,0.41,0.49,Southpaw,Orthodox,4,15
2020-10-31,Bobby Green,Thiago Moises,Blue,Lightweight,MALE,3,3,1,8,1,0,0,12,3,7,2,53,12,0,0,1,1,3,1,177.8,175.26,180.34,177.8,34,25,5.13,2.68,0.51,0.43,0.4,1.6,1.53,1.1,0.39,0.28,Orthodox,Orthodox,19,5
2020-10-31,Chris Gruetzemacher,Alexander Hernandez,Blue,Lightweight,MALE,3,1,0,2,2,0,1,3,3,2,2,11,11,0,0,2,1,0,0,172.72,175.26,172.72,182.88,34,28,7.12,3.17,0.58,0.38,0.0,0.0,0.0,2.15,0.0,0.38,Orthodox,Orthodox,5,5
2020-10-31,Sean Strickland,Jack Marshman,Red,Middleweight,MALE,3,1,0,3,1,0,1,7,3,3,4,25,15,0,0,2,1,1,0,185.42,182.88,193.04,185.42,29,30,4.34,2.64,0.35,0.28,0.5,0.0,1.37,0.0,0.57,0.0,Orthodox,Orthodox,10,7
2020-10-31,Dustin Jacoby,Justin Ledet,Red,Light Heavyweight,MALE,3,1,0,1,3,0,3,1,3,2,3,9,14,0,0,0,0,0,1,190.5,193.04,193.04,203.2,32,32,3.4,3.33,0.46,0.39,0.0,0.2,0.3,0.24,1.0,0.5,Orthodox,Orthodox,3,6
2020-10-24,Khabib Nurmagomedov,Justin Gaethje,Red,Lightweight,MALE,5,12,4,12,4,0,0,12,5,0,2,36,17,3,1,2,5,4,0,177.8,180.34,177.8,177.8,32,31,4.11,7.74,0.49,0.59,0.7,0.0,5.35,0.0,0.47,0.0,Orthodox,Orthodox,12,7
2020-10-24,Robert Whittaker,Jared Cannonier,Red,Middleweight,MALE,3,1,3,9,3,0,0,12,6,3,4,42,20,2,0,5,5,0,0,182.88,180.34,185.42,195.58,29,36,4.51,3.72,0.4,0.51,0.0,0.0,0.46,0.18,0.3,0.33,Orthodox,Switch,15,10
2020-10-24,Magomed Ankalaev,Ion Cutelaba,Red,Light Heavyweight,MALE,3,4,0,4,2,0,1,4,4,1,4,11,15,0,0,3,3,0,0,190.5,185.42,190.5,190.5,28,26,3.46,5.29,0.56,0.39,0.0,0.0,0.68,2.59,0.33,0.71,Orthodox,Southpaw,5,8
2020-10-24,Joel Alvarez,Alexander Yakovlev,Red,Lightweight,MALE,3,2,0,2,2,0,1,2,3,1,5,6,20,0,0,1,1,1,1,190.5,190.5,195.58,187.96,26,36,3.03,1.79,0.36,0.47,0.6,0.2,0.0,1.56,0.0,0.33,Orthodox,Southpaw,3,8
2020-10-17,Brian Ortega,Chan Sung Jung,Red,Featherweight,MALE,5,0,2,6,3,1,0,6,6,1,4,20,24,1,1,3,4,3,2,172.72,170.18,175.26,182.88,29,33,4.07,4.58,0.33,0.41,1.4,0.6,0.51,0.78,0.16,0.41,Switch,Orthodox,7,10
2020-10-17,Claudio Silva,James Krause,Blue,Welterweight,MALE,3,5,0,5,6,0,1,5,8,0,6,11,33,0,0,0,3,3,2,180.34,187.96,180.34,185.42,38,34,2.8,4.65,0.51,0.48,2.1,1.0,3.32,1.05,0.33,0.18,Southpaw,Orthodox,5,14
2020-10-17,Thomas Almeida,Jonathan Martinez,Blue,Featherweight,MALE,3,0,1,4,2,2,0,5,3,3,2,15,15,0,0,4,2,0,0,170.18,172.72,177.8,177.8,29,26,5.66,4.22,0.45,0.5,0.0,0.0,0.0,0.64,0.0,0.37,Southpaw,Southpaw,8,5
2020-10-17,Junyong Park,John Phillips,Red,Middleweight,MALE,3,1,0,1,1,0,1,1,1,1,4,5,10,0,0,0,1,0,0,177.8,180.34,185.42,190.5,29,35,6.41,2.25,0.47,0.34,0.0,0.0,3.04,0.0,0.5,0.0,Orthodox,Southpaw,2,5
2020-10-10,Marlon Moraes,Cory Sandhagen,Blue,Bantamweight,MALE,5,1,0,4,5,0,1,5,5,2,1,15,12,1,0,2,2,1,1,167.64,180.34,170.18,177.8,32,28,3.53,6.95,0.39,0.48,0.5,0.6,0.46,1.2,0.25,0.5,Orthodox,Switch,7,6
2020-10-10,Edson Barboza,Makwan Amirkhani,Red,Featherweight,MALE,3,0,1,4,3,3,0,14,6,9,2,58,17,0,0,7,1,0,3,180.34,177.8,190.5,182.88,34,31,4.08,1.55,0.43,0.46,0.1,1.6,0.46,3.45,0.44,0.36,Orthodox,Southpaw,23,8
2020-10-10,Giga Chikadze,Omar Morales,Red,Featherweight,MALE,3,3,2,3,2,0,0,3,2,0,0,9,6,0,0,0,0,0,0,182.88,180.34,187.96,185.42,32,34,3.31,3.85,0.44,0.37,0.0,0.0,0.51,0.42,0.5,1.0,Orthodox,Orthodox,3,2
2020-10-03,Carlos Condit,Court McGee,Red,Welterweight,MALE,3,0,0,5,3,5,2,12,8,10,8,57,45,7,1,6,0,4,2,187.96,180.34,190.5,190.5,36,35,3.56,4.86,0.39,0.35,1.2,0.4,0.58,1.71,0.55,0.21,Orthodox,Orthodox,22,16
2020-10-03,Casey Kenney,Heili Alateng,Red,Bantamweight,MALE,3,1,2,2,2,0,0,3,2,1,0,10,6,0,0,0,0,1,0,170.18,165.1,172.72,167.64,29,28,3.66,2.77,0.42,0.37,0.8,0.0,1.35,3.5,0.5,0.35,Southpaw,Orthodox,4,2
2020-09-26,Israel Adesanya,Paulo Costa,Red,Middleweight,MALE,5,8,5,8,5,0,0,8,5,0,0,26,10,3,0,3,4,0,0,193.04,185.42,203.2,182.88,31,29,3.96,8.43,0.48,0.57,0.3,0.0,0.0,0.0,0.0,0.0,Switch,Orthodox,8,5
2020-09-26,Dominick Reyes,Jan Blachowicz,Blue,Light Heavyweight,MALE,5,0,3,6,4,1,0,6,9,1,5,15,37,1,0,3,3,1,2,193.04,187.96,195.58,198.12,30,37,4.88,3.45,0.49,0.48,0.2,0.3,0.24,1.16,0.16,0.52,Southpaw,Orthodox,7,14
2020-09-26,Hakeem Dawodu,Zubaira Tukhugov,Red,Featherweight,MALE,3,4,1,4,3,0,0,4,4,1,1,13,14,0,0,1,2,0,0,172.72,172.72,185.42,172.72,29,29,5.28,2.58,0.46,0.38,0.0,0.0,0.0,2.88,0.0,0.56,Orthodox,Orthodox,5,5
2020-09-26,Brad Riddell,Alex Da Silva,Red,Lightweight,MALE,3,2,1,2,1,0,0,2,1,0,1,6,5,0,0,0,0,0,0,170.18,172.72,180.34,185.42,28,24,4.3,1.08,0.57,0.43,0.0,0.0,1.0,2.59,1.0,0.57,Orthodox,Orthodox,2,2
2020-09-26,Diego Sanchez,Jake Matthews,Blue,Welterweight,MALE,3,1,2,9,3,0,0,22,9,12,4,86,31,2,0,6,1,2,4,177.8,180.34,182.88,185.42,38,26,2.73,2.98,0.38,0.46,0.9,0.7,1.57,2.2,0.24,0.41,Southpaw,Orthodox,34,13
2020-09-19,Colby Covington,Tyron Woodley,Red,Welterweight,MALE,5,0,0,7,8,1,2,10,17,2,5,38,63,2,7,2,6,2,4,180.34,175.26,182.88,187.96,32,38,4.17,2.38,0.37,0.49,0.2,0.4,4.91,1.11,0.51,0.39,Orthodox,Orthodox,12,22
2020-09-19,Khamzat Chimaev,Gerald Meerschaert,Red,Middleweight,MALE,3,2,0,2,2,0,1,2,6,0,5,3,22,0,0,1,1,1,5,187.96,185.42,190.5,195.58,26,32,8.88,3.31,0.72,0.42,3.2,1.7,4.81,2.34,0.75,0.43,Orthodox,Southpaw,2,11
2020-09-19,Johnny Walker,Ryan Spann,Red,Light Heavyweight,MALE,3,0,4,3,4,2,0,3,4,2,0,7,9,0,0,3,1,0,1,198.12,195.58,208.28,200.66,28,29,4.01,3.32,0.7,0.43,1.3,1.9,0.43,1.13,1.0,0.3,Orthodox,Orthodox,5,4
2020-09-19,Kevin Holland,Darren Stewart,Red,Middleweight,MALE,3,2,3,3,3,0,0,5,5,2,4,18,21,0,0,2,2,1,1,190.5,182.88,205.74,187.96,27,29,4.65,2.97,0.55,0.43,1.0,0.2,1.12,1.32,0.43,0.42,Orthodox,Orthodox,7,9
2020-09-19,Andre Ewell,Irwin Rivera,Red,Bantamweight,MALE,3,1,1,1,1,0,0,3,1,2,1,15,6,0,0,0,0,0,0,172.72,167.64,190.5,170.18,32,31,3.74,2.33,0.4,0.41,0.0,0.0,0.21,1.0,0.5,0.22,Southpaw,Southpaw,5,2
2020-09-12,Ed Herman,Mike Rodriguez,Red,Light Heavyweight,MALE,3,2,1,3,1,0,0,12,2,11,2,52,9,1,0,4,2,4,0,185.42,193.04,195.58,208.28,39,31,3.33,4.59,0.49,0.54,1.2,0.0,2.2,0.0,0.48,0.0,Orthodox,Southpaw,23,4
2020-09-12,Billy Quarantillo,Kyle Nelson,Red,Featherweight,MALE,3,2,1,2,1,0,0,2,1,0,2,5,6,0,0,0,1,1,0,177.8,180.34,177.8,180.34,31,29,7.43,2.73,0.79,0.36,3.1,2.8,1.34,1.41,0.42,0.16,Orthodox,Switch,2,3
2020-09-12,Bobby Green,Alan Patrick,Red,Lightweight,MALE,3,2,0,8,3,0,1,11,5,7,2,50,18,0,0,1,1,3,0,177.8,180.34,180.34,187.96,34,37,5.22,1.88,0.5,0.43,0.4,0.4,1.33,3.92,0.36,0.4,Orthodox,Southpaw,18,7
2020-09-05,Ovince Saint Preux,Alonzo Menifield,Red,Light Heavyweight,MALE,3,0,0,5,2,1,1,18,2,10,1,65,5,1,0,8,2,5,0,190.5,182.88,203.2,193.04,37,32,2.6,3.75,0.46,0.47,0.6,0.0,1.27,0.0,0.4,0.0,Southpaw,Orthodox,28,3
2020-09-05,Michel Pereira,Zelim Imadaev,Red,Welterweight,MALE,3,0,0,1,0,2,2,1,0,2,2,7,5,0,0,1,0,0,0,185.42,182.88,185.42,193.04,26,25,3.04,3.69,0.51,0.41,0.0,0.0,2.0,0.6,0.57,0.5,Orthodox,Orthodox,3,2
2020-09-05,Cole Smith,Hunter Azure,Blue,Bantamweight,MALE,3,0,0,1,1,1,1,1,1,1,1,6,5,0,0,0,0,0,0,180.34,172.72,170.18,175.26,31,28,1.63,4.71,0.33,0.49,1.0,1.9,1.5,1.55,0.3,0.33,Orthodox,Orthodox,2,2
2020-08-29,Anthony Smith,Aleksandar Rakic,Blue,Light Heavyweight,MALE,3,0,0,3,4,1,1,10,4,7,1,42,11,1,0,6,2,3,0,193.04,193.04,193.04,198.12,32,28,3.19,5.17,0.46,0.52,0.7,0.3,0.45,1.2,0.27,0.28,Orthodox,Orthodox,17,5
2020-08-29,Robbie Lawler,Neil Magny,Blue,Welterweight,MALE,3,0,2,5,7,3,0,19,16,13,6,88,58,6,0,12,5,0,1,180.34,190.5,187.96,203.2,38,33,3.57,3.95,0.45,0.47,0.0,0.3,0.71,2.55,0.66,0.44,Southpaw,Orthodox,32,22
2020-08-29,Alessio Di Chirico,Zak Cummings,Blue,Middleweight,MALE,3,0,0,2,2,2,1,3,8,4,5,18,30,0,0,1,1,0,4,182.88,182.88,187.96,190.5,30,36,3.2,2.47,0.42,0.32,0.0,0.8,1.95,0.75,0.5,0.28,Orthodox,Southpaw,7,13
2020-08-22,Pedro Munhoz,Frankie Edgar,Blue,Bantamweight,MALE,5,0,0,4,5,1,2,8,17,4,8,26,89,0,9,3,5,3,2,167.64,167.64,165.1,172.72,33,38,5.29,3.6,0.42,0.4,1.1,0.3,0.92,2.34,0.21,0.31,Orthodox,Orthodox,12,25
2020-08-22,Marcin Prachnio,Mike Rodriguez,Blue,Light Heavyweight,MALE,3,0,0,0,1,2,1,0,1,2,2,2,8,0,0,0,1,0,0,190.5,193.04,187.96,208.28,32,31,2.39,4.3,0.39,0.52,0.0,0.0,0.0,0.0,0.0,0.0,Orthodox,Southpaw,2,3
2020-08-22,Daniel Rodriguez,Dwight Grant,Red,Welterweight,MALE,3,2,2,2,2,0,0,2,2,0,1,5,7,0,0,0,1,1,0,185.42,185.42,187.96,193.04,33,35,8.6,2.87,0.48,0.36,0.4,0.0,1.94,0.36,0.83,1.0,Southpaw,Switch,2,3
2020-08-15,Sean O'Malley,Marlon Vera,Blue,Bantamweight,MALE,3,4,0,4,5,0,1,4,9,0,5,8,34,0,0,2,4,0,4,180.34,172.72,182.88,177.8,25,27,6.86,3.7,0.58,0.48,1.2,1.3,1.18,0.88,0.5,0.42,Switch,Switch,4,14
2020-08-15,John Dodson,Merab Dvalishvili,Blue,Bantamweight,MALE,3,1,4,3,4,0,0,10,4,6,2,46,18,3,0,6,0,0,0,160.02,167.64,167.64,172.72,35,29,3.3,4.01,0.41,0.39,0.0,0.3,0.76,8.67,0.28,0.5,Orthodox,Orthodox,16,6
2020-08-15,Jim Miller,Vinc Pichel,Blue,Lightweight,MALE,3,1,1,7,4,0,0,21,5,13,2,77,16,0,0,3,1,10,0,172.72,177.8,180.34,182.88,36,37,2.81,3.29,0.4,0.45,1.9,0.4,1.68,4.0,0.41,0.6,Southpaw,Orthodox,34,7
2020-08-15,Herbert Burns,Daniel Pineda,Blue,Featherweight,MALE,3,2,0,2,2,0,2,2,3,0,4,2,13,0,0,1,0,1,3,175.26,170.18,185.42,177.8,32,35,2.6,2.99,0.44,0.43,6.9,2.0,4.59,1.46,1.0,0.25,Orthodox,Orthodox,2,7
2020-08-08,Omari Akhmedov,Chris Weidman,Blue,Middleweight,MALE,3,5,0,3,9,0,2,8,10,3,5,30,36,0,5,2,4,0,3,182.88,187.96,185.42,198.12,32,36,2.99,3.14,0.34,0.42,0.2,1.0,2.4,3.82,0.5,0.5,Orthodox,Orthodox,11,15
2020-08-08,Maki Pitolo,Darren Stewart,Blue,Middleweight,MALE,3,1,2,1,2,0,0,1,4,1,4,5,20,0,0,1,2,0,0,177.8,182.88,190.5,187.96,29,29,5.22,2.94,0.45,0.44,0.7,0.0,1.98,1.38,0.6,0.44,Orthodox,Orthodox,2,8
2020-08-08,Beneil Dariush,Scott Holtzman,Red,Lightweight,MALE,3,4,2,5,3,0,0,12,7,4,3,35,29,0,0,2,2,5,1,177.8,175.26,182.88,175.26,31,36,3.87,4.52,0.49,0.49,1.1,0.2,1.8,2.23,0.33,0.6,Southpaw,Orthodox,16,10
2020-08-08,Tim Means,Laureano Staropoli,Red,Welterweight,MALE,3,0,0,4,2,1,1,11,2,9,1,45,9,0,0,5,0,2,0,187.96,185.42,190.5,180.34,36,27,4.87,4.29,0.45,0.31,0.2,0.0,0.91,0.33,0.44,0.25,Orthodox,Orthodox,20,3
2020-08-08,Andrew Sanchez,Wellington Turman,Red,Middleweight,MALE,3,0,1,2,1,1,0,4,1,3,1,21,6,1,0,0,0,0,0,185.42,182.88,187.96,182.88,32,24,4.49,2.43,0.43,0.42,0.0,1.0,2.25,3.0,0.33,0.37,Orthodox,Orthodox,7,2
2020-08-01,Derek Brunson,Edmen Shahbazyan,Red,Middleweight,MALE,3,2,4,5,4,0,0,14,4,6,0,36,6,0,0,6,2,2,1,185.42,187.96,195.58,187.96,36,22,3.39,4.11,0.45,0.52,0.5,0.8,2.8,6.77,0.29,0.4,Southpaw,Orthodox,20,4
2020-08-01,Vicente Luque,Randy Brown,Red,Welterweight,MALE,3,1,2,6,2,0,0,11,6,3,3,28,23,0,0,7,2,3,2,180.34,190.5,190.5,198.12,28,30,5.66,3.41,0.53,0.47,0.8,0.6,0.73,0.95,0.5,0.46,Orthodox,Orthodox,14,9
2020-08-01,Lando Vannata,Bobby Green,Blue,Lightweight,MALE,3,1,1,1,8,0,0,3,10,4,7,22,47,0,0,1,1,1,3,175.26,177.8,180.34,180.34,28,33,4.72,5.01,0.44,0.49,0.4,0.4,1.15,1.19,0.36,0.31,Orthodox,Orthodox,7,17
2020-08-01,Frankie Saenz,Jonathan Martinez,Blue,Bantamweight,MALE,3,0,0,3,2,1,1,5,2,4,2,25,12,0,0,0,1,0,0,167.64,172.72,167.64,177.8,39,26,3.97,3.67,0.46,0.47,0.1,0.0,1.77,0.51,0.32,0.28,Orthodox,Southpaw,9,4
2020-07-25,Robert Whittaker,Darren Till,Red,Middleweight,MALE,5,0,1,9,4,1,0,11,6,3,2,37,24,3,1,5,2,0,0,182.88,182.88,185.42,187.96,29,27,4.77,2.41,0.39,0.46,0.0,0.0,0.36,0.66,0.57,0.41,Orthodox,Southpaw,14,8
2020-07-25,Mauricio Rua,Rogerio Nogueira,Red,Light Heavyweight,MALE,3,1,0,8,7,0,1,26,19,11,8,76,57,4,0,21,8,1,4,185.42,187.96,193.04,190.5,38,44,3.63,2.39,0.5,0.34,0.8,0.8,2.17,0.67,0.48,0.44,Orthodox,Southpaw,37,27
2020-07-25,Paul Craig,Gadzhimurad Antigulov,Red,Light Heavyweight,MALE,3,1,0,1,2,0,2,4,2,4,2,18,4,0,0,0,0,4,2,190.5,180.34,193.04,177.8,32,33,2.33,2.32,0.48,0.51,1.5,3.5,1.65,8.7,0.21,0.41,Orthodox,Orthodox,8,4
2020-07-25,Alex Oliveira,Peter Sobotta,Red,Welterweight,MALE,3,1,0,4,2,0,1,10,4,6,5,39,22,0,0,4,1,3,1,180.34,182.88,193.04,190.5,32,33,2.88,2.17,0.5,0.39,0.6,0.6,2.69,1.76,0.37,0.35,Orthodox,Southpaw,16,9
2020-07-25,Nicolas Dalby,Jesse Ronson,Blue,Welterweight,MALE,3,1,0,1,0,0,3,2,0,2,3,15,9,0,0,0,0,0,0,180.34,177.8,187.96,182.88,35,34,3.03,3.09,0.38,0.46,0.0,0.3,1.8,0.67,0.45,0.4,Orthodox,Southpaw,4,3
2020-07-18,Jack Hermansson,Kelvin Gastelum,Red,Middleweight,MALE,3,0,0,4,5,1,2,7,10,3,5,20,43,0,2,3,3,2,2,185.42,175.26,195.58,180.34,32,28,5.13,3.75,0.48,0.43,0.7,0.1,2.23,0.8,0.36,0.35,Orthodox,Southpaw,10,15
2020-07-18,Marc Diakiese,Rafael Fiziev,Blue,Lightweight,MALE,3,2,1,3,1,0,0,5,1,3,1,21,4,0,0,2,0,0,0,177.8,172.72,185.42,180.34,27,27,2.86,4.08,0.37,0.5,0.0,0.0,2.5,0.91,0.4,1.0,Orthodox,Switch,8,2
2020-07-18,Joe Duffy,Joel Alvarez,Blue,Lightweight,MALE,3,0,1,2,1,2,0,4,1,3,1,14,5,0,0,1,1,2,0,177.8,190.5,185.42,195.58,32,26,2.56,2.55,0.33,0.33,0.8,0.0,0.75,0.0,0.6,0.0,Orthodox,Orthodox,7,2
2020-07-18,Brett Johns,Montel Jackson,Red,Bantamweight,MALE,3,1,3,3,3,0,0,4,3,2,1,16,10,0,0,0,0,2,1,170.18,177.8,180.34,190.5,28,28,3.3,4.16,0.48,0.55,1.0,0.2,4.29,4.84,0.52,0.79,Orthodox,Southpaw,6,4
2020-07-18,Davi Ramos,Arman Tsarukyan,Blue,Lightweight,MALE,3,0,1,4,1,1,0,4,1,2,1,14,6,0,0,0,0,3,0,167.64,170.18,177.8,182.88,33,23,2.74,2.0,0.39,0.4,0.7,0.0,2.42,1.5,0.5,0.13,Orthodox,Orthodox,6,2
2020-07-15,Calvin Kattar,Dan Ige,Red,Featherweight,MALE,5,1,6,2,6,0,0,5,6,2,1,16,17,0,0,4,1,0,1,180.34,170.18,182.88,180.34,32,28,5.29,4.12,0.41,0.48,0.0,0.7,0.42,2.15,0.28,0.34,Orthodox,Orthodox,7,7
2020-07-15,Jimmie Rivera,Cody Stamann,Red,Featherweight,MALE,3,0,1,5,3,2,0,6,5,3,1,23,20,0,0,1,0,0,0,162.56,167.64,172.72,162.56,31,30,4.1,4.51,0.4,0.49,0.0,0.0,0.7,3.34,0.23,0.48,Orthodox,Orthodox,9,6
2020-07-15,Jared Gordon,Chris Fishgold,Red,Featherweight,MALE,3,0,0,2,1,1,1,3,1,3,2,13,5,0,0,1,0,0,1,175.26,172.72,172.72,172.72,31,28,6.26,2.53,0.54,0.31,0.0,1.5,2.98,4.55,0.39,0.5,Orthodox,Orthodox,6,3
2020-07-11,Kamaru Usman,Jorge Masvidal,Red,Welterweight,MALE,5,11,3,11,4,0,0,11,17,0,7,38,65,3,1,2,7,1,1,182.88,180.34,193.04,187.96,33,36,4.6,4.33,0.52,0.47,0.2,0.4,3.44,1.7,0.5,0.59,Switch,Orthodox,11,24
2020-07-11,Alexander Volkanovski,Max Holloway,Red,Featherweight,MALE,3,8,0,8,13,0,1,8,17,0,5,23,65,1,7,3,9,0,2,167.64,180.34,180.34,175.26,31,28,6.15,6.66,0.57,0.44,0.4,0.4,2.16,0.24,0.34,0.83,Orthodox,Orthodox,8,22
2020-07-11,Petr Yan,Jose Aldo,Red,Bantamweight,MALE,3,6,0,6,15,0,2,6,18,0,5,15,68,0,14,3,11,0,0,170.18,170.18,170.18,177.8,27,33,5.65,3.47,0.46,0.44,0.2,0.1,1.73,0.64,0.53,0.65,Switch,Orthodox,6,23
2020-07-11,Elizeu Zaleski dos Santos,Muslim Salikhov,Blue,Welterweight,MALE,3,1,3,7,3,0,0,8,3,2,1,25,8,0,0,3,2,1,0,180.34,180.34,185.42,177.8,33,36,4.17,2.92,0.39,0.46,0.5,0.0,0.65,1.22,0.2,0.42,Orthodox,Orthodox,10,4
2020-07-11,Makwan Amirkhani,Danny Henry,Red,Featherweight,MALE,3,0,0,3,2,1,1,5,2,2,1,16,5,0,0,1,0,2,1,177.8,182.88,182.88,185.42,31,31,1.6,5.85,0.47,0.53,1.5,2.7,3.39,0.89,0.34,0.33,Southpaw,Orthodox,7,3
2020-06-27,Dustin Poirier,Dan Hooker,Red,Lightweight,MALE,5,0,3,5,4,1,0,18,10,6,4,57,32,2,0,9,6,3,2,175.26,182.88,182.88,190.5,31,30,5.51,4.76,0.49,0.45,1.2,0.3,1.55,0.43,0.37,0.28,Southpaw,Switch,24,14
2020-06-27,Mike Perry,Mickey Gall,Red,Welterweight,MALE,3,0,1,2,3,2,0,6,5,6,2,27,13,0,0,4,0,0,4,177.8,187.96,180.34,187.96,28,28,4.27,2.22,0.47,0.43,0.0,2.7,0.61,1.5,0.41,0.38,Orthodox,Switch,12,7
2020-06-20,Josh Emmett,Shane Burgos,Red,Featherweight,MALE,3,2,3,2,3,0,0,6,6,2,1,19,19,0,0,3,2,0,1,167.64,180.34,177.8,190.5,35,29,3.63,7.09,0.36,0.5,0.2,0.2,1.5,0.36,0.45,1.0,Orthodox,Orthodox,8,7
2020-06-20,Belal Muhammad,Lyman Good,Red,Welterweight,MALE,3,2,1,4,1,0,0,7,3,3,2,28,10,0,0,1,3,1,0,180.34,182.88,182.88,187.96,31,35,4.37,5.32,0.41,0.49,0.2,0.0,2.15,0.38,0.31,1.0,Orthodox,Orthodox,10,5
2020-06-20,Clay Guida,Bobby Green,Blue,Lightweight,MALE,3,0,0,4,8,1,2,17,9,14,7,84,44,2,0,2,1,4,3,170.18,177.8,177.8,180.34,38,33,2.45,4.95,0.33,0.49,0.7,0.3,3.39,1.12,0.38,0.29,Orthodox,Orthodox,31,16
2020-06-20,Marc-Andre Barriault,Oskar Piechota,Red,Middleweight,MALE,3,0,0,0,2,3,3,0,2,3,3,9,9,0,0,0,1,0,0,185.42,182.88,187.96,193.04,30,30,3.53,3.19,0.43,0.55,0.0,1.9,0.33,0.76,0.16,0.5,Orthodox,Southpaw,3,5
2020-06-13,Karl Roberson,Marvin Vettori,Blue,Middleweight,MALE,3,2,2,2,2,0,0,4,4,2,2,7,8,0,0,0,0,2,1,185.42,182.88,187.96,187.96,29,26,3.16,4.05,0.52,0.41,0.8,0.6,1.07,1.43,0.57,0.45,Southpaw,Southpaw,6,6
2020-06-13,Charles Rosa,Kevin Aguilar,Red,Lightweight,MALE,3,0,0,1,2,1,2,3,2,4,2,15,2,0,0,0,0,2,0,175.26,170.18,175.26,185.42,33,31,3.21,3.73,0.36,0.36,1.0,0.0,2.35,0.24,0.34,0.5,Switch,Orthodox,7,4
2020-06-13,Andre Fili,Charles Jourdain,Red,Featherweight,MALE,3,0,1,2,1,1,0,8,1,6,1,12,0,0,0,3,1,0,0,180.34,175.26,187.96,175.26,29,24,4.0,4.85,0.37,0.43,0.2,0.0,2.49,0.0,0.45,0.0,Orthodox,Switch,14,2
2020-06-13,Jordan Espinosa,Mark De La Rosa,Red,Bantamweight,MALE,3,0,0,1,2,2,3,1,2,2,4,0,1,0,0,0,0,0,1,167.64,167.64,175.26,165.1,30,25,4.25,3.28,0.55,0.36,0.4,0.2,0.85,0.66,0.2,0.15,Orthodox,Orthodox,3,6
2020-06-06,Raphael Assuncao,Cody Garbrandt,Blue,Bantamweight,MALE,3,0,0,7,6,2,3,14,6,6,3,54,18,0,3,2,4,1,0,165.1,172.72,167.64,165.1,37,28,3.32,3.53,0.41,0.37,0.3,0.0,1.54,0.94,0.38,0.33,Orthodox,Orthodox,20,9
2020-06-06,Aljamain Sterling,Cory Sandhagen,Red,Bantamweight,MALE,3,4,5,4,5,0,0,10,5,3,0,35,11,0,0,1,2,3,1,170.18,180.34,180.34,177.8,30,28,4.85,7.14,0.5,0.48,0.8,0.6,1.91,1.24,0.29,0.5,Orthodox,Switch,13,5
2020-06-06,Neil Magny,Anthony Rocco Martin,Red,Welterweight,MALE,3,1,1,7,4,0,0,15,9,6,5,55,38,0,0,5,1,1,3,190.5,182.88,203.2,185.42,32,30,3.93,2.7,0.46,0.36,0.3,1.1,2.7,0.68,0.47,0.25,Orthodox,Orthodox,21,14
2020-06-06,Eddie Wineland,Sean O'Malley,Blue,Bantamweight,MALE,3,1,3,4,3,0,0,11,3,9,0,47,7,3,0,8,1,0,0,170.18,180.34,175.26,182.88,35,25,3.41,6.87,0.29,0.57,0.1,1.2,0.28,1.24,0.28,0.5,Orthodox,Switch,20,3
2020-06-06,Ian Heinisch,Gerald Meerschaert,Red,Middleweight,MALE,3,0,1,2,2,2,0,2,6,2,4,12,21,0,0,0,1,0,5,180.34,185.42,182.88,195.58,31,32,3.38,3.32,0.5,0.43,0.5,1.7,1.18,2.37,0.19,0.43,Orthodox,Southpaw,4,10
2020-06-06,Cody Stamann,Brian Kelleher,Red,Featherweight,MALE,3,1,2,3,2,0,0,4,5,1,3,17,15,0,0,0,2,0,2,167.64,167.64,162.56,167.64,30,33,4.25,4.65,0.49,0.43,0.0,0.8,3.58,1.26,0.48,0.23,Orthodox,Switch,5,8
2020-06-06,Alonzo Menifield,Devin Clark,Blue,Light Heavyweight,MALE,3,2,1,2,2,0,0,2,5,0,4,2,21,0,0,2,0,0,0,182.88,182.88,193.04,190.5,32,30,5.07,3.12,0.48,0.55,0.0,0.1,0.0,3.03,0.0,0.42,Orthodox,Orthodox,2,9
2020-05-30,Tyron Woodley,Gilbert Burns,Blue,Welterweight,MALE,5,0,5,8,5,1,0,17,11,4,3,58,31,7,0,6,3,4,4,175.26,177.8,187.96,180.34,38,33,2.5,3.13,0.49,0.44,0.5,0.7,1.21,2.39,0.41,0.38,Orthodox,Orthodox,21,14
2020-05-30,Louis Smolka,Casey Kenney,Blue,Bantamweight,MALE,3,1,0,4,2,0,1,7,2,6,1,30,9,0,0,3,0,2,0,177.8,170.18,185.42,172.72,28,29,4.22,3.39,0.46,0.4,2.1,0.6,1.65,1.4,0.34,0.5,Orthodox,Southpaw,13,3
2020-05-30,Chris Gutierrez,Vince Morales,Red,Featherweight,MALE,3,2,0,2,1,0,1,2,1,1,2,8,9,0,0,0,0,0,0,175.26,170.18,170.18,177.8,29,29,3.65,4.84,0.55,0.39,0.0,0.0,0.38,0.0,0.33,0.0,Orthodox,Orthodox,3,3
2020-05-16,Dan Ige,Edson Barboza,Red,Featherweight,MALE,3,6,0,6,4,0,3,6,14,1,9,14,55,0,0,0,0,0,0,170.18,180.34,180.34,190.5,28,34,4.12,4.08,0.48,0.43,0.7,0.1,2.15,0.46,0.34,0.44,Orthodox,Orthodox,7,23
2020-05-16,Krzysztof Jotko,Eryk Anders,Red,Middleweight,MALE,3,3,0,5,2,0,1,9,5,4,5,32,25,0,0,0,0,0,0,185.42,185.42,195.58,190.5,30,33,2.98,3.02,0.45,0.45,0.1,0.1,1.27,1.34,0.35,0.34,Southpaw,Southpaw,13,10
2020-05-16,Song Yadong,Marlon Vera,Red,Featherweight,MALE,3,5,0,4,5,0,1,5,9,0,5,10,31,0,0,0,0,0,0,172.72,172.72,170.18,177.8,22,27,4.32,3.7,0.42,0.48,0.5,1.3,0.73,0.88,0.75,0.42,Orthodox,Switch,5,14
2020-05-16,Miguel Baeza,Matt Brown,Red,Welterweight,MALE,3,2,0,2,7,0,1,2,15,0,11,2,56,0,0,0,0,0,0,187.96,182.88,187.96,190.5,27,39,4.78,3.81,0.56,0.54,1.1,1.5,0.54,1.6,0.33,0.47,Orthodox,Orthodox,2,26
2020-05-16,Kevin Holland,Anthony Hernandez,Red,Middleweight,MALE,3,1,0,3,1,0,1,4,1,2,2,14,4,0,0,0,0,0,0,190.5,182.88,205.74,190.5,27,26,4.29,5.03,0.55,0.53,1.1,0.9,1.26,5.27,0.43,0.66,Orthodox,Orthodox,6,3
2020-05-16,Nate Landwehr,Darren Elkins,Red,Featherweight,MALE,3,1,0,1,6,0,4,1,14,1,8,1,54,0,0,0,0,0,0,175.26,177.8,182.88,180.34,31,36,6.89,3.54,0.5,0.37,0.0,1.2,0.0,2.43,0.0,0.33,Orthodox,Orthodox,2,22
2020-05-13,Anthony Smith,Glover Teixeira,Blue,Light Heavyweight,MALE,5,1,3,3,8,0,0,10,16,6,6,37,46,1,1,6,7,3,6,193.04,187.96,193.04,193.04,31,40,3.06,3.41,0.47,0.44,0.8,1.0,0.41,2.0,0.26,0.38,Orthodox,Orthodox,16,22
2020-05-13,Alexander Hernandez,Drew Dober,Blue,Lightweight,MALE,3,1,2,2,3,0,0,3,9,1,5,9,28,0,0,1,5,0,1,175.26,172.72,182.88,177.8,27,31,3.07,4.51,0.41,0.4,0.0,0.1,1.52,0.95,0.3,0.17,Orthodox,Southpaw,4,14
2020-05-13,Ricky Simon,Ray Borg,Red,Bantamweight,MALE,3,0,2,3,3,2,0,3,7,2,4,13,33,0,1,1,0,0,2,167.64,162.56,175.26,160.02,27,26,2.96,1.36,0.4,0.52,0.2,1.1,6.53,4.26,0.49,0.51,Orthodox,Orthodox,5,11
2020-05-13,Michael Johnson,Thiago Moises,Blue,Lightweight,MALE,3,0,0,4,1,2,1,11,1,11,2,56,9,1,0,4,0,0,0,177.8,175.26,185.42,177.8,33,25,4.22,2.96,0.37,0.45,0.1,1.5,0.52,1.22,0.45,0.36,Southpaw,Orthodox,22,3
2020-05-09,Vicente Luque,Niko Price,Red,Welterweight,MALE,3,0,1,6,2,1,0,10,6,3,3,25,15,0,0,6,4,3,2,180.34,182.88,190.5,193.04,30,28,5.18,3.06,0.53,0.34,1.0,1.3,0.82,1.08,0.5,0.23,Orthodox,Orthodox,13,9
2020-05-09,Bryce Mitchell,Charles Rosa,Red,Featherweight,MALE,3,3,1,3,1,0,0,3,3,0,3,7,16,0,0,0,0,1,2,177.8,175.26,177.8,175.26,25,33,1.78,3.79,0.5,0.36,1.8,1.2,1.75,2.82,0.28,0.34,Southpaw,Switch,3,6
2020-05-09,Ryan Spann,Sam Alvey,Red,Light Heavyweight,MALE,3,3,0,3,4,0,3,3,10,0,8,6,38,0,0,1,5,1,1,195.58,187.96,200.66,190.5,28,34,3.26,3.05,0.43,0.44,2.4,0.1,0.6,0.09,0.33,0.16,Orthodox,Southpaw,3,18
2020-05-09,Anthony Pettis,Donald Cerrone,Red,Welterweight,MALE,3,0,0,5,8,2,3,14,29,10,14,60,97,4,0,4,10,7,10,177.8,185.42,182.88,185.42,33,37,2.97,4.33,0.46,0.46,1.2,1.3,0.67,1.21,0.54,0.36,Orthodox,Orthodox,24,43
2020-05-09,Uriah Hall,Jacare Souza,Red,Middleweight,MALE,3,2,0,3,8,0,2,8,19,7,7,32,61,0,0,6,5,0,10,182.88,185.42,200.66,182.88,35,40,3.31,2.54,0.5,0.46,0.2,1.4,0.75,2.46,0.38,0.38,Orthodox,Orthodox,15,26
2020-05-09,Tony Ferguson,Justin Gaethje,Blue,Lightweight,MALE,5,12,3,12,3,0,0,15,4,1,2,35,12,1,0,5,4,6,0,180.34,180.34,193.04,177.8,36,31,5.81,8.57,0.45,0.55,1.4,0.0,0.56,0.0,0.42,0.0,Orthodox,Orthodox,16,6
2020-05-09,Henry Cejudo,Dominick Cruz,Red,Bantamweight,MALE,5,5,0,5,12,0,1,9,12,2,2,30,51,4,5,3,2,0,0,162.56,172.72,162.56,172.72,33,35,3.82,3.53,0.44,0.31,0.2,0.1,2.16,3.17,0.35,0.5,Orthodox,Orthodox,11,14
2020-05-09,Jeremy Stephens,Calvin Kattar,Blue,Featherweight,MALE,3,0,0,3,2,3,1,15,4,16,2,82,14,0,0,8,3,0,0,175.26,180.34,180.34,182.88,33,32,3.09,5.12,0.4,0.41,0.4,0.0,1.18,0.47,0.38,0.33,Orthodox,Orthodox,31,6
2020-03-14,Kevin Lee,Charles Oliveira,Blue,Lightweight,MALE,5,1,6,5,6,0,0,11,16,5,8,41,45,1,0,3,2,4,13,175.26,177.8,195.58,187.96,27,30,3.9,3.21,0.42,0.5,0.9,2.8,3.23,2.77,0.42,0.42,Orthodox,Orthodox,16,24
2020-03-14,Demian Maia,Gilbert Burns,Blue,Welterweight,MALE,3,3,4,7,4,0,0,22,10,9,3,85,30,2,0,1,2,11,4,185.42,177.8,182.88,180.34,42,33,1.82,3.09,0.43,0.43,1.0,0.7,2.49,2.43,0.25,0.38,Southpaw,Orthodox,31,13
2020-03-14,Renato Moicano,Damir Hadzovic,Red,Lightweight,MALE,3,0,0,3,2,2,1,5,3,3,3,18,15,0,0,0,2,2,0,180.34,175.26,182.88,177.8,30,33,5.53,3.0,0.46,0.46,0.4,0.2,1.16,0.68,0.54,0.6,Orthodox,Orthodox,8,6
2020-03-14,Johnny Walker,Nikita Krylov,Blue,Light Heavyweight,MALE,3,0,0,3,5,1,1,3,7,1,5,4,20,0,0,3,3,0,4,198.12,190.5,208.28,195.58,27,28,5.17,4.86,0.69,0.57,2.3,1.9,0.75,1.06,1.0,0.38,Orthodox,Orthodox,4,12
2020-03-14,Francisco Trinaldo,John Makdessi,Red,Lightweight,MALE,3,1,3,7,3,0,0,14,10,6,6,50,39,0,0,4,3,2,0,175.26,172.72,177.8,172.72,41,34,3.09,5.43,0.44,0.5,0.5,0.0,1.08,0.0,0.45,0.0,Southpaw,Orthodox,20,16
2020-03-14,Elizeu Dos Santos,Aleksei Kunchenko,Red,Welterweight,MALE,3,0,0,7,2,1,1,7,2,2,1,22,9,0,0,3,0,1,0,180.34,172.72,185.42,177.8,33,35,4.18,3.62,0.39,0.42,0.6,0.0,0.45,0.33,0.14,0.33,Orthodox,Orthodox,9,3
2020-03-07,Israel Adesanya,Yoel Romero,Red,Middleweight,MALE,5,7,0,7,8,0,2,7,9,0,4,21,40,2,2,3,7,0,0,193.04,182.88,203.2,185.42,30,42,4.46,3.71,0.5,0.49,0.4,0.0,0.0,1.79,0.0,0.31,Switch,Southpaw,7,13
2020-03-07,Beneil Dariush,Drakkar Klose,Red,Lightweight,MALE,3,3,3,5,3,0,0,11,5,4,1,33,18,0,0,1,0,5,0,177.8,175.26,182.88,177.8,30,31,3.95,3.98,0.49,0.52,0.9,0.0,1.77,1.67,0.34,0.3,Southpaw,Orthodox,15,6
2020-03-07,Neil Magny,Li Jingliang,Red,Welterweight,MALE,3,0,3,7,4,1,0,14,9,6,3,52,29,0,0,5,6,1,0,190.5,182.88,203.2,180.34,32,31,3.86,4.9,0.46,0.43,0.3,0.0,2.62,1.24,0.46,0.36,Orthodox,Orthodox,20,12
2020-03-07,Alex Oliveira,Max Griffin,Red,Welterweight,MALE,3,0,0,3,1,3,1,9,3,6,5,36,22,0,0,4,1,3,0,180.34,180.34,193.04,193.04,32,34,2.9,4.22,0.5,0.49,0.7,0.6,2.86,1.89,0.39,0.54,Orthodox,Orthodox,15,8
2020-03-07,Sean O'Malley,Jose Quinonez,Red,Bantamweight,MALE,3,2,1,2,4,0,0,2,5,0,2,6,18,0,0,0,0,0,1,180.34,172.72,182.88,175.26,25,29,6.75,3.49,0.56,0.47,1.3,0.7,1.31,2.64,0.5,0.45,Switch,Orthodox,2,7
2020-03-07,Gerald Meerschaert,Deron Winn,Red,Middleweight,MALE,3,0,0,2,1,1,1,5,1,4,1,18,6,0,0,1,0,4,0,185.42,167.64,195.58,177.8,32,30,2.73,6.6,0.42,0.47,1.8,0.0,2.56,3.0,0.41,0.33,Southpaw,Orthodox,9,2
2020-02-29,Ion Cutelaba,Magomed Ankalaev,Blue,Light Heavyweight,MALE,3,1,3,2,3,0,0,4,3,3,1,14,10,0,0,3,2,0,0,185.42,190.5,190.5,190.5,26,27,5.27,3.32,0.39,0.56,0.0,0.0,2.62,0.69,0.71,0.33,Southpaw,Orthodox,7,4
2020-02-22,Paul Felder,Dan Hooker,Blue,Lightweight,MALE,5,2,2,3,4,0,0,9,9,4,4,33,29,0,0,4,6,1,2,180.34,182.88,177.8,190.5,35,30,3.55,4.73,0.43,0.44,0.3,0.4,0.29,0.4,0.27,0.33,Orthodox,Switch,13,13
2020-02-22,Jim Crute,Michal Oleksiejczuk,Red,Light Heavyweight,MALE,3,0,0,2,2,1,1,2,2,1,1,5,7,0,0,1,2,1,0,187.96,182.88,187.96,187.96,23,25,4.56,5.39,0.57,0.56,2.3,0.0,0.58,1.2,1.0,0.66,Orthodox,Southpaw,3,3
2020-02-22,Kevin Aguilar,Zubaira Tukhugov,Blue,Featherweight,MALE,3,0,0,2,3,1,0,2,3,1,1,9,13,0,0,0,1,0,0,170.18,172.72,185.42,172.72,31,29,3.78,2.28,0.36,0.35,0.0,0.0,0.25,3.03,0.5,0.56,Orthodox,Orthodox,3,4
2020-02-22,Jake Matthews,Emil Meek,Red,Welterweight,MALE,3,1,0,3,1,0,2,8,1,4,2,28,9,0,0,1,0,4,0,180.34,180.34,185.42,187.96,25,31,3.07,2.24,0.46,0.38,0.8,1.3,1.99,0.33,0.38,0.5,Orthodox,Switch,12,3
2020-02-22,Callan Potter,Song Kenan,Blue,Welterweight,MALE,3,1,1,1,2,0,0,1,3,1,1,4,9,0,0,0,2,0,0,182.88,182.88,182.88,180.34,35,29,3.21,4.13,0.51,0.45,0.0,0.0,2.83,0.0,0.6,0.0,Orthodox,Orthodox,2,4
2020-02-15,Corey Anderson,Jan Blachowicz,Blue,Light Heavyweight,MALE,5,4,2,4,4,0,0,10,8,4,5,35,36,0,0,3,2,0,2,190.5,187.96,200.66,198.12,30,36,4.45,3.44,0.46,0.49,0.0,0.3,4.98,1.18,0.5,0.52,Orthodox,Orthodox,14,13
2020-02-15,Diego Sanchez,Michel Pereira,Red,Welterweight,MALE,3,0,0,9,1,1,1,21,1,12,1,83,4,1,0,6,1,2,0,177.8,185.42,182.88,185.42,38,26,2.75,2.26,0.38,0.44,0.9,0.0,1.62,1.79,0.25,0.4,Southpaw,Orthodox,33,2
2020-02-15,Lando Vannata,Yancy Medeiros,Red,Lightweight,MALE,3,0,0,1,3,1,2,2,8,4,6,19,28,0,0,1,3,1,3,175.26,177.8,180.34,190.5,27,32,4.41,3.99,0.42,0.35,0.5,0.6,1.35,0.14,0.42,0.33,Orthodox,Orthodox,6,14
2020-02-15,John Dodson,Nathaniel Wood,Red,Bantamweight,MALE,3,0,3,3,3,2,0,9,3,6,0,43,7,2,0,5,0,0,3,160.02,167.64,167.64,175.26,35,26,3.28,4.24,0.4,0.42,0.0,2.0,0.8,2.05,0.28,0.66,Orthodox,Orthodox,15,3
2020-02-15,Jim Miller,Scott Holtzman,Blue,Lightweight,MALE,3,2,1,7,3,0,0,20,6,12,3,73,26,0,0,3,2,9,1,172.72,175.26,180.34,175.26,36,36,2.78,4.36,0.4,0.5,2.0,0.2,1.77,2.37,0.42,0.58,Southpaw,Orthodox,32,9
2020-02-15,Devin Clark,Dequan Townsend,Red,Light Heavyweight,MALE,3,0,0,2,0,1,2,4,0,4,2,18,6,0,0,0,0,0,0,182.88,190.5,190.5,200.66,29,33,3.21,1.6,0.54,0.43,0.2,0.0,3.03,0.0,0.39,0.0,Orthodox,Orthodox,8,2
2020-02-15,Casey Kenney,Merab Dvalishvili,Blue,Bantamweight,MALE,3,2,2,2,2,0,0,2,2,0,2,6,12,0,0,0,0,0,0,170.18,167.64,172.72,172.72,28,29,3.48,3.75,0.41,0.37,0.8,0.0,1.75,6.75,0.5,0.43,Southpaw,Orthodox,2,4
2020-02-08,Jon Jones,Dominick Reyes,Red,Light Heavyweight,MALE,5,16,6,16,6,0,0,19,6,1,0,68,10,14,0,5,3,5,1,193.04,193.04,213.36,195.58,32,30,4.31,5.03,0.57,0.52,0.5,0.4,1.9,0.39,0.46,0.16,Orthodox,Southpaw,20,6
2020-02-08,Mirsad Bektic,Dan Ige,Blue,Featherweight,MALE,3,0,4,4,4,1,0,6,4,2,1,17,11,0,0,2,1,1,1,172.72,170.18,177.8,180.34,28,28,2.88,4.15,0.42,0.49,0.4,1.0,3.38,2.73,0.53,0.34,Orthodox,Orthodox,8,5
2020-02-08,Trevin Giles,James Krause,Red,Middleweight,MALE,3,0,6,2,6,2,0,2,8,2,5,11,29,0,0,2,3,0,1,182.88,187.96,187.96,185.42,27,33,3.25,4.65,0.61,0.48,0.0,0.6,1.95,1.06,1.0,0.18,Orthodox,Orthodox,4,13
2020-02-08,Andre Ewell,Jonathan Martinez,Red,Bantamweight,MALE,3,0,2,1,2,1,0,2,2,2,1,12,9,0,0,0,1,0,0,172.72,172.72,190.5,177.8,32,25,3.32,3.42,0.39,0.48,0.0,0.0,0.26,0.68,0.5,0.5,Southpaw,Southpaw,4,3
2020-01-25,Rafael Dos Anjos,Michael Chiesa,Blue,Welterweight,MALE,3,0,2,5,3,1,0,18,9,10,4,83,27,4,0,4,0,4,6,172.72,185.42,177.8,190.5,35,32,,,0.45,0.41,0.7,1.2,1.89,3.55,0.39,0.48,Southpaw,Southpaw,28,13
2020-01-25,Arnold Allen,Nik Lentz,Red,Featherweight,MALE,3,6,0,6,4,0,1,6,14,0,7,18,61,0,0,0,3,2,2,172.72,172.72,177.8,172.72,26,35,,,0.39,0.5,0.5,1.3,1.6,3.59,0.56,0.34,Southpaw,Orthodox,6,21
2020-01-25,Montel Jackson,Felipe Colares,Red,Bantamweight,MALE,3,2,1,2,1,0,0,2,1,1,1,7,6,0,0,0,0,1,0,177.8,172.72,190.5,175.26,27,25,,,0.49,0.47,0.3,0.0,2.73,2.5,0.88,0.31,Southpaw,Orthodox,3,2
2020-01-18,Conor McGregor,Donald Cerrone,Red,Welterweight,MALE,5,0,0,7,8,1,2,9,23,2,10,24,71,4,1,7,10,0,6,175.26,185.42,187.96,185.42,31,36,,,0.48,0.46,0.0,1.3,0.75,1.21,0.62,0.36,Southpaw,Orthodox,11,33
2020-01-18,Anthony Pettis,Diego Ferreira,Blue,Lightweight,MALE,3,0,5,5,5,1,0,9,7,8,2,43,19,4,0,3,3,4,1,177.8,175.26,182.88,187.96,32,34,,,0.46,0.36,1.2,0.9,0.69,0.57,0.54,0.2,Orthodox,Orthodox,17,9
2020-01-18,Andre Fili,Sodiq Yusuff,Blue,Featherweight,MALE,3,2,3,2,3,0,0,8,3,5,0,31,5,0,0,2,2,0,0,180.34,175.26,187.96,180.34,29,26,,,0.37,0.49,0.2,0.0,2.44,0.0,0.46,0.0,Orthodox,Orthodox,13,3
2020-01-18,Drew Dober,Nasrat Haqparast,Red,Lightweight,MALE,3,1,3,3,3,0,0,8,3,5,1,27,11,0,0,4,1,1,0,172.72,177.8,177.8,182.88,31,24,,,0.39,0.46,0.1,0.0,0.96,0.3,0.17,0.25,Southpaw,Southpaw,13,4
2019-12-21,Frankie Edgar,Chan Sung Jung,Blue,Featherweight,MALE,5,0,1,5,3,1,0,16,5,7,2,88,18,8,1,4,3,2,1,167.64,170.18,172.72,182.88,38,32,,,0.399,0.397,0.35,0.64,2.36,0.81,0.319,0.417,Orthodox,Orthodox,23,7
2019-12-21,Volkan Oezdemir,Aleksandar Rakic,Red,Light Heavyweight,MALE,3,1,4,3,4,0,0,4,4,3,0,15,8,1,0,3,2,0,0,193.04,193.04,190.5,198.12,30,27,,,0.464,0.529,0.0,0.0,0.48,1.29,0.222,0.6,Orthodox,Orthodox,7,4
2019-12-21,Kyung Ho Kang,Liu Pingyuan,Red,Bantamweight,MALE,3,2,0,3,2,0,1,5,2,2,1,20,9,0,0,0,0,2,0,175.26,167.64,185.42,182.88,32,26,,,0.44,0.317,1.23,1.37,2.46,0.34,0.64,0.2,Orthodox,Orthodox,7,3
2019-12-21,Raoni Barcelos,Said Nurmagomedov,Red,Bantamweight,MALE,3,3,2,3,2,0,0,3,2,0,0,7,4,0,0,2,1,1,0,170.18,172.72,170.18,177.8,32,27,,,0.53,0.599,0.98,0.0,2.46,0.86,0.714,0.091,Orthodox,Orthodox,3,2
2019-12-14,Kamaru Usman,Colby Covington,Red,Welterweight,MALE,5,10,7,10,7,0,0,10,10,0,1,33,33,1,0,1,2,1,2,182.88,180.34,182.88,182.88,32,31,,,0.541,0.376,0.19,0.2,3.96,5.69,0.506,0.518,Switch,Orthodox,10,11
2019-12-14,Max Holloway,Alexander Volkanovski,Blue,Featherweight,MALE,5,1,7,13,7,0,0,17,7,4,0,60,18,4,0,8,3,2,0,180.34,167.64,175.26,181.61,28,31,,,0.45,0.59,0.42,0.52,0.26,2.78,0.833,0.381,Orthodox,Orthodox,21,7
2019-12-14,Marlon Moraes,Jose Aldo,Red,Bantamweight,MALE,3,0,0,4,7,1,1,4,10,2,4,12,48,1,10,2,4,0,0,167.64,170.18,170.18,177.8,31,33,,,0.381,0.445,0.6,0.16,0.3,0.67,0.167,0.65,Orthodox,Orthodox,6,14
2019-12-14,Peter Yan,Urijah Faber,Red,Bantamweight,MALE,3,5,2,5,4,0,0,5,11,0,6,12,51,0,3,2,1,0,6,170.18,167.64,170.18,170.18,26,40,,,0.459,0.413,0.26,0.88,1.54,1.59,0.462,0.312,Switch,Orthodox,5,17
2019-12-14,Geoff Neal,Mike Perry,Red,Welterweight,MALE,3,4,0,4,2,0,1,4,6,0,5,8,26,0,0,2,4,1,0,180.34,177.8,190.5,180.34,29,28,,,0.489,0.474,0.44,0.0,0.89,0.62,0.5,0.417,Southpaw,Orthodox,4,11
2019-12-14,Ian Heinisch,Omari Akhmedov,Blue,Middleweight,MALE,3,0,2,2,2,1,0,2,7,1,3,9,29,0,0,0,2,0,0,180.34,182.88,182.88,185.42,31,32,,,0.505,0.342,0.62,0.23,0.62,2.45,0.125,0.5,Orthodox,Orthodox,3,10
2019-12-14,Matt Brown,Ben Saunders,Red,Welterweight,MALE,3,1,0,7,3,0,4,14,9,10,9,54,35,0,0,10,4,2,2,182.88,187.96,190.5,196.85,38,36,,,0.54,0.502,1.64,0.96,1.57,0.21,0.46,0.4,Orthodox,Orthodox,24,18
2019-12-07,Rob Font,Ricky Simon,Red,Bantamweight,MALE,3,1,0,2,3,0,1,6,3,3,1,18,10,0,0,4,0,1,2,172.72,167.64,181.61,175.26,32,27,,,0.405,0.412,0.92,0.25,1.29,6.66,,,Orthodox,Orthodox,9,4
2019-12-07,Thiago Alves,Tim Means,Blue,Welterweight,MALE,3,0,0,7,4,1,1,12,10,11,8,64,42,1,0,7,7,1,1,175.26,187.96,177.8,190.5,36,35,,,0.417,0.456,0.31,0.16,0.71,0.88,,,Orthodox,Orthodox,23,18
2019-12-07,Bryce Mitchell,Matt Sayles,Red,Featherweight,MALE,3,2,1,2,1,0,0,2,1,0,1,6,6,0,0,0,0,0,1,177.8,170.18,177.8,173.99,25,25,,,0.48,0.42,1.5,0.5,1.5,0.0,,,Southpaw,Orthodox,2,2
2019-11-16,Jan Blachowicz,Jacare Souza,Red,Light Heavyweight,MALE,5,1,0,4,5,0,1,7,9,5,4,36,25,0,0,2,4,2,4,187.96,185.42,198.12,182.88,36,40,,,0.49,0.46,0.3,1.4,1.18,2.46,0.52,0.38,Orthodox,Orthodox,12,13
2019-11-16,Charles Oliveira,Jared Gordon,Red,Lightweight,MALE,3,5,1,5,2,0,0,15,3,8,3,45,13,0,0,1,1,13,0,177.8,175.26,187.96,172.72,30,31,,,0.5,0.54,2.8,0.0,2.77,2.98,0.42,0.39,Orthodox,Orthodox,23,6
2019-11-16,Sergio Moraes,James Krause,Blue,Welterweight,MALE,3,0,5,4,5,2,0,8,7,4,3,34,26,1,0,1,2,3,2,182.88,187.96,182.88,185.42,37,33,,,0.42,0.48,0.4,0.6,1.2,1.06,0.38,0.18,Orthodox,Orthodox,12,10
2019-11-16,Francisco Trinaldo,Bobby Green,Red,Lightweight,MALE,3,0,0,7,4,1,1,13,5,6,4,50,26,0,0,4,1,2,1,175.26,177.8,177.8,180.34,41,33,,,0.44,0.49,0.5,0.3,1.08,1.12,0.45,0.29,Southpaw,Orthodox,19,9
2019-11-16,Warlley Alves,Randy Brown,Blue,Welterweight,MALE,3,1,1,4,2,0,0,7,5,3,3,25,21,0,0,2,2,3,1,180.34,190.5,182.88,198.12,29,29,,,0.46,0.47,1.0,0.6,1.39,0.95,0.52,0.46,Orthodox,Orthodox,10,8
2019-11-16,Douglas Silva de Andrade,Renan Barao,Red,Featherweight,MALE,3,0,0,2,7,1,4,3,9,3,7,16,48,0,6,1,2,0,3,170.18,167.64,172.72,177.8,34,32,,,0.38,0.36,0.0,0.5,0.65,1.49,0.5,0.41,Orthodox,Orthodox,6,16
2019-11-09,Zabit Magomedsharipov,Calvin Kattar,Red,Featherweight,MALE,5,5,2,5,2,0,0,5,4,0,1,13,11,0,0,0,3,3,0,185.42,180.34,185.42,182.88,28,31,,,0.48,0.41,0.8,0.0,5.22,0.47,0.56,0.33,Orthodox,Orthodox,5,5
2019-11-09,Ramazan Emeev,Rocco Martin,Blue,Welterweight,MALE,3,3,0,3,4,0,1,3,8,0,5,9,35,0,0,0,1,0,3,177.8,182.88,193.04,185.42,32,30,,,0.43,0.36,0.2,1.1,1.5,0.68,0.22,0.25,Southpaw,Orthodox,3,13
2019-11-09,Alexander Yakovlev,Roosevelt Roberts,Blue,Lightweight,MALE,3,1,0,2,2,0,1,3,2,4,1,17,7,0,0,1,0,1,1,190.5,187.96,187.96,185.42,35,25,,,0.47,0.46,0.2,0.5,1.56,1.84,0.33,0.63,Southpaw,Orthodox,7,3
2019-11-02,Jorge Masvidal,Nate Diaz,Red,Welterweight,MALE,5,2,1,3,5,0,0,11,15,6,9,44,60,0,1,6,1,1,9,180.34,182.88,187.96,193.04,35,34,,,0.47,0.45,0.4,1.4,1.7,1.19,0.59,0.3,Orthodox,Southpaw,17,24
2019-11-02,Kelvin Gastelum,Darren Till,Blue,Middleweight,MALE,3,0,0,5,4,1,2,10,5,4,2,41,21,1,0,3,2,2,0,175.26,182.88,180.34,187.96,28,27,,,0.43,0.46,0.1,0.0,0.8,0.66,0.35,0.41,Southpaw,Southpaw,14,7
2019-11-02,Stephen Thompson,Vicente Luque,Red,Welterweight,MALE,3,0,6,7,6,2,0,9,10,4,2,40,22,2,0,5,5,0,3,182.88,180.34,190.5,190.5,36,28,,,0.44,0.53,0.0,1.0,0.36,0.82,0.45,0.5,Orthodox,Orthodox,13,12
2019-11-02,Kevin Lee,Gregor Gillespie,Red,Lightweight,MALE,3,0,6,5,6,2,0,10,6,2,0,40,11,1,0,2,3,4,2,175.26,170.18,195.58,180.34,27,23,,,0.42,0.49,0.9,0.9,3.23,7.02,0.42,0.47,Orthodox,Orthodox,12,6
2019-11-02,Corey Anderson,Johnny Walker,Red,Light Heavyweight,MALE,3,3,3,3,3,0,0,9,3,4,0,34,3,0,0,2,3,0,0,190.5,198.12,200.66,208.28,30,27,,,0.46,0.69,0.0,2.3,4.98,0.75,0.5,1.0,Orthodox,Orthodox,13,3
2019-11-02,Shane Burgos,Makwan Amirkhani,Red,Featherweight,MALE,3,2,2,3,3,0,0,5,5,1,1,16,13,0,0,1,1,1,2,180.34,177.8,190.5,182.88,28,31,,,0.5,0.47,0.2,1.5,0.36,3.39,1.0,0.34,Orthodox,Southpaw,6,6
2019-11-02,Brad Tavares,Edmen Shahbazyan,Blue,Middleweight,MALE,3,0,3,5,3,1,0,12,3,5,0,48,5,0,0,2,1,0,1,185.42,187.96,187.96,187.96,31,21,,,0.4,0.52,0.0,0.8,1.03,6.77,0.27,0.4,Orthodox,Orthodox,17,3
2019-11-02,Lyman Good,Chance Rencountre,Red,Welterweight,MALE,3,0,2,1,2,1,0,2,2,2,1,7,7,0,0,2,0,0,1,182.88,187.96,187.96,190.5,34,32,,,0.49,0.2,0.0,0.3,0.38,1.35,1.0,0.26,Orthodox,Southpaw,4,3
2019-11-02,Julio Arce,Hakeem Dawodu,Blue,Featherweight,MALE,3,1,3,2,3,0,0,3,3,1,1,12,10,0,0,1,1,1,0,170.18,172.72,177.8,185.42,30,28,,,0.36,0.46,0.6,0.0,0.58,0.0,0.3,0.0,Southpaw,Orthodox,4,4
2019-10-26,Demian Maia,Ben Askren,Red,Welterweight,MALE,5,2,0,7,1,0,1,21,1,9,1,85,2,2,0,1,0,10,0,185.42,180.34,182.88,185.42,41,35,,,0.43,0.49,1.0,0.9,2.49,4.33,0.25,0.55,Southpaw,Orthodox,30,2
2019-10-26,Michael Johnson,Stevie Ray,Blue,Lightweight,MALE,3,0,0,4,3,1,1,11,6,10,4,53,23,0,0,4,2,0,0,177.8,177.8,185.42,177.8,33,29,,,0.37,0.44,0.1,0.6,0.52,0.75,0.45,0.46,Southpaw,Southpaw,21,10
2019-10-26,Frank Camacho,Beneil Dariush,Blue,Lightweight,MALE,3,1,2,1,5,0,0,2,10,3,4,13,32,0,0,1,1,0,4,177.8,177.8,185.42,182.88,30,30,,,0.46,0.49,0.0,0.9,1.18,1.77,0.45,0.34,Orthodox,Southpaw,5,14
2019-10-26,Muslim Salikhov,Laureano Staropoli,Red,Welterweight,MALE,3,2,2,2,2,0,0,2,2,1,0,5,6,0,0,2,0,0,0,180.34,185.42,177.8,180.34,35,26,2.92,4.29,0.46,0.31,0.0,0.0,1.22,0.33,0.42,0.25,Orthodox,Orthodox,3,2
2019-10-18,Yair Rodriguez,Jeremy Stephens,Red,Featherweight,MALE,3,1,0,6,3,0,2,7,15,1,15,26,80,0,0,3,8,0,0,180.34,175.26,180.34,180.34,27,33,4.33,3.09,0.45,0.4,0.9,0.4,0.9,1.18,0.29,0.38,Orthodox,Orthodox,8,30
2019-10-18,Dominick Reyes,Chris Weidman,Red,Light Heavyweight,MALE,5,5,0,5,9,0,1,5,10,0,4,9,35,0,5,2,4,1,3,193.04,187.96,195.58,198.12,29,35,5.03,3.14,0.52,0.42,0.4,1.0,0.39,3.82,0.16,0.5,Southpaw,Orthodox,5,14
2019-10-18,Charles Rosa,Manny Bermudez,Red,Featherweight,MALE,3,0,0,1,3,1,1,2,3,3,1,15,7,0,0,0,0,1,3,175.26,177.8,175.26,180.34,33,25,3.79,2.92,0.36,0.61,1.2,3.1,2.82,3.06,0.34,0.54,Switch,Orthodox,5,4
2019-10-12,Niko Price,James Vick,Red,Welterweight,MALE,3,0,0,2,5,1,3,5,9,3,4,14,26,0,0,3,2,2,3,182.88,190.5,193.04,193.04,30,32,3.06,4.13,0.34,0.39,1.3,0.7,1.08,0.26,0.23,0.33,Orthodox,Orthodox,8,13
2019-10-12,Matt Frevola,Luis Pena,Red,Lightweight,MALE,3,1,2,1,2,0,0,1,3,1,1,7,10,0,0,0,1,0,1,175.26,190.5,180.34,185.42,29,26,3.19,3.7,0.39,0.45,1.4,1.0,3.3,1.25,0.4,0.31,Orthodox,Southpaw,2,4
2019-10-12,Eryk Anders,Gerald Meerschaert,Red,Middleweight,MALE,3,1,1,2,2,0,0,4,5,4,3,22,15,0,0,3,1,0,4,185.42,185.42,190.5,195.58,32,31,3.06,2.73,0.45,0.42,0.1,1.8,1.51,2.56,0.4,0.41,Southpaw,Southpaw,8,8
2019-10-12,Ryan Spann,Devin Clark,Red,Light Heavyweight,MALE,3,2,1,2,2,0,0,2,4,0,3,4,16,0,0,1,0,0,0,195.58,182.88,200.66,190.5,28,29,3.26,3.21,0.43,0.54,2.4,0.2,0.6,3.03,0.33,0.39,Orthodox,Orthodox,2,7
2019-10-12,Max Griffin,Alex Morono,Blue,Welterweight,MALE,3,1,2,1,2,0,0,3,5,4,2,19,19,0,0,1,1,0,1,180.34,180.34,193.04,182.88,33,29,4.22,4.42,0.49,0.39,0.6,0.6,1.89,0.0,0.54,0.0,Orthodox,Orthodox,7,7
2019-10-12,Marlon Vera,Andre Ewell,Red,Bantamweight,MALE,3,4,1,4,1,0,0,8,2,4,1,28,9,0,0,3,0,4,0,172.72,172.72,177.8,190.5,26,31,3.43,3.32,0.47,0.39,1.4,0.0,0.76,0.26,0.38,0.5,Switch,Southpaw,12,3
2019-10-12,Marvin Vettori,Andrew Sanchez,Red,Middleweight,MALE,3,1,2,1,2,0,0,3,4,2,2,16,18,0,0,0,0,1,0,182.88,185.42,187.96,187.96,26,31,4.05,4.49,0.41,0.43,0.6,0.0,1.43,2.25,0.45,0.33,Southpaw,Orthodox,5,6
2019-10-05,Robert Whittaker,Israel Adesanya,Blue,Middleweight,MALE,5,9,6,9,6,0,0,11,6,2,0,35,19,1,1,5,2,0,0,182.88,193.04,185.42,203.2,28,30,4.77,4.46,0.39,0.5,0.0,0.4,0.36,0.0,0.57,0.0,Orthodox,Switch,13,6
2019-10-05,Al Iaquinta,Dan Hooker,Blue,Lightweight,MALE,3,0,1,5,4,1,0,9,8,4,4,38,24,1,0,4,6,0,2,177.8,182.88,177.8,190.5,32,29,4.06,4.73,0.4,0.44,0.2,0.4,0.64,0.4,0.18,0.33,Orthodox,Switch,13,12
2019-10-05,Luke Jumeau,Dhiego Lima,Blue,Welterweight,MALE,3,1,2,1,2,0,0,2,3,1,5,9,15,0,0,0,1,0,0,180.34,187.96,182.88,190.5,31,30,2.93,2.84,0.43,0.4,0.0,0.8,0.25,1.66,1.0,0.44,Orthodox,Orthodox,3,8
2019-09-28,Jack Hermansson,Jared Cannonier,Blue,Middleweight,MALE,5,4,2,4,2,0,0,7,5,2,4,18,18,0,0,3,4,2,0,185.42,180.34,195.58,195.58,31,35,5.13,3.72,0.48,0.51,0.7,0.0,2.23,0.18,0.36,0.33,Orthodox,Switch,9,9
2019-09-28,Gunnar Nelson,Gilbert Burns,Blue,Welterweight,MALE,3,0,3,4,3,1,0,8,9,4,3,26,27,0,0,0,2,7,4,180.34,177.8,182.88,180.34,31,33,1.71,3.09,0.57,0.43,0.9,0.7,1.72,2.43,0.55,0.38,Switch,Orthodox,12,12
2019-09-28,Ion Cutelaba,Khalil Rountree Jr.,Red,Light Heavyweight,MALE,3,0,1,2,2,1,0,3,4,3,3,13,14,0,0,2,3,1,0,185.42,185.42,190.5,193.04,25,29,5.27,3.01,0.39,0.4,0.0,0.2,2.62,0.0,0.71,0.0,Southpaw,Southpaw,6,7
2019-09-28,Michal Oleksiejczuk,Ovince Saint Preux,Blue,Light Heavyweight,MALE,3,2,0,2,5,0,2,2,17,0,9,5,60,0,1,2,8,0,4,182.88,190.5,187.96,203.2,24,36,5.39,2.59,0.56,0.46,0.0,0.6,1.2,1.34,0.66,0.4,Southpaw,Southpaw,2,26
2019-09-28,Nicolas Dalby,Alex Oliveira,Red,Welterweight,MALE,3,0,0,1,4,2,2,1,9,2,5,12,33,0,0,0,4,0,3,180.34,180.34,187.96,193.04,34,31,3.03,2.25,0.38,0.46,0.0,0.7,1.8,2.86,0.45,0.39,Orthodox,Orthodox,3,14
2019-09-28,Marc Diakiese,Lando Vannata,Red,Lightweight,MALE,3,1,1,3,1,0,0,4,2,3,3,18,16,0,0,2,1,0,1,177.8,175.26,185.42,180.34,26,27,2.86,4.41,0.37,0.42,0.0,0.5,2.5,1.35,0.4,0.42,Orthodox,Orthodox,7,5
2019-09-21,Martin Bravo,Steven Peterson,Blue,Featherweight,MALE,3,0,0,1,1,2,2,1,1,2,3,6,12,0,0,1,0,0,0,172.72,177.8,180.34,177.8,26,29,7.66,4.65,0.39,0.35,0.0,0.4,2.6,2.02,0.35,0.28,Southpaw,Orthodox,3,4
2019-09-21,Marco Polo Reyes,Kyle Nelson,Blue,Featherweight,MALE,3,0,0,3,0,2,2,4,0,3,2,12,5,0,0,3,0,0,0,180.34,180.34,180.34,180.34,34,28,6.0,2.73,0.37,0.36,0.0,2.8,0.0,1.41,0.0,0.16,Orthodox,Switch,7,2
2019-09-21,Vinicius Moreira,Paul Craig,Blue,Light Heavyweight,MALE,3,0,0,0,1,2,1,0,3,2,4,2,14,0,0,0,0,0,3,193.04,190.5,193.04,193.04,30,31,2.79,2.33,0.6,0.48,1.7,1.5,2.61,1.65,0.18,0.21,Orthodox,Orthodox,2,7
2019-09-14,Donald Cerrone,Justin Gaethje,Blue,Lightweight,MALE,5,0,2,8,2,1,0,29,3,12,2,95,11,1,0,10,3,10,0,185.42,180.34,185.42,177.8,36,30,4.33,8.57,0.46,0.55,1.3,0.0,1.21,0.0,0.36,0.0,Orthodox,Orthodox,41,5
2019-09-14,Glover Teixeira,Nikita Krylov,Red,Light Heavyweight,MALE,3,2,1,8,5,0,0,15,7,6,2,43,17,1,0,7,3,6,4,187.96,190.5,193.04,195.58,39,27,3.41,4.86,0.44,0.57,1.0,1.9,2.0,1.06,0.38,0.38,Orthodox,Orthodox,21,9
2019-09-14,Uriah Hall,Antonio Carlos Junior,Red,Middleweight,MALE,3,1,0,3,5,0,1,7,7,7,3,29,26,0,0,6,0,0,5,182.88,187.96,200.66,200.66,35,29,3.31,1.91,0.5,0.44,0.2,0.9,0.75,3.7,0.38,0.44,Orthodox,Orthodox,14,10
2019-09-14,Misha Cirkunov,Jimmy Crute,Red,Light Heavyweight,MALE,3,0,2,4,2,1,0,5,2,3,0,11,4,0,0,1,1,4,1,190.5,187.96,195.58,187.96,32,23,4.18,4.56,0.52,0.57,2.4,2.3,4.42,0.58,0.57,1.0,Orthodox,Orthodox,8,2
2019-09-07,Khabib Nurmagomedov,Dustin Poirier,Red,Lightweight,MALE,5,11,5,11,5,0,0,11,18,0,5,33,54,2,1,2,9,3,3,177.8,175.26,177.8,182.88,30,30,4.11,5.51,0.49,0.49,0.7,1.2,5.35,1.55,0.47,0.37,Orthodox,Southpaw,11,23
2019-09-07,Edson Barboza,Paul Felder,Blue,Lightweight,MALE,3,0,1,4,3,1,0,14,8,7,4,52,30,0,0,6,4,0,1,180.34,180.34,190.5,177.8,33,35,4.01,3.55,0.43,0.43,0.1,0.3,0.49,0.29,0.44,0.27,Orthodox,Orthodox,21,12
2019-09-07,Islam Makhachev,Davi Ramos,Red,Lightweight,MALE,3,5,4,5,4,0,0,6,4,1,1,13,11,0,0,1,0,2,3,177.8,167.64,177.8,177.8,27,32,2.1,2.74,0.56,0.39,0.8,0.7,3.4,2.42,0.68,0.5,Orthodox,Orthodox,7,5
2019-09-07,Mairbek Taisumov,Diego Ferreira,Blue,Lightweight,MALE,3,6,4,6,4,0,0,7,6,1,2,13,12,0,0,5,3,0,1,175.26,175.26,185.42,187.96,31,34,2.98,5.07,0.39,0.36,0.0,1.0,1.34,1.04,0.63,0.27,Orthodox,Orthodox,8,8
2019-09-07,Nordine Taleb,Muslim Salikhov,Blue,Welterweight,MALE,3,1,1,3,1,0,0,7,1,4,1,26,4,0,0,2,1,0,0,185.42,180.34,187.96,177.8,38,35,3.66,2.92,0.51,0.46,0.0,0.0,1.94,1.22,0.76,0.42,Orthodox,Orthodox,11,2
2019-09-07,Omari Akhmedov,Zak Cummings,Red,Middleweight,MALE,3,1,2,2,2,0,0,6,8,3,4,24,27,0,0,2,1,0,4,182.88,182.88,185.42,190.5,31,35,2.99,2.47,0.34,0.32,0.2,0.8,2.4,0.75,0.5,0.28,Orthodox,Southpaw,9,12
2019-08-31,Li Jingliang,Elizeu Dos Santos,Red,Welterweight,MALE,3,2,7,4,7,0,0,8,7,3,1,26,19,0,0,5,3,0,1,182.88,180.34,180.34,185.42,31,32,4.9,4.18,0.43,0.39,0.0,0.6,1.24,0.45,0.36,0.14,Orthodox,Orthodox,11,8
2019-08-31,Damir Ismagulov,Thiago Moises,Red,Lightweight,MALE,3,2,1,2,1,0,0,2,1,0,1,6,6,0,0,0,0,0,0,175.26,175.26,177.8,177.8,28,24,3.76,2.96,0.43,0.45,0.0,1.5,1.67,1.22,0.31,0.36,Orthodox,Orthodox,2,2
2019-08-17,Anthony Pettis,Nate Diaz,Blue,Welterweight,MALE,3,1,0,5,5,0,1,14,18,8,10,55,66,4,0,4,4,7,11,177.8,182.88,182.88,193.04,32,34,2.97,4.62,0.46,0.45,1.2,1.4,0.67,1.19,0.54,0.3,Orthodox,Southpaw,22,28
2019-08-17,Yoel Romero,Paulo Costa,Blue,Middleweight,MALE,3,0,4,8,4,1,0,9,4,2,0,37,7,2,0,7,4,0,0,182.88,185.42,185.42,182.88,42,28,3.71,8.43,0.49,0.57,0.0,0.0,1.79,0.0,0.31,0.0,Orthodox,Orthodox,11,4
2019-08-17,Gabriel Benitez,Sodiq Yusuff,Blue,Featherweight,MALE,3,2,2,2,2,0,0,5,2,2,0,16,4,0,0,1,1,2,0,172.72,175.26,180.34,180.34,31,26,4.32,6.1,0.41,0.49,1.5,0.3,0.21,0.0,1.0,0.0,Southpaw,Orthodox,7,2
2019-08-17,Derek Brunson,Ian Heinisch,Red,Middleweight,MALE,3,1,2,5,2,0,0,13,2,6,0,33,6,0,0,6,0,2,0,185.42,180.34,195.58,182.88,35,31,3.39,3.38,0.45,0.5,0.5,0.5,2.8,1.18,0.29,0.19,Southpaw,Orthodox,19,2
2019-08-17,Raphael Assuncao,Cory Sandhagen,Blue,Bantamweight,MALE,3,0,4,7,4,1,0,14,4,5,0,51,8,0,0,2,2,1,1,165.1,180.34,167.64,177.8,37,27,3.32,7.14,0.41,0.48,0.3,0.6,1.54,1.24,0.38,0.5,Orthodox,Switch,19,4
2019-08-17,Christos Giagos,Drakkar Klose,Blue,Lightweight,MALE,3,2,2,2,2,0,0,3,4,3,1,13,15,0,0,0,0,1,0,177.8,175.26,180.34,177.8,29,31,3.05,3.98,0.4,0.52,0.4,0.0,2.74,1.67,0.42,0.3,Orthodox,Orthodox,6,5
2019-08-17,Kyung Ho Kang,Brandon Davis,Red,Bantamweight,MALE,3,1,1,3,1,0,0,4,2,2,3,17,13,0,0,0,0,3,1,175.26,177.8,185.42,182.88,31,29,2.52,4.65,0.44,0.35,1.1,0.1,2.53,0.71,0.59,0.45,Orthodox,Orthodox,6,5
2019-08-10,Vincente Luque,Mike Perry,Red,Welterweight,MALE,3,5,1,5,2,0,0,9,6,2,4,13,23,0,0,6,4,3,0,180.34,177.8,190.5,180.34,27,27,5.18,4.27,0.53,0.47,1.0,0.0,0.82,0.61,0.5,0.41,Orthodox,Orthodox,11,10
2019-08-10,Volkan Oezdemir,Ilir Latifi,Red,Light Heavyweight,MALE,3,0,0,3,3,3,1,3,7,3,4,13,20,1,0,2,3,0,2,187.96,177.8,190.5,185.42,29,36,4.88,2.29,0.45,0.4,0.0,0.5,0.39,1.85,0.22,0.3,Orthodox,Orthodox,6,11
2019-08-10,Enrique Barzola,Bobby Moffett,Red,Featherweight,MALE,3,0,0,4,1,1,1,5,1,2,1,21,5,0,0,0,0,0,1,170.18,177.8,177.8,185.42,30,29,3.93,3.41,0.39,0.39,0.2,1.4,4.56,2.74,0.45,0.66,Orthodox,Orthodox,7,2
2019-08-10,Gilbert Burns,Aleksei Kunchenko,Red,Welterweight,MALE,3,2,2,3,2,0,0,8,2,3,0,24,6,0,0,2,0,4,0,177.8,172.72,180.34,177.8,33,35,3.09,3.62,0.43,0.42,0.7,0.0,2.43,0.33,0.38,0.33,Orthodox,Orthodox,11,2
2019-08-03,Colby Covington,Robbie Lawler,Red,Welterweight,MALE,5,6,0,6,5,0,2,9,19,1,12,28,83,1,5,2,12,2,0,180.34,180.34,182.88,187.96,31,37,4.17,3.57,0.37,0.45,0.2,0.0,4.91,0.71,0.51,0.66,Orthodox,Southpaw,10,31
2019-08-03,Jim Miller,Clay Guida,Red,Lightweight,MALE,3,1,1,7,4,0,0,19,17,12,13,73,83,0,0,3,2,9,1,172.72,170.18,180.34,177.8,35,37,2.78,2.45,0.4,0.33,2.0,0.7,1.77,3.39,0.42,0.38,Southpaw,Orthodox,31,30
2019-08-03,Joaquim Silva,Nasrat Haqparast,Blue,Lightweight,MALE,3,1,2,3,2,0,0,4,2,1,1,13,9,0,0,2,0,0,0,172.72,177.8,175.26,182.88,30,23,3.92,5.25,0.37,0.47,0.7,0.0,0.24,0.29,0.5,0.25,Southpaw,Southpaw,5,3
2019-08-03,Trevin Giles,Gerald Meerschaert,Blue,Middleweight,MALE,3,0,0,2,2,1,2,2,4,1,3,8,12,0,0,2,1,0,3,182.88,185.42,187.96,195.58,27,31,3.61,2.73,0.56,0.42,0.2,1.8,1.47,2.56,1.0,0.41,Orthodox,Southpaw,3,7
2019-08-03,Scott Holtzman,Dong Hyun Ma,Red,Lightweight,MALE,3,0,0,3,3,1,1,5,3,3,3,24,14,0,0,1,1,1,0,175.26,180.34,175.26,177.8,35,30,4.36,2.84,0.5,0.41,0.2,0.0,2.37,1.27,0.58,0.53,Orthodox,Orthodox,8,6
2019-08-03,Mickey Gall,Salim Touahri,Red,Welterweight,MALE,3,0,0,3,0,1,2,4,0,2,2,10,6,0,0,0,0,4,0,187.96,177.8,187.96,182.88,27,29,2.22,2.6,0.43,0.46,2.7,0.0,1.5,0.0,0.38,0.0,Switch,Orthodox,6,2
2019-07-27,Max Holloway,Frankie Edgar,Red,Featherweight,MALE,5,0,1,13,5,1,0,16,17,4,6,55,83,6,9,9,5,2,2,180.34,167.64,175.26,172.72,27,37,6.66,3.6,0.44,0.4,0.4,0.3,0.24,2.34,0.83,0.31,Orthodox,Orthodox,20,23
2019-07-27,Geoff Neal,Niko Price,Red,Welterweight,MALE,3,3,1,3,2,0,0,3,5,0,2,6,12,0,0,1,3,1,2,180.34,182.88,190.5,193.04,28,29,6.04,3.06,0.49,0.34,0.4,1.3,0.85,1.08,0.5,0.23,Southpaw,Orthodox,3,7
2019-07-20,Rafael Dos Anjos,Leon Edwards,Blue,Welterweight,MALE,5,1,7,5,7,0,0,18,9,9,2,78,33,3,0,4,2,4,1,172.72,187.96,177.8,187.96,34,27,3.47,2.53,0.45,0.47,0.6,0.4,1.82,1.39,0.39,0.31,Southpaw,Southpaw,27,11
2019-07-20,James Vick,Dan Hooker,Blue,Lightweight,MALE,3,0,0,5,4,2,1,9,7,3,4,25,23,0,0,2,5,3,2,190.5,182.88,193.04,190.5,32,29,4.13,4.73,0.39,0.44,0.7,0.4,0.26,0.4,0.33,0.33,Orthodox,Switch,12,11
2019-07-20,Alexander Hernandez,Francisco Trinaldo,Red,Lightweight,MALE,3,0,1,2,7,1,0,2,13,1,5,6,44,0,0,1,4,0,2,175.26,175.26,182.88,177.8,26,30,3.07,3.09,0.41,0.44,0.0,0.5,1.52,1.08,0.3,0.45,Orthodox,Southpaw,3,18
2019-07-20,Alex Caceres,Steven Peterson,Red,Featherweight,MALE,3,0,0,4,1,1,1,9,1,10,2,52,9,0,0,1,0,2,0,177.8,177.8,185.42,177.8,31,29,3.98,4.65,0.48,0.35,0.8,0.4,0.53,2.02,0.75,0.28,Southpaw,Orthodox,19,3
2019-07-13,Urijah Faber,Ricky Simon,Red,Bantamweight,MALE,3,1,3,6,3,0,0,19,3,9,0,78,9,4,0,2,1,12,0,167.64,167.64,170.18,175.26,40,26,2.65,2.96,0.4,0.4,0.8,0.2,1.54,6.53,0.3,0.49,Orthodox,Orthodox,28,3
2019-07-13,Josh Emmett,Mirsad Bektic,Red,Featherweight,MALE,3,1,2,2,4,0,0,5,6,2,1,18,16,0,0,2,2,0,1,167.64,172.72,177.8,177.8,34,28,3.63,2.59,0.36,0.41,0.2,0.5,1.5,3.32,0.45,0.47,Orthodox,Orthodox,7,7
2019-07-13,Marvin Vettori,Cezar Ferreira,Red,Middleweight,MALE,3,0,0,1,3,1,1,2,9,2,5,13,31,0,0,0,0,1,3,182.88,185.42,187.96,198.12,25,34,4.05,1.9,0.41,0.42,0.6,0.5,1.43,2.69,0.45,0.53,Southpaw,Southpaw,4,14
2019-07-13,Andre Fili,Sheymon Moraes,Red,Featherweight,MALE,3,1,0,2,2,0,1,7,2,5,2,30,12,0,0,2,0,0,0,180.34,172.72,187.96,182.88,29,28,4.0,3.0,0.37,0.42,0.2,0.0,2.49,0.0,0.45,0.0,Orthodox,Orthodox,12,4
2019-07-13,Darren Elkins,Ryan Hall,Blue,Featherweight,MALE,3,0,3,6,3,2,0,14,3,6,0,51,7,0,0,3,0,1,1,177.8,177.8,180.34,177.8,35,34,3.27,2.32,0.36,0.43,1.3,0.9,2.52,0.31,0.35,0.16,Orthodox,Orthodox,20,3
2019-07-13,Liu Pingyuan,Jonathan Martinez,Blue,Bantamweight,MALE,3,2,1,2,1,0,0,2,1,0,1,6,6,0,0,0,0,0,0,167.64,172.72,182.88,177.8,26,25,2.36,3.67,0.33,0.47,1.0,0.0,0.25,0.51,0.2,0.28,Orthodox,Southpaw,2,2
2019-07-13,Benito Lopez,Vince Morales,Red,Bantamweight,MALE,3,0,1,1,1,1,0,1,1,1,1,4,6,0,0,0,0,0,0,177.8,170.18,185.42,177.8,25,28,4.49,4.84,0.44,0.39,0.3,0.0,0.0,0.0,0.0,0.0,Switch,Orthodox,2,2
2019-07-06,Jon Jones,Thiago Santos,Red,Light Heavyweight,MALE,5,15,4,15,4,0,0,18,13,1,5,63,32,13,0,5,11,5,0,193.04,187.96,213.36,193.04,31,35,4.3,4.44,0.57,0.47,0.4,0.1,1.85,0.83,0.44,0.4,Orthodox,Orthodox,19,18
2019-07-06,Jan Blachowicz,Luke Rockhold,Red,Light Heavyweight,MALE,3,0,0,4,9,1,1,6,15,5,3,29,34,0,3,1,6,2,7,187.96,190.5,198.12,195.58,36,34,3.45,4.18,0.48,0.48,0.3,1.1,1.16,0.67,0.52,0.3,Orthodox,Southpaw,11,18
2019-07-06,Diego Sanchez,Michael Chiesa,Blue,Welterweight,MALE,3,2,1,9,3,0,0,21,8,11,4,80,24,1,0,6,0,2,6,177.8,185.42,182.88,190.5,37,31,2.73,2.07,0.38,0.39,0.9,1.1,1.57,3.84,0.24,0.51,Southpaw,Southpaw,32,12
2019-07-06,Gilbert Melendez,Arnold Allen,Blue,Featherweight,MALE,3,0,5,8,5,4,0,17,5,7,0,74,15,2,0,8,0,0,2,175.26,172.72,185.42,177.8,37,35,3.44,3.19,0.33,0.41,0.2,0.5,1.64,1.36,0.41,0.52,Orthodox,Southpaw,24,5
2019-07-06,Alejandro Perez,Song Yadong,Blue,Bantamweight,MALE,3,0,3,4,3,1,0,7,3,2,0,24,6,0,0,3,1,0,1,167.64,172.72,170.18,170.18,29,21,3.52,3.54,0.35,0.38,0.1,0.7,0.52,0.97,0.2,1.0,Orthodox,Orthodox,9,3
2019-07-06,Edmen Shahbazyan,Jack Marshman,Red,Middleweight,MALE,3,2,1,2,1,0,0,2,3,0,3,4,14,0,0,1,1,0,0,187.96,182.88,187.96,185.42,21,29,4.11,2.64,0.52,0.28,0.8,0.0,6.77,0.0,0.4,0.0,Orthodox,Orthodox,2,6
2019-06-29,Demian Maia,Rocco Martin,Red,Welterweight,MALE,3,1,4,7,4,0,0,20,8,9,4,79,32,2,0,1,1,10,3,185.42,182.88,182.88,185.42,41,29,1.82,2.7,0.43,0.36,1.0,1.1,2.49,0.68,0.25,0.25,Southpaw,Orthodox,29,12
2019-06-29,Roosevelt Roberts,Vinc Pichel,Blue,Lightweight,MALE,3,2,0,2,4,0,1,2,4,0,2,4,13,0,0,0,1,1,0,187.96,177.8,185.42,182.88,25,36,2.87,3.29,0.46,0.45,0.5,0.4,1.84,4.0,0.63,0.6,Orthodox,Orthodox,2,6
2019-06-29,Drew Dober,Marco Polo Reyes,Red,Lightweight,MALE,3,0,0,3,3,1,1,7,4,5,2,26,11,0,0,3,3,1,0,172.72,180.34,177.8,180.34,30,34,4.51,6.0,0.4,0.37,0.1,0.0,0.95,0.0,0.17,0.0,Southpaw,Orthodox,12,6
2019-06-29,Jared Gordon,Dan Moret,Red,Lightweight,MALE,3,0,0,2,0,2,2,2,0,2,2,9,5,0,0,1,0,0,0,175.26,182.88,172.72,185.42,30,32,6.26,2.67,0.54,0.43,0.0,0.4,2.98,1.25,0.39,0.27,Orthodox,Southpaw,4,2
2019-06-22,Renato Moicano,Chan Sung Jung,Blue,Featherweight,MALE,3,0,0,3,3,1,1,5,4,2,4,17,22,0,1,0,2,2,2,180.34,170.18,182.88,182.88,30,32,5.53,4.58,0.46,0.41,0.4,0.6,1.16,0.78,0.54,0.41,Orthodox,Orthodox,7,8
2019-06-22,Bryan Barberena,Randy Brown,Blue,Welterweight,MALE,3,0,0,2,2,1,1,5,4,4,3,22,18,0,0,3,1,1,1,182.88,190.5,182.88,198.12,30,28,5.65,3.41,0.48,0.47,0.3,0.6,0.26,0.95,0.33,0.46,Southpaw,Orthodox,9,7
2019-06-22,Kevin Holland,Alessio Di Chirico,Red,Middleweight,MALE,3,2,2,2,2,0,0,2,3,1,2,9,12,0,0,0,1,1,0,190.5,182.88,205.74,187.96,26,29,4.16,3.2,0.54,0.42,1.1,0.0,1.27,1.95,0.43,0.5,Orthodox,Orthodox,3,5
2019-06-22,Dan Ige,Kevin Aguilar,Red,Featherweight,MALE,3,3,2,3,2,0,0,3,2,1,0,8,6,0,0,1,0,1,0,170.18,170.18,180.34,185.42,27,30,3.89,3.78,0.49,0.36,0.8,0.0,2.38,0.25,0.35,0.5,Orthodox,Orthodox,4,2
2019-06-22,Matt Wiman,Luis Pena,Blue,Lightweight,MALE,3,1,1,4,1,0,0,10,2,5,1,33,7,0,0,2,0,3,1,177.8,190.5,172.72,190.5,35,25,3.18,3.7,0.5,0.45,1.5,1.0,2.14,1.25,0.37,0.31,Orthodox,Southpaw,15,3
2019-06-08,Henry Cejudo,Marlon Moraes,Red,Bantamweight,MALE,5,4,4,4,4,0,0,8,4,2,1,27,9,3,0,2,2,0,1,162.56,167.64,162.56,170.18,32,31,44.0,22.6,0.466,0.466,0.1,0.4,1.9,0.2,0.458,0.1,Orthodox,Orthodox,10,5
2019-06-08,Tony Ferguson,Donald Cerrone,Red,Lightweight,MALE,3,11,3,11,8,0,0,14,23,1,8,33,68,2,1,3,10,6,6,180.34,185.42,193.04,185.42,35,36,55.4667,46.7742,0.43,0.496,1.0,0.3548,0.4,0.6774,0.277,0.295,Orthodox,Orthodox,15,31
2019-06-08,Jimmie Rivera,Petr Yan,Blue,Bantamweight,MALE,3,0,4,5,4,1,0,6,4,2,0,20,9,0,0,1,2,0,0,162.56,170.18,172.72,170.18,29,26,45.75,70.25,0.366,0.55,0.0,0.25,0.625,1.25,0.104,0.288,Orthodox,Switch,8,4
2019-06-08,Aljamain Sterling,Pedro Munhoz,Red,Bantamweight,MALE,3,3,3,4,4,0,0,9,8,3,4,32,23,0,0,1,3,3,3,170.18,167.64,180.34,165.1,29,32,52.25,41.5,0.49,0.499,0.75,0.6667,1.75,0.5833,0.418,0.233,Orthodox,Orthodox,12,12
2019-06-08,Ricardo Lamas,Calvin Kattar,Blue,Featherweight,MALE,3,1,1,4,2,0,0,10,3,5,1,34,10,1,0,4,2,3,0,172.72,180.34,180.34,182.88,37,31,32.2667,56.25,0.478,0.42,0.6667,0.0,1.0667,0.5,0.301,0.165,Orthodox,Orthodox,15,4
2019-06-01,Alexander Gustafsson,Anthony Smith,Blue,Light Heavyweight,MALE,5,0,0,6,3,1,1,10,7,5,4,38,27,3,1,5,5,2,1,195.58,193.04,200.66,193.04,32,30,44.2,33.1818,0.385,0.507,0.3333,0.3636,1.2,0.3636,0.303,0.096,Orthodox,Orthodox,15,11
2019-06-01,Jimi Manuwa,Aleksandar Rakic,Blue,Light Heavyweight,MALE,3,0,3,3,3,3,0,6,3,5,0,21,7,0,0,3,1,0,0,185.42,193.04,200.66,198.12,39,27,26.0909,60.3333,0.537,0.567,0.1818,0.0,0.2727,1.0,0.091,0.25,Orthodox,Orthodox,11,3
2019-06-01,Makwan Amirkhani,Chris Fishgold,Red,Featherweight,MALE,3,1,1,3,1,0,0,4,1,1,1,11,3,0,0,1,0,1,1,177.8,172.72,182.88,172.72,30,26,16.4,17.0,0.456,0.345,1.0,1.0,2.4,3.0,0.5,0.5,Southpaw,Orthodox,5,2
2019-06-01,Damir Hadzovic,Christos Giagos,Blue,Lightweight,MALE,3,2,1,2,1,0,0,3,2,2,3,12,10,0,0,2,0,0,1,175.26,177.8,177.8,180.34,32,29,34.8,19.8,0.498,0.342,0.2,0.2,0.4,1.2,0.132,0.3,Orthodox,Orthodox,5,5
2019-06-01,Stevie Ray,Leonardo Santos,Blue,Lightweight,MALE,3,1,4,3,4,0,0,6,5,3,1,22,14,0,1,2,1,0,2,177.8,182.88,177.8,190.5,29,39,40.2222,25.1667,0.45,0.41,0.5556,0.3333,0.5556,0.8333,0.231,0.357,Southpaw,Orthodox,9,6
2019-06-01,Nick Hein,Frank Camacho,Blue,Lightweight,MALE,3,0,0,3,1,2,2,4,1,3,2,19,8,0,0,0,0,0,0,167.64,177.8,167.64,185.42,35,30,34.1429,95.0,0.317,0.47,0.0,0.0,0.7143,1.3333,0.151,0.4,Southpaw,Orthodox,7,3
2019-05-18,Rafael Dos Anjos,Kevin Lee,Red,Welterweight,MALE,5,0,0,5,5,2,1,17,10,9,4,74,36,4,1,4,1,3,4,172.72,175.26,177.8,195.58,34,26,47.9231,49.0714,0.453,0.45,0.6154,0.7857,1.7308,2.5,0.297,0.455,Southpaw,Orthodox,26,14
2019-05-18,Charles Oliveira,Nik Lentz,Red,Lightweight,MALE,3,4,2,4,4,0,0,14,14,9,8,42,59,0,0,0,3,13,2,177.8,172.72,187.96,172.72,29,34,20.5652,43.9091,0.484,0.526,1.2609,1.0909,1.3043,3.0,0.478,0.315,Orthodox,Orthodox,23,22
2019-05-18,Patrick Cummins,Ed Herman,Blue,Light Heavyweight,MALE,3,0,0,3,3,2,3,6,10,6,11,26,47,0,1,2,3,0,4,187.96,185.42,193.04,195.58,38,38,39.6667,29.7143,0.496,0.495,0.0833,0.7619,2.8333,1.5238,0.303,0.47,Orthodox,Orthodox,12,21
2019-05-18,Zak Cummings,Trevin Giles,Red,Middleweight,MALE,3,1,2,2,2,0,0,7,2,3,0,22,5,0,0,1,2,3,0,182.88,182.88,190.5,187.96,34,26,28.9,55.5,0.34,0.69,0.6,0.0,0.7,2.5,0.219,0.5,Southpaw,Orthodox,10,2
2019-05-18,Julio Arce,Julian Erosa,Red,Featherweight,MALE,3,0,0,2,1,1,3,2,1,1,3,9,9,0,0,0,0,1,0,170.18,185.42,177.8,187.96,29,29,53.3333,32.5,0.303,0.515,1.0,0.75,0.3333,0.75,0.067,0.415,Southpaw,Southpaw,3,4
2019-05-11,Jared Cannonier,Anderson Silva,Red,Middleweight,MALE,3,1,0,2,16,0,1,4,17,4,6,17,58,0,13,3,11,0,3,180.34,187.96,195.58,195.58,35,44,32.375,33.5217,0.494,0.642,0.0,0.2609,0.125,0.1304,0.125,0.13,Switch,Southpaw,8,23
2019-05-11,Jose Aldo,Alexander Volkanovski,Blue,Featherweight,MALE,3,2,6,7,6,0,0,10,6,3,0,45,15,11,0,4,3,0,0,170.18,167.64,177.8,180.34,32,30,54.3077,72.0,0.432,0.597,0.2308,0.5,0.9231,2.6667,0.183,0.457,Orthodox,Orthodox,13,6
2019-05-11,Warlley Alves,Sergio Moraes,Red,Welterweight,MALE,3,0,0,4,4,1,1,6,8,3,4,22,31,1,1,0,1,3,3,180.34,182.88,182.88,182.88,28,36,31.5556,30.1667,0.466,0.463,0.6667,0.4167,0.8889,1.0833,0.4,0.363,Orthodox,Orthodox,9,12
2019-05-11,BJ Penn,Clay Guida,Blue,Lightweight,MALE,3,0,0,3,4,7,1,12,14,14,12,74,67,11,0,6,2,4,4,175.26,170.18,177.8,177.8,40,37,35.9615,28.1538,0.528,0.358,0.4615,0.5385,1.0,2.4231,0.316,0.343,Orthodox,Orthodox,26,26
2019-05-04,Al Iaquinta,Donald Cerrone,Blue,Lightweight,MALE,5,1,2,5,8,0,0,9,22,3,8,33,63,2,1,4,10,0,6,177.8,185.42,177.8,185.42,32,36,53.0833,43.7333,0.445,0.5,0.25,0.3667,0.6667,0.7,0.215,0.305,Orthodox,Orthodox,12,30
2019-05-04,Derek Brunson,Elias Theodorou,Red,Middleweight,MALE,3,0,3,5,3,2,0,9,8,5,2,22,28,0,1,6,2,1,0,185.42,185.42,195.58,190.5,35,30,18.5,57.9,0.439,0.417,0.2143,0.0,0.9286,1.3,0.102,0.266,Southpaw,Orthodox,14,10
2019-05-04,Cub Swanson,Shane Burgos,Blue,Featherweight,MALE,3,0,1,6,3,3,0,10,4,6,1,46,13,0,0,4,1,0,1,172.72,180.34,177.8,190.5,35,28,61.6875,71.6,0.488,0.504,0.125,0.2,0.6875,0.4,0.379,0.4,Orthodox,Orthodox,16,5
2019-05-04,Brad Katona,Merab Dvalishvili,Blue,Bantamweight,MALE,3,2,1,2,1,0,0,2,1,0,2,6,9,1,0,0,0,0,0,167.64,167.64,162.56,172.72,27,28,73.5,56.6667,0.555,0.35,0.0,0.0,1.0,7.3333,0.14,0.453,Orthodox,Orthodox,2,3
2019-04-27,Jacare Souza,Jack Hermansson,Blue,Middleweight,MALE,5,1,3,5,3,0,0,9,6,3,2,23,13,0,0,4,3,4,2,185.42,185.42,182.88,195.58,39,30,26.8333,30.875,0.507,0.514,0.6667,0.375,1.0833,1.0,0.303,0.52,Orthodox,Orthodox,12,8
2019-04-27,Alex Oliveira,Mike Perry,Blue,Welterweight,MALE,3,0,0,3,2,1,1,9,5,5,4,30,20,0,0,4,4,3,0,180.34,177.8,193.04,180.34,31,27,26.8571,40.4444,0.523,0.49,0.5,0.0,1.8571,0.5556,0.268,0.323,Orthodox,Orthodox,14,9
2019-04-27,Glover Teixeira,Ion Cutelaba,Red,Light Heavyweight,MALE,3,1,2,5,2,0,0,11,3,5,2,36,11,1,0,4,2,4,0,187.96,185.42,193.04,190.5,39,25,30.4375,42.6,0.457,0.502,0.5,0.0,1.3125,1.2,0.364,0.17,Orthodox,Southpaw,16,5
2019-04-27,John Lineker,Cory Sandhagen,Blue,Bantamweight,MALE,3,2,3,6,3,0,0,12,3,3,0,38,5,0,0,6,2,1,1,160.02,180.34,170.18,177.8,28,27,60.2667,54.3333,0.414,0.477,0.4667,0.6667,0.4,0.6667,0.167,0.5,Orthodox,Switch,15,3
2019-04-27,Jim Miller,Jason Gonzalez,Red,Lightweight,MALE,3,0,0,7,1,1,1,18,1,13,2,71,4,0,0,3,0,7,1,172.72,187.96,180.34,187.96,35,29,28.5806,12.0,0.386,0.353,1.2903,0.3333,1.1613,0.0,0.423,0.0,Southpaw,Southpaw,31,3
2019-04-27,Court McGee,Dhiego Lima,Blue,Welterweight,MALE,3,1,1,3,1,0,0,8,2,6,5,39,12,1,2,0,1,2,0,180.34,187.96,190.5,187.96,34,30,63.7857,15.4286,0.372,0.474,0.4286,0.5714,1.7857,0.8571,0.267,0.107,Orthodox,Orthodox,14,7
2019-04-20,Sultan Aliev,Keita Nakamura,Red,Welterweight,MALE,3,0,1,1,1,1,0,1,4,2,6,6,29,0,0,0,0,0,2,180.34,180.34,187.96,185.42,34,34,11.6667,30.8,0.52,0.361,0.0,0.4,1.0,1.8,0.33,0.473,Orthodox,Southpaw,3,10
2019-04-20,Gadzhimurad Antigulov,Michal Oleksiejczuk,Blue,Light Heavyweight,MALE,3,0,1,2,1,1,0,2,1,1,1,3,4,0,0,0,1,2,0,180.34,182.88,177.8,187.96,32,24,4.6667,45.0,0.387,0.605,0.6667,0.0,1.6667,1.0,0.79,0.33,Orthodox,Southpaw,3,2
2019-04-13,Max Holloway,Dustin Poirier,Blue,Lightweight,MALE,5,13,3,13,4,0,0,16,16,3,5,50,45,4,0,8,8,2,3,180.34,175.26,175.26,182.88,27,30,85.6316,52.381,0.44,0.499,0.3684,0.619,0.2632,1.1429,0.211,0.254,Orthodox,Southpaw,19,21
2019-04-13,Kelvin Gastelum,Israel Adesanya,Blue,Middleweight,MALE,5,2,5,5,5,0,0,10,5,4,0,35,14,1,0,3,2,2,0,175.26,193.04,180.34,203.2,27,29,45.5,61.2,0.458,0.55,0.1429,0.2,0.6429,0.0,0.226,0.0,Southpaw,Switch,14,5
2019-04-13,Eryk Anders,Khalil Rountree Jr.,Blue,Light Heavyweight,MALE,3,0,0,2,2,2,1,3,3,3,4,18,11,0,1,2,3,0,0,185.42,185.42,190.5,193.04,31,29,45.5,14.2857,0.527,0.497,0.1667,0.1429,2.0,0.0,0.312,0.0,Southpaw,Southpaw,6,7
2019-04-13,Alan Jouban,Dwight Grant,Blue,Welterweight,MALE,3,1,1,3,1,0,0,7,1,4,1,21,4,0,0,4,1,0,0,182.88,185.42,185.42,193.04,37,34,42.8182,22.5,0.543,0.33,0.0,0.0,0.2727,0.5,0.127,0.5,Southpaw,Switch,11,2
2019-04-13,Ovince Saint Preux,Nikita Krylov,Blue,Light Heavyweight,MALE,3,0,0,4,5,1,2,11,6,7,4,41,15,1,0,5,3,4,3,190.5,190.5,203.2,195.58,36,27,24.5556,27.1,0.461,0.56,0.2778,0.6,0.5556,0.2,0.237,0.15,Southpaw,Orthodox,18,10
2019-04-13,Jalin Turner,Matt Frevola,Blue,Lightweight,MALE,3,1,0,1,0,0,2,1,0,1,2,2,4,0,0,1,0,0,0,190.5,175.26,195.58,180.34,23,28,20.0,37.5,0.525,0.335,0.0,0.5,0.0,1.0,0.0,0.165,Southpaw,Orthodox,2,2
2019-04-13,Curtis Millender,Belal Muhammad,Blue,Welterweight,MALE,3,0,0,3,4,1,1,3,5,1,3,9,22,0,0,1,1,0,0,187.96,180.34,193.04,182.88,31,30,43.5,60.375,0.343,0.4,0.0,0.125,0.25,1.875,0.25,0.335,Orthodox,Orthodox,4,8
2019-04-13,Montel Jackson,Andre Soukhamthath,Red,Bantamweight,MALE,3,1,1,1,1,0,0,1,2,1,3,4,14,0,0,0,1,1,0,177.8,175.26,190.5,177.8,26,30,26.0,42.6,0.53,0.434,0.5,0.2,1.0,1.4,0.5,0.314,Southpaw,Orthodox,2,5
2019-03-30,Edson Barboza,Justin Gaethje,Blue,Lightweight,MALE,5,1,1,4,1,0,0,14,2,6,2,51,10,0,0,7,2,0,0,180.34,180.34,190.5,177.8,33,30,45.45,87.0,0.449,0.525,0.05,0.0,0.35,0.0,0.183,0.0,Orthodox,Orthodox,20,4
2019-03-30,David Branch,Jack Hermansson,Blue,Middleweight,MALE,3,0,2,2,2,1,0,4,5,4,2,19,12,0,0,1,3,0,1,185.42,185.42,198.12,195.58,37,30,17.0,34.8571,0.415,0.544,0.0,0.2857,1.75,1.0,0.348,0.523,Orthodox,Orthodox,8,7
2019-03-30,Josh Emmett,Michael Johnson,Red,Featherweight,MALE,3,0,2,2,4,1,0,4,11,2,9,15,50,0,1,1,4,0,0,167.64,177.8,177.8,185.42,34,32,46.1667,49.15,0.365,0.367,0.1667,0.05,1.5,0.45,0.193,0.329,Orthodox,Southpaw,6,20
2019-03-30,Ross Pearson,Desmond Green,Blue,Lightweight,MALE,3,0,0,3,1,1,1,12,2,13,3,65,15,1,0,4,0,0,0,172.72,177.8,175.26,185.42,34,29,44.08,48.2,0.414,0.426,0.0,0.0,0.6,1.0,0.32,0.3,Orthodox,Southpaw,25,5
2019-03-30,Kevin Holland,Gerald Meerschaert,Red,Middleweight,MALE,3,1,0,1,2,0,1,1,4,1,2,6,9,0,0,0,1,1,3,190.5,185.42,205.74,195.58,26,31,77.0,20.0,0.605,0.472,1.5,0.6667,2.5,1.0,0.415,0.187,Orthodox,Southpaw,2,6
2019-03-30,Alex Perez,Mark De La Rosa,Red,Bantamweight,MALE,3,0,2,3,2,1,0,3,2,1,1,7,7,0,0,1,0,1,1,167.64,167.64,165.1,165.1,27,24,37.75,31.0,0.473,0.483,0.75,0.3333,2.0,0.6667,0.513,0.22,Orthodox,Orthodox,4,3
2019-03-23,Stephen Thompson,Anthony Pettis,Blue,Welterweight,MALE,5,0,0,7,5,1,1,9,8,4,7,38,38,2,4,5,2,0,4,182.88,177.8,190.5,182.88,36,32,48.3846,35.5333,0.452,0.475,0.0,0.6667,0.3846,0.5333,0.141,0.144,Orthodox,Orthodox,13,15
2019-03-23,Luis Pena,Steven Peterson,Red,Featherweight,MALE,3,0,1,1,1,1,0,1,1,1,1,4,6,0,0,0,0,1,0,190.5,177.8,190.5,177.8,25,28,15.5,73.5,0.305,0.335,0.5,0.5,1.0,1.5,0.555,0.215,Southpaw,Orthodox,2,2
2019-03-23,Marlon Vera,Frankie Saenz,Red,Bantamweight,MALE,3,2,2,3,3,0,0,6,5,4,3,25,24,0,0,2,0,3,0,172.72,167.64,177.8,167.64,26,38,37.1,58.25,0.457,0.465,1.0,0.125,0.6,1.75,0.274,0.264,Switch,Orthodox,10,8
2019-03-16,Darren Till,Jorge Masvidal,Blue,Welterweight,MALE,5,0,0,4,3,1,2,5,9,2,6,19,41,1,0,2,3,0,1,182.88,180.34,187.96,187.96,26,34,30.8571,54.4667,0.411,0.505,0.0,0.4667,0.4286,1.0,0.237,0.33,Southpaw,Orthodox,7,15
2019-03-16,Leon Edwards,Gunnar Nelson,Red,Welterweight,MALE,3,6,1,6,4,0,0,8,8,2,3,30,23,0,0,2,0,1,7,182.88,180.34,187.96,182.88,27,30,34.0,17.6364,0.533,0.664,0.5,0.7273,1.2,1.0909,0.221,0.605,Southpaw,Switch,10,11
2019-03-16,Volkan Oezdemir,Dominick Reyes,Blue,Light Heavyweight,MALE,3,0,3,3,3,2,0,3,3,2,0,10,5,1,0,2,1,0,1,187.96,193.04,190.5,195.58,29,29,42.8,43.3333,0.554,0.537,0.0,0.3333,0.2,0.3333,0.2,0.333,Orthodox,Southpaw,5,3
2019-03-16,Nathaniel Wood,Jose Quinonez,Red,Bantamweight,MALE,3,2,4,2,4,0,0,2,4,0,1,5,13,0,1,0,0,2,1,167.64,172.72,175.26,175.26,25,28,47.0,40.8,0.435,0.488,1.0,0.8,1.0,2.4,0.33,0.498,Orthodox,Switch,2,5
2019-03-16,Danny Roberts,Claudio Silva,Blue,Welterweight,MALE,3,2,3,2,3,0,0,5,3,2,0,14,7,0,0,2,0,1,1,185.42,180.34,187.96,180.34,31,36,31.5714,29.3333,0.384,0.453,0.2857,0.6667,0.0,2.3333,0.0,0.287,Southpaw,Southpaw,7,3
2019-03-16,Jack Marshman,John Phillips,Red,Middleweight,MALE,3,0,0,1,0,2,2,2,0,3,2,11,4,0,0,1,0,0,0,182.88,180.34,185.42,190.5,29,33,29.0,25.5,0.24,0.165,0.0,0.0,0.0,0.0,0.0,0.0,Orthodox,Southpaw,5,2
2019-03-16,Arnold Allen,Jordan Rinaldi,Red,Featherweight,MALE,3,4,1,4,1,0,0,4,2,0,2,12,8,0,0,0,0,2,1,172.72,177.8,177.8,182.88,25,31,28.75,12.75,0.338,0.435,0.75,1.0,2.0,1.25,0.438,0.258,Southpaw,Orthodox,4,4
2019-03-16,Marc Diakiese,Joe Duffy,Red,Lightweight,MALE,3,0,0,3,2,2,1,3,4,2,2,12,11,0,0,2,1,0,2,177.8,177.8,185.42,185.42,25,31,27.4,23.1667,0.416,0.352,0.0,0.5,1.4,0.3333,0.292,0.167,Orthodox,Orthodox,5,6
2019-03-16,Danny Henry,Dan Ige,Blue,Featherweight,MALE,3,2,2,2,2,0,0,2,2,0,1,4,7,0,0,0,1,1,0,182.88,170.18,185.42,180.34,30,27,47.5,38.6667,0.465,0.58,1.5,0.0,0.5,1.6667,0.165,0.497,Orthodox,Orthodox,2,3
2019-03-09,Elizeu Zaleski dos Santos,Curtis Millender,Red,Welterweight,MALE,3,6,3,6,3,0,0,6,3,1,0,18,8,0,0,3,1,0,0,180.34,187.96,185.42,193.04,32,31,51.4286,58.0,0.393,0.457,0.4286,0.0,0.2857,0.3333,0.163,0.333,Orthodox,Orthodox,7,3
2019-03-09,Tim Means,Niko Price,Blue,Welterweight,MALE,3,1,0,4,2,0,1,10,4,8,3,41,11,0,0,5,2,1,2,187.96,182.88,190.5,193.04,35,29,48.4444,14.8571,0.499,0.363,0.1111,0.7143,0.5556,0.5714,0.25,0.164,Orthodox,Orthodox,18,7
2019-03-09,Beneil Dariush,Drew Dober,Red,Lightweight,MALE,3,1,3,5,3,0,0,9,6,5,5,30,23,0,0,1,2,3,1,177.8,172.72,182.88,177.8,29,30,37.0,39.7273,0.481,0.36,0.5,0.0909,0.9286,0.6364,0.244,0.123,Southpaw,Southpaw,14,11
2019-03-09,Tim Boetsch,Omari Akhmedov,Blue,Middleweight,MALE,3,0,0,4,2,1,1,12,5,11,4,48,21,0,0,7,2,0,0,182.88,182.88,187.96,185.42,38,31,25.8261,32.8889,0.512,0.371,0.4783,0.2222,0.913,2.1111,0.171,0.398,Orthodox,Orthodox,23,9
2019-03-09,Anthony Rocco Martin,Sergio Moraes,Red,Welterweight,MALE,3,3,2,3,4,0,0,7,8,4,3,29,28,0,1,1,1,3,3,182.88,182.88,185.42,182.88,29,36,32.8182,31.1818,0.379,0.485,1.0,0.4545,0.7273,0.9091,0.225,0.305,Orthodox,Orthodox,11,11
2019-03-09,Louis Smolka,Matt Schnell,Blue,Bantamweight,MALE,3,1,2,4,2,0,0,6,2,5,2,28,8,0,0,2,0,2,0,175.26,172.72,172.72,177.8,27,29,45.8182,34.75,0.467,0.368,1.7273,0.5,1.3636,0.25,0.305,0.25,Orthodox,Orthodox,11,4
2019-03-09,Alex Morono,Zak Ottow,Red,Welterweight,MALE,3,1,1,2,1,0,0,4,4,3,3,18,16,0,0,0,1,1,0,180.34,180.34,182.88,182.88,28,32,51.7143,27.5714,0.383,0.359,0.4286,0.2857,0.0,0.5714,0.0,0.153,Orthodox,Orthodox,7,7
2019-03-02,Jon Jones,Anthony Smith,Red,Light Heavyweight,MALE,5,1,3,13,3,0,0,17,7,2,3,58,22,12,0,5,5,5,1,193.04,193.04,213.36,193.04,31,30,61.8421,32.9,0.574,0.504,0.5263,0.4,1.9474,0.4,0.557,0.106,Orthodox,Orthodox,19,10
2019-03-02,Tyron Woodley,Kamaru Usman,Blue,Welterweight,MALE,5,3,9,3,9,0,0,9,9,3,0,32,28,5,1,5,1,1,1,175.26,182.88,187.96,193.04,36,31,34.5,58.5556,0.544,0.527,0.25,0.2222,0.4167,4.4444,0.208,0.399,Orthodox,Switch,12,9
2019-03-02,Cody Garbrandt,Pedro Munhoz,Blue,Bantamweight,MALE,3,0,2,6,4,2,0,6,7,2,4,17,22,3,0,4,2,0,3,172.72,167.64,165.1,165.1,27,32,32.5,43.0,0.369,0.496,0.0,0.7273,0.625,0.6364,0.135,0.255,Orthodox,Orthodox,8,11
2019-03-02,Jeremy Stephens,Zabit Magomedsharipov,Blue,Featherweight,MALE,3,0,4,3,4,1,0,15,4,14,0,76,10,0,0,7,0,0,3,172.72,185.42,180.34,185.42,32,28,37.4483,53.5,0.438,0.58,0.3448,1.0,0.931,5.75,0.244,0.59,Orthodox,Orthodox,29,4
2019-03-02,Misha Cirkunov,Johnny Walker,Blue,Light Heavyweight,MALE,3,1,2,4,2,0,0,5,2,2,0,10,2,0,0,1,2,4,0,190.5,195.58,195.58,208.28,32,26,21.2857,8.5,0.54,0.885,0.7143,0.0,1.4286,0.0,0.463,0.0,Orthodox,Orthodox,7,2
2019-03-02,Cody Stamann,Alejandro Perez,Red,Bantamweight,MALE,3,0,4,3,4,1,0,3,7,1,2,11,21,0,1,0,3,0,0,167.64,167.64,162.56,170.18,29,29,66.75,40.2222,0.453,0.348,0.0,0.1111,3.75,0.3333,0.615,0.11,Orthodox,Orthodox,4,9
2019-03-02,Diego Sanchez,Mickey Gall,Red,Welterweight,MALE,3,1,1,6,3,0,0,17,4,11,1,73,8,2,0,5,0,0,4,177.8,187.96,182.88,187.96,37,27,33.75,7.6,0.403,0.41,0.6429,1.8,1.1071,0.8,0.248,0.6,Southpaw,Switch,28,5
2019-02-23,Jan Blachowicz,Thiago Santos,Blue,Light Heavyweight,MALE,5,4,3,4,4,0,0,6,12,4,5,26,29,0,0,1,10,2,0,187.96,187.96,198.12,193.04,35,35,44.6,32.1765,0.519,0.465,0.3,0.0588,1.3,0.4118,0.546,0.162,Orthodox,Orthodox,10,17
2019-02-23,John Dodson,Petr Yan,Blue,Bantamweight,MALE,3,0,3,3,3,1,0,9,3,5,0,40,6,3,0,4,2,0,0,160.02,170.18,167.64,170.18,34,26,46.1429,67.0,0.425,0.563,0.0,0.3333,0.6429,1.0,0.231,0.25,Orthodox,Switch,14,3
2019-02-23,Damir Hadzovic,Polo Reyes,Red,Lightweight,MALE,3,1,1,1,3,0,0,2,4,2,1,10,9,0,0,1,3,0,0,175.26,180.34,177.8,180.34,32,34,29.0,45.8,0.49,0.382,0.25,0.0,0.0,0.0,0.0,0.0,Orthodox,Orthodox,4,5
2019-02-23,Rustam Khabilov,Diego Ferreira,Blue,Lightweight,MALE,3,6,3,6,3,0,0,9,5,2,2,30,13,0,0,1,3,0,1,172.72,175.26,185.42,187.96,32,34,25.8182,31.5714,0.357,0.437,0.0909,0.5714,3.4545,0.4286,0.463,0.214,Orthodox,Orthodox,11,7
2019-02-17,James Vick,Paul Felder,Blue,Lightweight,MALE,3,0,0,5,3,1,1,9,7,2,4,22,27,0,0,2,4,3,1,190.5,180.34,193.04,177.8,31,34,35.9091,40.3636,0.347,0.463,0.4545,0.2727,0.1818,0.2727,0.091,0.136,Orthodox,Orthodox,11,11
2019-02-17,Vicente Luque,Bryan Barberena,Red,Welterweight,MALE,3,3,1,4,2,0,0,7,5,2,3,15,19,0,0,4,3,3,1,180.34,182.88,190.5,182.88,27,29,25.0,54.375,0.493,0.505,0.4444,0.25,0.6667,0.25,0.12,0.166,Orthodox,Southpaw,9,8
2019-02-17,Andre Fili,Myles Jury,Red,Featherweight,MALE,3,0,0,2,6,1,1,6,8,5,3,27,22,0,0,2,3,0,1,180.34,177.8,187.96,185.42,28,30,41.7273,22.8182,0.352,0.366,0.1818,0.1818,2.0909,1.4545,0.503,0.451,Orthodox,Orthodox,11,11
2019-02-17,Jimmie Rivera,Aljamain Sterling,Blue,Bantamweight,MALE,3,1,2,5,4,0,0,6,8,1,3,17,29,0,0,1,1,0,3,162.56,170.18,172.72,180.34,29,29,48.8571,47.8182,0.379,0.483,0.0,0.8182,0.7143,1.9091,0.119,0.455,Orthodox,Orthodox,7,11
2019-02-17,Scott Holtzman,Nik Lentz,Blue,Lightweight,MALE,3,3,1,3,4,0,0,5,13,2,8,21,56,0,0,1,3,1,2,175.26,172.72,175.26,172.72,35,34,64.7143,42.619,0.533,0.523,0.2857,1.0952,2.7143,2.9048,0.587,0.318,Orthodox,Orthodox,7,21
2019-02-17,Renan Barao,Luke Sanders,Blue,Bantamweight,MALE,3,0,0,7,1,3,1,9,2,6,3,46,9,6,0,2,0,3,1,167.64,167.64,177.8,170.18,32,33,54.9333,40.8,0.379,0.5,0.3333,0.2,1.4667,0.2,0.282,0.1,Orthodox,Southpaw,15,5
2019-02-09,Israel Adesanya,Anderson Silva,Red,Middleweight,MALE,3,4,1,4,16,0,0,4,17,0,5,11,55,0,13,2,11,0,3,193.04,187.96,203.2,195.58,29,43,60.25,33.6364,0.565,0.651,0.25,0.2727,0.0,0.1364,0.0,0.136,Switch,Southpaw,4,22
2019-02-09,Rani Yahya,Ricky Simon,Blue,Bantamweight,MALE,3,3,2,4,2,0,0,11,2,4,0,36,6,0,0,0,1,6,0,167.64,167.64,170.18,175.26,34,26,18.2,29.5,0.47,0.4,1.4,0.5,2.2667,4.5,0.357,0.315,Orthodox,Orthodox,15,2
2019-02-09,Shane Young,Austin Arnett,Red,Featherweight,MALE,3,1,1,1,1,0,0,1,1,1,2,5,8,0,0,1,0,0,0,172.72,182.88,182.88,182.88,25,27,61.0,43.0,0.35,0.437,0.0,0.0,1.0,0.6667,0.6,0.387,Orthodox,Orthodox,2,3
2019-02-09,Teruto Ishihara,Kyung Ho Kang,Blue,Bantamweight,MALE,3,0,0,2,3,2,1,3,3,5,3,19,16,0,0,2,0,0,2,170.18,175.26,175.26,185.42,27,31,34.75,31.3333,0.468,0.383,0.0,1.1667,0.375,2.0,0.073,0.592,Southpaw,Orthodox,8,6
2019-02-02,Raphael Assuncao,Marlon Moraes,Blue,Bantamweight,MALE,5,4,3,7,3,0,0,11,3,2,1,35,8,0,0,2,2,1,0,165.1,167.64,167.64,170.18,36,30,47.1538,25.75,0.418,0.475,0.1538,0.25,1.0,0.25,0.254,0.125,Orthodox,Orthodox,13,4
2019-02-02,Jose Aldo,Renato Moicano,Red,Featherweight,MALE,3,1,2,7,3,0,0,9,5,3,1,43,15,11,0,3,0,0,2,170.18,180.34,177.8,182.88,32,29,56.6667,67.3333,0.425,0.453,0.25,0.3333,1.0,1.0,0.198,0.4,Orthodox,Orthodox,12,6
2019-02-02,Demian Maia,Lyman Good,Red,Welterweight,MALE,3,0,1,7,1,3,0,19,2,9,1,78,6,2,0,1,2,9,0,185.42,182.88,182.88,187.96,41,33,22.9286,48.0,0.528,0.53,0.8571,0.0,2.1429,0.3333,0.362,0.333,Southpaw,Orthodox,28,3
2019-02-02,Charles Oliveira,David Teymur,Red,Lightweight,MALE,3,3,5,4,5,0,0,13,5,9,0,40,13,0,0,0,2,12,0,177.8,175.26,187.96,185.42,29,29,20.2273,54.6,0.484,0.442,1.2727,0.0,1.3182,0.8,0.454,0.322,Orthodox,Southpaw,22,5
2019-02-02,Thiago Alves,Max Griffin,Red,Welterweight,MALE,3,0,0,7,1,2,1,14,2,10,3,58,13,1,0,7,1,1,0,175.26,180.34,177.8,193.04,35,33,39.6667,40.2,0.45,0.43,0.25,0.2,0.5417,0.2,0.333,0.1,Orthodox,Orthodox,24,5
2019-01-19,Gregor Gillespie,Yancy Medeiros,Red,Lightweight,MALE,3,5,0,5,3,0,1,5,6,0,6,9,21,0,0,2,2,2,3,170.18,177.8,180.34,190.5,32,31,23.2,31.5833,0.514,0.358,0.6,0.3333,3.4,0.0833,0.438,0.083,Orthodox,Orthodox,5,12
2019-01-19,Glover Teixeira,Karl Roberson,Red,Light Heavyweight,MALE,3,0,1,5,1,1,0,10,2,5,1,35,5,1,0,4,0,3,1,187.96,185.42,193.04,187.96,39,28,32.0667,18.3333,0.451,0.62,0.4667,0.6667,1.3333,1.0,0.367,0.553,Orthodox,Southpaw,15,3
2019-01-19,Alexander Hernandez,Donald Cerrone,Blue,Lightweight,MALE,3,2,1,2,8,0,0,2,21,0,8,4,61,0,1,1,9,0,6,175.26,185.42,182.88,185.42,26,35,23.5,42.4828,0.545,0.5,0.0,0.3793,2.0,0.6897,0.2,0.281,Orthodox,Orthodox,2,29
2019-01-19,Belal Muhammad,Geoff Neal,Blue,Welterweight,MALE,3,4,2,4,2,0,0,5,2,2,0,19,3,0,0,1,1,0,1,180.34,180.34,182.88,190.5,30,28,60.0,36.5,0.414,0.51,0.1429,0.5,2.1429,0.0,0.383,0.0,Orthodox,Southpaw,7,2
2018-12-29,Jon Jones,Alexander Gustafsson,Red,Light Heavyweight,MALE,5,0,2,13,6,1,0,16,10,2,4,55,35,11,2,4,5,5,2,193.04,195.58,213.36,200.66,31,31,62.0,45.7857,0.574,0.394,0.5556,0.3571,2.0,1.2857,0.577,0.325,Orthodox,Orthodox,18,14
2018-12-29,Carlos Condit,Michael Chiesa,Blue,Welterweight,MALE,3,0,0,5,3,4,2,7,7,8,4,43,22,3,1,4,0,0,5,187.96,185.42,190.5,190.5,34,31,54.0667,17.5455,0.379,0.391,0.6667,0.7273,0.4667,1.5455,0.194,0.396,Orthodox,Southpaw,15,11
2018-12-29,Ilir Latifi,Corey Anderson,Blue,Light Heavyweight,MALE,3,2,2,3,3,0,0,7,8,3,4,17,31,0,1,3,2,2,0,177.8,190.5,185.42,200.66,35,29,15.3,54.0,0.444,0.484,0.3,0.0,1.0,4.3333,0.338,0.53,Orthodox,Orthodox,10,12
2018-12-29,Chad Mendes,Alexander Volkanovski,Blue,Featherweight,MALE,3,1,5,5,5,0,0,9,5,4,0,26,13,3,0,6,2,0,0,167.64,167.64,167.64,180.34,33,30,27.1538,75.6,0.578,0.63,0.1538,0.6,1.8462,3.2,0.261,0.548,Orthodox,Orthodox,13,5
2018-12-29,Douglas Silva de Andrade,Petr Yan,Blue,Bantamweight,MALE,3,1,2,2,2,0,0,3,2,2,0,14,4,0,0,1,1,0,0,170.18,170.18,172.72,170.18,33,25,52.6,62.5,0.344,0.525,0.0,0.0,0.8,0.0,0.466,0.0,Orthodox,Switch,5,2
2018-12-29,BJ Penn,Ryan Hall,Blue,Lightweight,MALE,3,0,2,3,2,6,0,12,2,13,0,73,6,11,1,6,0,4,0,175.26,177.8,177.8,180.34,40,33,37.28,34.5,0.535,0.475,0.48,0.5,1.04,0.5,0.329,0.165,Orthodox,Southpaw,25,2
2018-12-29,Curtis Millender,Siyar Bahadurzada,Red,Welterweight,MALE,3,2,3,2,3,0,0,2,4,0,2,5,14,0,0,1,3,0,1,187.96,180.34,193.04,185.42,31,34,42.5,35.3333,0.42,0.492,0.0,0.3333,0.5,0.8333,0.5,0.417,Orthodox,Orthodox,2,6
2018-12-15,Kevin Lee,Al Iaquinta,Blue,Lightweight,MALE,5,1,0,5,5,0,1,10,8,3,3,31,28,1,2,1,4,4,0,175.26,177.8,195.58,177.8,26,31,45.0,47.8182,0.458,0.442,0.8462,0.2727,2.4615,0.7273,0.444,0.235,Orthodox,Orthodox,13,11
2018-12-15,Edson Barboza,Dan Hooker,Red,Lightweight,MALE,3,0,4,4,4,2,0,13,7,6,3,48,20,0,0,6,5,0,2,180.34,182.88,190.5,190.5,32,28,41.2105,33.5,0.443,0.475,0.0526,0.3,0.3684,0.3,0.193,0.099,Orthodox,Switch,19,10
2018-12-15,Rob Font,Sergio Pettis,Red,Bantamweight,MALE,3,0,0,2,4,1,1,5,8,3,4,15,37,0,0,4,0,1,0,172.72,167.64,180.34,175.26,31,25,36.375,54.3333,0.439,0.374,0.5,0.4167,0.625,0.9167,0.254,0.273,Orthodox,Orthodox,8,12
2018-12-15,Jim Miller,Charles Oliveira,Blue,Lightweight,MALE,3,1,2,7,4,0,0,18,12,12,9,70,39,0,0,3,0,7,11,172.72,177.8,180.34,187.96,35,29,29.5,21.1905,0.383,0.507,1.3333,1.2857,1.2,1.3333,0.437,0.428,Southpaw,Orthodox,30,21
2018-12-15,Bobby Green,Drakkar Klose,Blue,Lightweight,MALE,3,1,1,4,1,0,0,5,2,4,1,23,9,0,0,1,0,1,0,177.8,175.26,180.34,177.8,32,30,61.8889,54.0,0.476,0.52,0.1111,0.0,0.6667,1.6667,0.226,0.51,Orthodox,Orthodox,9,3
2018-12-15,Jared Gordon,Joaquim Silva,Blue,Lightweight,MALE,3,0,0,2,3,1,1,2,3,1,1,6,10,0,0,1,1,0,0,175.26,172.72,172.72,175.26,30,29,58.6667,35.0,0.5,0.445,0.0,0.25,2.0,0.0,0.313,0.0,Orthodox,Southpaw,3,4
2018-12-15,Gerald Meerschaert,Jack Hermansson,Blue,Middleweight,MALE,3,2,1,2,2,0,0,4,4,1,2,8,11,0,0,1,3,3,0,185.42,185.42,195.58,195.58,30,30,23.8,33.8333,0.466,0.52,0.8,0.1667,1.2,1.0,0.224,0.527,Southpaw,Orthodox,5,6
2018-12-15,Trevor Smith,Zak Cummings,Blue,Middleweight,MALE,3,0,0,2,2,1,1,5,6,5,3,26,19,0,0,0,1,0,3,190.5,182.88,190.5,190.5,37,34,42.5,25.8889,0.552,0.333,0.6,0.6667,1.6,0.7778,0.255,0.243,Orthodox,Southpaw,10,9
2018-12-08,Max Holloway,Brian Ortega,Red,Featherweight,MALE,5,12,6,12,6,0,0,15,6,3,1,46,16,3,0,8,3,2,3,180.34,172.72,175.26,175.26,27,27,74.2778,35.5714,0.432,0.347,0.3889,1.1429,0.2222,0.1429,0.167,0.047,Orthodox,Switch,18,7
2018-12-08,Alex Oliveira,Gunnar Nelson,Blue,Welterweight,MALE,3,2,0,3,4,0,1,9,7,4,3,28,21,0,0,4,0,3,6,180.34,180.34,193.04,182.88,30,30,26.1538,18.3,0.507,0.63,0.5385,0.7,2.0,1.0,0.288,0.625,Orthodox,Switch,13,10
2018-12-08,Hakeem Dawodu,Kyle Bochniak,Red,Featherweight,MALE,3,1,0,1,1,0,1,1,2,1,3,4,15,0,0,0,0,0,0,172.72,170.18,185.42,177.8,27,31,39.0,38.4,0.72,0.324,0.0,0.0,0.0,1.0,0.0,0.146,Orthodox,Orthodox,2,5
2018-12-08,Jimi Manuwa,Thiago Santos,Blue,Light Heavyweight,MALE,3,0,2,3,4,2,0,6,11,4,5,19,27,0,0,3,9,0,0,185.42,187.96,200.66,193.04,38,34,26.0,31.5625,0.527,0.459,0.2,0.0625,0.3,0.375,0.1,0.151,Orthodox,Orthodox,10,16
2018-12-08,Olivier Aubin-Mercier,Gilbert Burns,Blue,Lightweight,MALE,3,0,0,4,3,1,1,7,6,3,3,26,19,1,0,1,2,4,3,175.26,177.8,177.8,180.34,29,32,30.0,26.7778,0.543,0.417,0.5,0.5556,2.3,1.4444,0.289,0.457,Southpaw,Orthodox,10,9
2018-12-08,Elias Theodorou,Eryk Anders,Red,Middleweight,MALE,3,2,0,3,2,0,1,7,3,2,2,25,15,1,0,2,2,0,0,185.42,185.42,190.5,190.5,30,31,54.1111,41.6,0.416,0.536,0.0,0.2,1.4444,2.4,0.296,0.374,Orthodox,Southpaw,9,5
2018-12-08,Chad Laprise,Dhiego Lima,Blue,Welterweight,MALE,3,0,0,3,1,1,4,6,1,3,5,19,11,1,2,3,0,0,0,177.8,187.96,180.34,187.96,32,29,44.6667,17.1667,0.442,0.52,0.0,0.6667,0.6667,1.0,0.286,0.125,Orthodox,Orthodox,9,6
2018-12-08,Devin Clark,Aleksandar Rakic,Blue,Light Heavyweight,MALE,3,1,2,2,2,0,0,3,2,2,0,12,6,0,0,0,0,0,0,182.88,193.04,190.5,198.12,28,26,38.8,75.0,0.582,0.51,0.2,0.0,2.6,1.5,0.472,0.375,Orthodox,Orthodox,5,2
2018-12-01,Mauricio Rua,Tyson Pedro,Red,Light Heavyweight,MALE,3,0,0,3,2,1,1,9,3,9,2,45,7,3,0,7,1,0,2,185.42,190.5,193.04,200.66,37,27,38.7778,15.8,0.499,0.612,0.2222,0.6,1.1667,0.4,0.215,0.2,Orthodox,Orthodox,18,5
2018-12-01,Jake Matthews,Anthony Rocco Martin,Blue,Welterweight,MALE,3,3,2,3,3,0,0,7,6,3,4,22,26,0,0,0,1,4,2,180.34,182.88,185.42,185.42,24,28,31.0,33.6,0.462,0.388,0.6,1.0,1.7,0.8,0.455,0.248,Orthodox,Orthodox,10,10
2018-12-01,Mizuto Hirota,Christos Giagos,Blue,Lightweight,MALE,3,0,0,1,1,2,2,1,1,5,3,18,7,0,0,0,0,0,1,170.18,177.8,170.18,180.34,37,28,58.0,17.0,0.38,0.343,0.0,0.25,1.5,0.25,0.375,0.25,Orthodox,Orthodox,6,4
2018-11-30,Rafael Dos Anjos,Kamaru Usman,Blue,Welterweight,MALE,5,0,8,5,8,1,0,17,8,8,0,69,23,4,1,4,1,3,1,172.72,182.88,177.8,193.04,34,31,47.36,49.625,0.449,0.52,0.56,0.25,1.8,3.5,0.308,0.366,Southpaw,Switch,25,8
2018-11-30,Pedro Munhoz,Bryan Caraway,Red,Bantamweight,MALE,3,1,0,4,2,0,1,6,6,4,3,21,25,0,0,1,0,3,4,167.64,172.72,165.1,172.72,32,34,43.8,32.1111,0.486,0.326,0.8,0.6667,0.7,2.1111,0.28,0.356,Orthodox,Orthodox,10,9
2018-11-24,Song Kenan,Alex Morono,Blue,Welterweight,MALE,3,2,0,2,2,0,1,2,3,0,3,3,15,0,0,2,0,0,1,182.88,180.34,180.34,182.88,28,28,23.0,44.0,0.725,0.37,0.0,0.5,0.0,0.0,0.0,0.0,Orthodox,Orthodox,2,6
2018-11-17,Neil Magny,Santiago Ponzinibbio,Blue,Welterweight,MALE,5,2,6,7,6,0,0,14,8,5,2,48,21,0,0,5,4,1,0,190.5,182.88,203.2,185.42,31,32,43.9474,40.0,0.435,0.417,0.2632,0.0,2.1579,0.4,0.437,0.133,Orthodox,Orthodox,19,10
2018-11-17,Ricardo Lamas,Darren Elkins,Red,Featherweight,MALE,3,0,0,4,6,2,1,9,14,5,5,31,48,1,0,3,3,3,1,172.72,177.8,180.34,180.34,36,34,29.5714,38.3684,0.472,0.336,0.7143,1.1053,0.9286,2.0526,0.28,0.334,Orthodox,Orthodox,14,19
2018-11-17,Guido Cannetti,Marlon Vera,Blue,Bantamweight,MALE,3,1,1,1,3,0,0,2,5,2,4,9,23,0,0,0,2,0,2,167.64,172.72,172.72,177.8,38,25,27.75,38.5556,0.51,0.432,0.25,0.8889,1.75,0.4444,0.475,0.193,Southpaw,Switch,4,9
2018-11-17,Michel Prazeres,Bartosz Fabinski,Red,Welterweight,MALE,3,7,3,7,3,0,0,9,3,2,0,31,9,0,0,0,0,2,0,167.64,182.88,170.18,190.5,37,32,33.4545,33.6667,0.483,0.71,0.5455,0.0,3.7273,7.3333,0.419,0.7,Orthodox,Orthodox,11,3
2018-11-17,Humberto Bandenay,Austin Arnett,Blue,Featherweight,MALE,3,0,0,1,0,1,2,1,0,1,2,2,5,0,0,1,0,0,0,180.34,182.88,181.61,182.88,24,27,3.5,27.5,0.855,0.34,0.5,0.0,0.0,0.5,0.0,0.5,Southpaw,Orthodox,2,2
2018-11-10,Chan Sung Jung,Yair Rodriguez,Blue,Featherweight,MALE,5,1,0,3,6,0,1,4,6,1,1,12,20,1,1,2,2,2,0,170.18,180.34,182.88,180.34,31,26,28.8,51.1429,0.4,0.45,0.8,1.1429,1.0,1.1429,0.3,0.436,Orthodox,Orthodox,5,7
2018-11-10,Donald Cerrone,Mike Perry,Red,Welterweight,MALE,3,0,1,8,2,1,0,20,5,8,3,60,19,1,0,9,4,5,0,185.42,177.8,185.42,180.34,35,27,43.6786,44.125,0.494,0.483,0.3571,0.0,0.7143,0.5,0.291,0.239,Orthodox,Orthodox,28,8
2018-11-10,Mark De La Rosa,Joby Sanchez,Red,Bantamweight,MALE,3,1,0,1,1,0,2,1,1,1,3,4,9,0,0,0,0,1,0,167.64,167.64,165.1,172.72,24,27,13.5,33.5,0.53,0.263,0.5,0.25,1.0,0.5,0.33,0.25,Orthodox,Orthodox,2,4
2018-11-03,Chris Weidman,Jacare Souza,Blue,Middleweight,MALE,3,1,0,9,5,0,1,10,8,3,3,32,20,5,0,4,3,3,4,187.96,185.42,198.12,182.88,34,38,30.5385,22.5455,0.466,0.502,0.7692,0.7273,2.7692,1.1818,0.638,0.331,Orthodox,Orthodox,13,11
2018-11-03,David Branch,Jared Cannonier,Blue,Middleweight,MALE,3,1,0,2,2,0,2,4,3,3,4,17,15,0,0,1,2,0,0,185.42,180.34,198.12,195.58,37,34,18.0,33.2857,0.417,0.499,0.0,0.0,1.5714,0.1429,0.354,0.143,Orthodox,Switch,7,7
2018-11-03,Karl Roberson,Jack Marshman,Red,Middleweight,MALE,3,0,0,1,1,1,1,1,2,1,2,2,8,0,0,0,1,1,0,185.42,182.88,187.96,185.42,28,28,10.5,31.0,0.695,0.248,1.0,0.0,0.5,0.0,0.5,0.0,Southpaw,Orthodox,2,4
2018-11-03,Derek Brunson,Israel Adesanya,Blue,Middleweight,MALE,3,0,3,5,3,1,0,9,3,4,0,21,10,0,0,6,1,1,0,185.42,193.04,195.58,203.2,34,29,19.6923,76.0,0.456,0.567,0.2308,0.3333,1.0,0.0,0.11,0.0,Southpaw,Switch,13,3
2018-11-03,Jason Knight,Jordan Rinaldi,Blue,Featherweight,MALE,3,0,0,4,1,3,1,4,1,4,2,21,5,0,0,1,0,1,1,177.8,177.8,180.34,182.88,26,31,40.75,10.3333,0.361,0.413,1.625,0.6667,1.25,0.6667,0.301,0.093,Orthodox,Orthodox,8,3
2018-11-03,Julio Arce,Sheymon Moraes,Blue,Featherweight,MALE,3,2,1,2,1,0,0,2,1,0,1,6,6,0,0,0,0,1,0,170.18,172.72,177.8,182.88,29,28,67.5,45.5,0.35,0.5,0.5,0.0,0.0,0.0,0.0,0.0,Southpaw,Orthodox,2,2
2018-11-03,Lyman Good,Ben Saunders,Red,Welterweight,MALE,3,0,0,1,3,1,1,1,9,1,7,5,32,0,0,1,3,0,3,182.88,187.96,187.96,195.58,33,35,65.0,26.0,0.48,0.542,0.0,0.5625,0.5,0.125,0.5,0.125,Orthodox,Orthodox,2,16
2018-11-03,Shane Burgos,Kurt Holobaugh,Red,Featherweight,MALE,3,0,0,3,0,1,2,3,0,1,2,12,6,0,0,1,0,0,0,180.34,180.34,190.5,177.8,27,32,85.25,71.5,0.455,0.445,0.0,1.0,0.5,1.0,0.5,0.415,Orthodox,Orthodox,4,2
2018-10-27,Volkan Oezdemir,Anthony Smith,Blue,Light Heavyweight,MALE,5,0,2,3,3,1,0,3,6,1,3,7,19,1,0,2,5,0,0,187.96,193.04,190.5,193.04,29,30,34.25,29.5556,0.563,0.501,0.0,0.2222,0.0,0.3333,0.0,0.081,Orthodox,Orthodox,4,9
2018-10-27,Michael Johnson,Artem Lobov,Red,Featherweight,MALE,3,1,0,4,2,0,2,10,2,9,4,47,20,1,1,4,0,0,0,177.8,175.26,185.42,165.1,32,32,46.5263,56.3333,0.363,0.377,0.0526,0.0,0.4211,0.5,0.294,0.208,Southpaw,Southpaw,19,6
2018-10-27,Misha Cirkunov,Patrick Cummins,Red,Light Heavyweight,MALE,3,0,0,4,3,2,1,4,6,2,5,9,25,0,0,1,2,3,0,190.5,187.96,195.58,193.04,31,37,23.0,43.0,0.528,0.486,0.5,0.0909,1.5,3.0909,0.373,0.33,Orthodox,Orthodox,6,11
2018-10-27,Gian Villante,Ed Herman,Red,Light Heavyweight,MALE,3,0,0,2,3,1,2,6,10,7,10,34,44,0,1,4,3,0,4,190.5,185.42,193.04,195.58,33,38,50.0769,27.0,0.442,0.502,0.0,0.8,0.3846,1.6,0.173,0.494,Orthodox,Orthodox,13,20
2018-10-27,Alex Garcia,Court McGee,Blue,Welterweight,MALE,3,0,0,2,3,1,2,5,7,4,6,22,36,0,1,2,0,1,2,175.26,180.34,182.88,190.5,31,33,20.5556,64.7692,0.32,0.357,0.1111,0.4615,3.1111,1.7692,0.466,0.262,Orthodox,Orthodox,9,13
2018-10-27,Nordine Taleb,Sean Strickland,Blue,Welterweight,MALE,3,0,0,3,3,1,1,6,6,3,3,21,23,0,0,2,1,0,1,185.42,185.42,187.96,193.04,37,27,34.3333,51.0,0.591,0.368,0.0,0.4444,1.7778,1.2222,0.556,0.426,Orthodox,Orthodox,9,9
2018-10-27,Thibault Gouti,Nasrat Haqparast,Blue,Lightweight,MALE,3,0,1,1,1,1,0,1,1,4,1,9,6,0,0,1,0,0,0,177.8,177.8,182.88,182.88,31,23,20.4,60.0,0.312,0.41,0.2,0.0,0.8,0.5,0.16,0.5,Orthodox,Southpaw,5,2
2018-10-27,Stevie Ray,Jessin Ayari,Red,Lightweight,MALE,3,0,0,3,1,2,1,5,1,3,1,19,6,0,0,2,0,0,0,177.8,182.88,177.8,185.42,28,26,35.875,49.0,0.453,0.325,0.625,0.5,0.625,0.0,0.26,0.0,Southpaw,Orthodox,8,2
2018-10-06,Khabib Nurmagomedov,Conor McGregor,Red,Lightweight,MALE,5,10,2,10,7,0,0,10,9,0,1,29,20,1,3,2,7,2,0,177.8,175.26,177.8,187.96,30,30,58.7,47.3,0.505,0.485,0.5,0.0,4.9,0.5,0.374,0.18,Orthodox,Southpaw,10,10
2018-10-06,Tony Ferguson,Anthony Pettis,Red,Lightweight,MALE,3,10,1,10,5,0,0,13,8,1,6,31,36,2,4,2,2,6,4,180.34,177.8,193.04,182.88,34,31,51.2857,34.8571,0.419,0.477,1.0714,0.7143,0.4286,0.5714,0.297,0.154,Orthodox,Orthodox,14,14
2018-10-06,Ovince Saint Preux,Dominick Reyes,Blue,Light Heavyweight,MALE,3,1,2,4,2,0,0,11,2,6,0,38,2,1,0,5,1,4,1,190.5,193.04,203.2,195.58,35,28,23.7647,18.0,0.457,0.475,0.2941,0.5,0.5294,0.5,0.245,0.5,Southpaw,Southpaw,17,2
2018-10-06,Scott Holtzman,Alan Patrick,Red,Lightweight,MALE,3,2,3,2,3,0,0,4,5,2,1,18,15,0,0,0,1,1,0,175.26,180.34,175.26,187.96,35,35,63.3333,22.1667,0.513,0.503,0.3333,0.3333,3.0,3.6667,0.602,0.435,Orthodox,Southpaw,6,6
2018-10-06,Gray Maynard,Nik Lentz,Blue,Lightweight,MALE,3,1,0,8,4,0,1,11,12,8,8,54,54,2,0,1,2,0,2,175.26,172.72,177.8,172.72,39,34,25.2632,41.0,0.379,0.513,0.6316,1.1,2.6316,2.95,0.45,0.314,Orthodox,Orthodox,19,20
2018-10-06,Ryan LaFlare,Anthony Rocco Martin,Blue,Welterweight,MALE,3,1,1,4,3,0,0,7,5,2,4,28,23,0,0,0,0,0,2,185.42,182.88,187.96,185.42,35,28,43.5556,33.3333,0.4,0.38,0.2222,1.0,2.3333,0.8889,0.311,0.276,Southpaw,Orthodox,9,9
2018-09-22,Thiago Santos,Eryk Anders,Red,Light Heavyweight,MALE,5,1,1,4,2,0,0,10,3,5,1,24,12,0,0,8,2,0,0,187.96,185.42,193.04,190.5,34,31,27.0,44.0,0.446,0.553,0.0667,0.0,0.3333,1.5,0.095,0.318,Orthodox,Southpaw,15,4
2018-09-22,Sam Alvey,Rogerio Nogueira,Blue,Light Heavyweight,MALE,3,2,0,4,2,0,1,10,5,5,5,32,22,0,0,5,3,1,0,187.96,187.96,190.5,190.5,32,42,30.2,26.3,0.491,0.319,0.0667,0.2,0.0667,0.1,0.067,0.1,Southpaw,Southpaw,15,10
2018-09-22,Charles Oliveira,Christos Giagos,Red,Lightweight,MALE,3,1,0,4,1,0,1,11,1,9,2,37,5,0,0,0,0,10,1,177.8,177.8,187.96,180.34,28,28,20.85,16.6667,0.51,0.383,1.3,0.3333,1.3,0.3333,0.425,0.333,Orthodox,Orthodox,20,3
2018-09-22,Francisco Trinaldo,Evan Dunham,Red,Lightweight,MALE,3,0,0,7,4,1,2,12,11,5,8,42,47,0,0,2,1,2,1,175.26,177.8,177.8,177.8,40,36,37.9412,63.1579,0.488,0.387,0.4118,0.7895,0.9412,1.4211,0.356,0.309,Southpaw,Southpaw,17,19
2018-09-22,Sergio Moraes,Ben Saunders,Red,Welterweight,MALE,3,1,1,4,3,0,0,7,9,3,6,26,30,1,0,1,3,2,3,182.88,187.96,182.88,195.58,36,35,34.1,27.6667,0.467,0.545,0.3,0.6,0.8,0.1333,0.235,0.133,Orthodox,Orthodox,10,15
2018-09-22,Thales Leites,Hector Lombard,Red,Middleweight,MALE,3,0,0,5,2,2,6,12,3,8,8,54,26,1,0,2,2,5,0,185.42,175.26,198.12,180.34,37,40,25.4,35.3636,0.417,0.491,1.0,0.1818,1.75,1.3636,0.274,0.383,Orthodox,Southpaw,20,11
2018-09-15,Jan Blachowicz,Nikita Krylov,Red,Light Heavyweight,MALE,3,3,0,3,5,0,1,5,6,4,3,24,13,0,0,1,3,1,3,187.96,190.5,198.12,195.58,35,26,48.4444,29.6667,0.516,0.602,0.2222,0.5556,1.3333,0.1111,0.496,0.056,Orthodox,Orthodox,9,9
2018-09-15,Rustam Khabilov,Kajan Johnson,Red,Lightweight,MALE,3,5,0,5,4,0,1,8,4,2,2,27,16,0,0,1,1,0,0,172.72,180.34,185.42,190.5,31,34,26.7,28.6667,0.369,0.445,0.1,0.1667,3.5,1.5,0.472,0.202,Orthodox,Orthodox,10,6
2018-09-15,Mairbek Taisumov,Desmond Green,Red,Lightweight,MALE,3,5,1,5,1,0,0,6,2,1,2,13,12,0,0,5,0,0,0,175.26,177.8,185.42,185.42,30,28,22.1429,53.5,0.517,0.453,0.0,0.0,1.0,1.25,0.244,0.375,Orthodox,Southpaw,7,4
2018-09-15,Merab Dvalishvili,Terrion Ware,Red,Bantamweight,MALE,3,0,0,0,0,2,3,0,0,2,3,6,9,0,0,0,0,0,0,167.64,172.72,172.72,180.34,27,32,54.0,77.6667,0.34,0.333,0.0,0.0,8.5,0.6667,0.37,0.11,Orthodox,Orthodox,2,3
2018-09-08,Tyron Woodley,Darren Till,Red,Welterweight,MALE,5,2,4,3,4,0,0,8,5,3,1,30,17,4,0,5,2,0,0,175.26,182.88,187.96,187.96,36,25,32.4545,36.0,0.528,0.48,0.1818,0.0,0.4545,0.5,0.227,0.277,Orthodox,Southpaw,11,6
2018-09-08,Zabit Magomedsharipov,Brandon Davis,Red,Featherweight,MALE,3,3,0,3,1,0,1,3,1,0,2,8,9,0,0,0,0,2,0,185.42,177.8,185.42,182.88,27,28,58.6667,60.3333,0.537,0.353,1.0,0.0,5.6667,0.3333,0.503,0.333,Orthodox,Orthodox,3,3
2018-09-08,Jimmie Rivera,John Dodson,Red,Bantamweight,MALE,3,0,1,5,3,1,0,5,9,1,4,14,37,0,3,1,4,0,0,162.56,160.02,172.72,167.64,29,33,46.6667,46.5385,0.36,0.431,0.0,0.0,0.8333,0.6923,0.138,0.249,Orthodox,Orthodox,6,13
2018-09-08,Abdul Razak Alhassan,Niko Price,Red,Welterweight,MALE,3,2,2,2,2,0,0,3,4,1,2,6,10,0,0,3,2,0,2,177.8,182.88,185.42,193.04,33,28,23.75,16.6667,0.45,0.357,0.0,0.8333,0.25,0.6667,0.083,0.192,Orthodox,Orthodox,4,6
2018-09-08,Aljamain Sterling,Cody Stamann,Red,Bantamweight,MALE,3,1,3,4,3,0,0,7,3,3,0,27,9,0,0,1,0,2,0,170.18,167.64,180.34,162.56,29,28,49.3,85.0,0.487,0.513,0.7,0.0,1.9,4.0,0.479,0.487,Orthodox,Orthodox,10,3
2018-09-08,Jim Miller,Alex White,Red,Lightweight,MALE,3,0,0,7,1,4,1,17,3,12,4,69,18,0,0,3,2,6,0,172.72,182.88,180.34,180.34,35,29,30.0,46.0,0.374,0.43,1.3448,0.1429,1.2069,0.7143,0.417,0.25,Southpaw,Southpaw,29,7
2018-08-25,Justin Gaethje,James Vick,Red,Lightweight,MALE,5,0,4,1,5,2,0,1,9,2,1,9,21,0,0,1,2,0,3,180.34,190.5,177.8,193.04,29,31,113.6667,38.5,0.547,0.332,0.0,0.5,0.0,0.2,0.0,0.1,Orthodox,Orthodox,3,10
2018-08-25,Michael Johnson,Andre Fili,Red,Featherweight,MALE,3,0,2,4,2,3,0,9,6,9,4,44,24,1,0,4,2,0,0,177.8,180.34,185.42,187.96,32,28,45.5,42.2,0.352,0.356,0.0556,0.1,0.4444,2.1,0.31,0.503,Southpaw,Orthodox,18,10
2018-08-25,Jake Ellenberger,Bryan Barberena,Blue,Welterweight,MALE,3,0,0,6,2,3,1,10,4,10,3,40,18,0,0,5,2,1,1,175.26,182.88,180.34,182.88,33,29,20.25,59.4286,0.412,0.5,0.2,0.2857,1.15,0.2857,0.353,0.19,Orthodox,Southpaw,20,7
2018-08-25,James Krause,Warlley Alves,Red,Welterweight,MALE,3,4,2,4,4,0,0,6,6,3,2,21,20,0,1,1,0,2,3,187.96,180.34,185.42,182.88,32,27,53.6667,32.0,0.472,0.47,0.6667,0.75,0.7778,0.875,0.212,0.325,Orthodox,Orthodox,9,8
2018-08-25,Andrew Sanchez,Markus Perez,Red,Middleweight,MALE,3,0,1,2,1,2,0,2,1,2,1,12,4,1,0,0,0,0,1,185.42,185.42,187.96,185.42,30,30,66.0,17.0,0.55,0.75,0.0,1.5,3.25,1.5,0.33,0.7,Orthodox,Orthodox,4,2
2018-08-25,Mickey Gall,George Sullivan,Red,Welterweight,MALE,3,0,0,3,2,1,2,3,3,1,3,7,14,0,0,0,1,3,0,187.96,182.88,187.96,185.42,26,37,9.5,38.6667,0.513,0.463,2.0,0.5,0.75,1.0,0.5,0.3,Switch,Orthodox,4,6
2018-08-25,Drew Dober,Jon Tuck,Red,Lightweight,MALE,3,2,1,2,1,0,0,5,4,5,4,20,20,0,0,2,1,1,2,172.72,180.34,177.8,185.42,29,33,37.7,36.375,0.352,0.424,0.1,0.75,0.5,0.375,0.035,0.075,Southpaw,Orthodox,10,8
2018-08-25,Rani Yahya,Luke Sanders,Red,Bantamweight,MALE,3,2,1,4,1,0,0,10,2,4,2,35,8,0,0,0,0,5,1,167.64,167.64,170.18,170.18,33,32,19.2143,50.5,0.468,0.5,1.3571,0.25,2.4286,0.25,0.383,0.125,Orthodox,Southpaw,14,4
2018-08-04,TJ Dillashaw,Cody Garbrandt,Red,Bantamweight,MALE,5,3,0,4,6,0,1,11,6,3,1,41,16,6,2,6,4,1,0,167.64,172.72,170.18,165.1,32,27,68.5,34.7143,0.394,0.366,0.8571,0.0,1.5,0.7143,0.341,0.154,Orthodox,Orthodox,14,7
2018-08-04,Cub Swanson,Renato Moicano,Blue,Featherweight,MALE,3,0,1,6,3,2,0,10,4,5,1,45,14,0,0,4,0,0,1,172.72,180.34,177.8,182.88,34,29,64.4667,77.4,0.486,0.472,0.1333,0.2,0.7333,1.0,0.404,0.38,Orthodox,Orthodox,15,5
2018-08-04,Pedro Munhoz,Brett Johns,Red,Bantamweight,MALE,3,0,0,4,3,1,1,5,3,4,1,18,10,0,0,1,0,3,1,167.64,170.18,165.1,180.34,31,26,35.6667,33.25,0.488,0.388,0.7778,0.5,0.7778,3.75,0.311,0.383,Orthodox,Orthodox,9,4
2018-08-04,Ricardo Ramos,Kyung Ho Kang,Red,Bantamweight,MALE,3,2,3,2,3,0,0,2,3,0,2,6,13,0,0,1,0,0,2,175.26,175.26,182.88,185.42,23,30,43.5,24.6,0.475,0.378,0.5,1.4,1.5,2.2,0.3,0.61,Orthodox,Orthodox,2,5
2018-07-28,Eddie Alvarez,Dustin Poirier,Blue,Lightweight,MALE,5,1,2,3,4,0,0,4,15,3,5,17,43,2,0,2,7,0,3,175.26,175.26,175.26,182.88,34,29,53.4286,52.3,0.404,0.501,0.0,0.55,1.7143,1.2,0.25,0.267,Orthodox,Southpaw,7,20
2018-07-28,Jose Aldo,Jeremy Stephens,Red,Featherweight,MALE,3,0,3,7,3,2,0,8,15,3,13,42,75,11,0,2,7,0,0,170.18,172.72,177.8,180.34,31,32,59.1818,38.0714,0.422,0.441,0.2727,0.3571,1.0909,0.9643,0.216,0.253,Orthodox,Orthodox,11,28
2018-07-28,Jordan Mein,Alex Morono,Red,Welterweight,MALE,3,1,1,2,2,0,0,4,3,4,2,18,12,0,0,2,0,0,1,182.88,180.34,185.42,182.88,28,27,33.375,48.8,0.509,0.386,0.25,0.4,1.375,0.0,0.314,0.0,Orthodox,Orthodox,8,5
2018-07-28,Kajan Johnson,Islam Makhachev,Blue,Lightweight,MALE,3,4,3,4,3,0,0,4,4,1,1,15,10,0,0,1,1,0,1,180.34,177.8,190.5,177.8,34,26,33.0,18.8,0.452,0.554,0.2,0.6,1.8,2.4,0.242,0.52,Orthodox,Orthodox,5,5
2018-07-28,Gadzhimurad Antigulov,Ion Cutelaba,Blue,Light Heavyweight,MALE,3,2,1,2,1,0,0,2,2,0,2,2,10,0,0,0,1,2,0,180.34,185.42,177.8,190.5,31,24,1.0,43.25,0.25,0.413,1.0,0.0,1.0,1.5,1.0,0.213,Orthodox,Southpaw,2,4
2018-07-28,John Makdessi,Ross Pearson,Red,Lightweight,MALE,3,1,1,3,3,0,0,8,12,6,12,33,62,0,1,3,4,0,0,172.72,172.72,172.72,175.26,33,33,56.3571,42.625,0.486,0.417,0.0,0.0,0.0,0.625,0.0,0.333,Orthodox,Orthodox,14,24
2018-07-28,Devin Powell,Alvaro Herrera,Red,Lightweight,MALE,3,0,0,0,1,2,2,0,1,2,2,6,4,0,0,0,1,0,0,182.88,182.88,185.42,187.96,30,28,32.5,6.0,0.405,0.393,1.0,0.3333,0.0,0.0,0.0,0.0,Orthodox,Orthodox,2,3
2018-07-22,Mauricio Rua,Anthony Smith,Blue,Light Heavyweight,MALE,5,3,1,3,3,0,0,9,5,8,3,44,18,3,0,7,4,0,0,185.42,193.04,193.04,193.04,36,29,40.8235,30.375,0.509,0.471,0.2353,0.25,1.2353,0.375,0.228,0.091,Orthodox,Orthodox,17,8
2018-07-22,Glover Teixeira,Corey Anderson,Blue,Light Heavyweight,MALE,3,1,1,5,3,0,0,10,7,4,4,32,28,1,1,4,2,3,0,187.96,190.5,193.04,200.66,38,28,32.9286,54.5455,0.453,0.484,0.4286,0.0,1.4286,4.0909,0.393,0.545,Orthodox,Orthodox,14,11
2018-07-22,Nick Hein,Damir Hadzovic,Blue,Lightweight,MALE,3,0,0,3,1,1,1,4,1,2,2,16,7,0,0,0,1,0,0,167.64,175.26,167.64,177.8,34,31,32.6667,15.0,0.335,0.503,0.0,0.3333,0.8333,0.0,0.177,0.0,Southpaw,Orthodox,6,3
2018-07-22,Emil Meek,Bartosz Fabinski,Blue,Welterweight,MALE,3,0,2,1,2,1,0,1,2,1,0,6,6,0,0,0,0,0,0,180.34,182.88,187.96,190.5,29,32,40.0,33.0,0.405,0.705,1.5,0.0,0.5,8.0,0.25,0.72,Switch,Orthodox,2,2
2018-07-14,Sage Northcutt,Zak Ottow,Red,Welterweight,MALE,3,2,1,2,1,0,0,5,3,2,2,16,11,0,0,1,1,1,0,182.88,180.34,180.34,182.88,22,31,34.7143,34.6,0.581,0.39,0.2857,0.2,1.1429,0.4,0.416,0.132,Orthodox,Orthodox,7,5
2018-07-14,Dennis Bermudez,Rick Glenn,Blue,Featherweight,MALE,3,0,0,7,2,3,1,9,2,6,2,36,12,1,0,1,0,2,0,167.64,182.88,167.64,177.8,31,29,51.0,66.5,0.46,0.393,0.8,0.25,2.6667,1.0,0.387,0.143,Orthodox,Southpaw,15,4
2018-07-14,Randy Brown,Niko Price,Blue,Welterweight,MALE,3,1,1,2,1,0,0,4,3,2,2,16,8,0,0,1,1,1,2,190.5,182.88,198.12,193.04,28,28,34.1667,17.6,0.467,0.368,0.5,1.0,0.6667,0.6,0.43,0.13,Orthodox,Orthodox,6,5
2018-07-14,Myles Jury,Chad Mendes,Blue,Featherweight,MALE,3,2,0,6,5,0,2,8,8,2,4,21,25,0,3,3,5,1,0,177.8,167.64,185.42,167.64,29,33,24.8,28.0,0.378,0.574,0.2,0.1667,1.6,2.0,0.496,0.283,Orthodox,Orthodox,10,12
2018-07-14,Eddie Wineland,Alejandro Perez,Blue,Bantamweight,MALE,3,0,3,2,3,1,0,5,6,6,2,26,18,1,1,4,3,0,0,170.18,167.64,175.26,170.18,34,28,34.6364,38.625,0.256,0.361,0.0,0.125,0.1818,0.375,0.121,0.124,Orthodox,Orthodox,11,8
2018-07-14,Darren Elkins,Alexander Volkanovski,Blue,Featherweight,MALE,3,6,4,6,4,0,0,14,4,4,0,45,10,0,0,3,2,1,0,177.8,167.64,180.34,180.34,34,29,35.9444,69.5,0.328,0.615,1.1667,0.0,2.1111,3.5,0.344,0.645,Orthodox,Orthodox,18,4
2018-07-07,Paul Felder,Mike Perry,Blue,Welterweight,MALE,3,3,0,3,2,0,2,7,4,3,3,24,16,0,0,4,4,1,0,180.34,177.8,177.8,180.34,34,26,38.8,41.5714,0.463,0.471,0.3,0.0,0.3,0.2857,0.15,0.179,Orthodox,Orthodox,10,7
2018-07-07,Michael Chiesa,Anthony Pettis,Blue,Lightweight,MALE,3,0,0,3,5,1,1,7,7,3,6,20,34,1,4,0,2,5,3,185.42,177.8,190.5,182.88,30,31,18.1,36.8462,0.384,0.483,0.8,0.6154,1.5,0.6154,0.403,0.166,Southpaw,Orthodox,10,13
2018-07-07,Uriah Hall,Paulo Costa,Blue,Middleweight,MALE,3,1,3,3,3,0,0,6,3,6,0,24,5,1,0,3,3,0,0,182.88,185.42,200.66,182.88,33,27,27.5,38.0,0.541,0.583,0.1667,0.0,0.5833,0.0,0.27,0.0,Orthodox,Orthodox,12,3
2018-07-07,Raphael Assuncao,Rob Font,Red,Bantamweight,MALE,3,3,1,7,2,0,0,10,5,2,2,32,12,0,0,2,4,1,1,165.1,172.72,167.64,180.34,35,31,46.5833,38.7143,0.415,0.479,0.1667,0.5714,0.9167,0.7143,0.192,0.29,Orthodox,Orthodox,12,7
2018-07-07,Lando Vannata,Drakkar Klose,Blue,Lightweight,MALE,3,0,0,1,1,2,1,1,1,3,1,9,6,0,0,1,0,0,0,175.26,175.26,180.34,177.8,26,30,57.5,53.5,0.41,0.5,0.25,0.0,1.25,2.0,0.45,0.64,Orthodox,Orthodox,4,2
2018-07-07,Dan Hooker,Gilbert Burns,Red,Lightweight,MALE,3,3,2,3,3,0,0,6,6,3,2,19,18,0,0,4,2,2,3,182.88,177.8,190.5,180.34,28,31,34.7778,28.5,0.457,0.411,0.2222,0.625,0.3333,1.625,0.11,0.514,Switch,Orthodox,9,8
2018-07-06,Brad Tavares,Israel Adesanya,Blue,Middleweight,MALE,5,4,2,5,2,0,0,12,2,4,0,43,5,0,0,2,1,0,0,185.42,193.04,187.96,203.2,30,28,41.0,54.5,0.427,0.575,0.0,0.0,0.9375,0.0,0.211,0.0,Orthodox,Switch,16,2
2018-07-06,Alex Caceres,Martin Bravo,Red,Featherweight,MALE,3,0,0,2,1,1,1,8,1,10,1,48,3,0,1,0,1,2,0,177.8,172.72,185.42,180.34,30,24,46.5556,28.5,0.462,0.395,0.7222,0.0,0.5,0.0,0.241,0.0,Southpaw,Southpaw,18,2
2018-07-06,Gerald Meerschaert,Oskar Piechota,Red,Middleweight,MALE,3,1,2,2,2,0,0,3,2,1,0,6,4,0,0,1,1,2,0,185.42,182.88,195.58,193.04,30,28,17.0,36.5,0.46,0.685,0.5,1.5,0.75,0.5,0.093,0.165,Southpaw,Southpaw,4,2
2018-06-23,Donald Cerrone,Leon Edwards,Blue,Welterweight,MALE,5,1,5,8,5,0,0,20,7,7,2,55,25,1,0,9,2,5,1,185.42,182.88,185.42,187.96,35,26,43.0741,28.4444,0.495,0.537,0.3704,0.5556,0.7037,1.3333,0.298,0.246,Orthodox,Southpaw,27,9
2018-06-23,Ovince Saint Preux,Tyson Pedro,Red,Light Heavyweight,MALE,3,0,1,4,2,1,0,10,3,6,1,37,6,1,0,5,1,3,2,190.5,190.5,203.2,200.66,35,26,24.8125,17.5,0.449,0.578,0.25,0.5,0.5625,0.5,0.26,0.25,Southpaw,Orthodox,16,4
2018-06-23,Li Jingliang,Daichi Abe,Red,Welterweight,MALE,3,0,0,3,1,1,1,5,1,3,1,17,6,0,0,4,0,0,0,182.88,180.34,180.34,180.34,30,26,39.25,63.0,0.411,0.35,0.0,0.0,0.75,0.5,0.323,0.5,Orthodox,Orthodox,8,2
2018-06-23,Shinsho Anzai,Jake Matthews,Blue,Welterweight,MALE,3,2,2,2,2,0,0,2,6,1,3,7,21,0,0,0,0,0,3,170.18,180.34,177.8,185.42,32,23,35.0,33.1111,0.61,0.443,0.0,0.5556,1.3333,1.7778,0.42,0.394,Orthodox,Orthodox,3,9
2018-06-09,Robert Whittaker,Yoel Romero,Red,Middleweight,MALE,5,8,1,8,8,0,0,10,9,2,1,30,30,2,2,5,7,0,0,182.88,182.88,185.42,185.42,27,41,53.8333,39.1,0.442,0.57,0.0,0.0,0.3333,1.7,0.25,0.271,Orthodox,Southpaw,12,10
2018-06-09,Rafael Dos Anjos,Colby Covington,Blue,Welterweight,MALE,5,3,5,5,5,0,0,17,8,7,1,64,23,3,0,4,2,3,2,172.72,180.34,177.8,182.88,33,30,44.9583,35.3333,0.446,0.54,0.5833,0.2222,1.75,4.5556,0.3,0.506,Southpaw,Orthodox,24,9
2018-06-09,Ricardo Lamas,Mirsad Bektic,Blue,Featherweight,MALE,3,0,1,4,4,1,0,9,5,4,1,28,13,1,0,3,2,3,1,172.72,172.72,180.34,177.8,36,27,29.2308,29.3333,0.467,0.472,0.6154,0.3333,1.0,2.5,0.302,0.47,Orthodox,Orthodox,13,6
2018-06-09,Rashad Evans,Anthony Smith,Blue,Light Heavyweight,MALE,3,0,0,5,3,4,1,14,4,8,3,61,17,4,0,6,3,0,0,182.88,193.04,190.5,193.04,38,29,27.8636,33.8571,0.387,0.444,0.0,0.2857,2.4091,0.4286,0.349,0.104,Orthodox,Orthodox,22,7
2018-06-09,Clay Guida,Charles Oliveira,Blue,Lightweight,MALE,3,2,0,4,4,0,1,14,10,11,9,66,36,0,0,2,0,4,9,170.18,177.8,177.8,187.96,36,28,28.92,21.2105,0.358,0.511,0.56,1.3158,2.52,1.3684,0.356,0.447,Orthodox,Orthodox,25,19
2018-06-01,Jimmie Rivera,Marlon Moraes,Blue,Bantamweight,MALE,5,5,2,5,2,0,0,5,2,0,1,13,7,0,0,1,1,0,0,162.56,167.64,172.72,170.18,28,30,56.0,32.0,0.432,0.377,0.0,0.3333,1.0,0.3333,0.166,0.167,Orthodox,Orthodox,5,3
2018-06-01,Gregor Gillespie,Vinc Pichel,Red,Lightweight,MALE,3,4,4,4,4,0,0,4,4,0,1,7,11,0,0,2,1,1,0,170.18,177.8,180.34,182.88,31,35,25.75,36.0,0.518,0.372,0.25,0.2,2.5,3.4,0.355,0.326,Orthodox,Orthodox,4,5
2018-06-01,Jake Ellenberger,Ben Saunders,Blue,Welterweight,MALE,3,0,0,6,3,2,2,10,8,9,6,39,29,0,0,5,2,1,3,175.26,187.96,180.34,195.58,33,35,21.0526,28.9286,0.404,0.55,0.2105,0.6429,1.2105,0.1429,0.371,0.143,Orthodox,Orthodox,19,14
2018-06-01,Gian Villante,Sam Alvey,Blue,Light Heavyweight,MALE,3,1,1,2,4,0,0,6,9,6,5,31,29,0,0,4,5,0,1,190.5,187.96,193.04,190.5,32,32,50.0833,28.5714,0.448,0.496,0.0,0.0714,0.4167,0.0714,0.188,0.071,Orthodox,Southpaw,12,14
2018-06-01,Nik Lentz,David Teymur,Blue,Lightweight,MALE,3,1,4,4,4,0,0,12,4,7,0,51,10,0,0,2,2,2,0,172.72,175.26,172.72,185.42,33,29,39.9474,51.5,0.517,0.465,1.1579,0.0,3.1053,1.0,0.33,0.403,Orthodox,Southpaw,19,4
2018-06-01,Desmond Green,Gleison Tibau,Red,Lightweight,MALE,3,0,0,1,3,2,3,1,16,2,11,9,64,0,0,0,1,0,4,177.8,177.8,185.42,180.34,28,34,45.6667,21.2222,0.47,0.361,0.0,0.6296,1.6667,3.1111,0.5,0.497,Southpaw,Southpaw,3,27
2018-05-27,Stephen Thompson,Darren Till,Blue,Welterweight,MALE,5,1,3,7,3,0,0,9,4,3,1,33,12,2,0,5,2,0,0,182.88,182.88,190.5,187.96,35,25,49.9167,35.6,0.47,0.516,0.0,0.0,0.4167,0.6,0.153,0.332,Orthodox,Southpaw,12,5
2018-05-27,Arnold Allen,Mads Burnell,Red,Featherweight,MALE,3,3,1,3,1,0,0,3,1,0,1,9,6,0,0,0,0,1,0,172.72,172.72,177.8,175.26,24,24,28.6667,15.0,0.343,0.455,0.6667,0.5,2.6667,1.5,0.583,0.21,Southpaw,Orthodox,3,2
2018-05-27,Jason Knight,Makwan Amirkhani,Blue,Featherweight,MALE,3,0,0,4,3,2,1,4,3,3,1,18,8,0,0,1,1,1,1,177.8,177.8,180.34,182.88,25,29,42.4286,13.75,0.367,0.463,1.7143,1.25,1.4286,2.25,0.344,0.475,Orthodox,Southpaw,7,4
2018-05-27,Claudio Silva,Nordine Taleb,Red,Welterweight,MALE,3,2,2,2,3,0,0,2,6,0,2,6,20,0,0,0,2,0,0,180.34,185.42,180.34,187.96,35,36,35.0,37.875,0.45,0.603,0.5,0.0,3.0,1.875,0.265,0.563,Southpaw,Orthodox,2,8
2018-05-27,Eric Spicely,Darren Stewart,Blue,Middleweight,MALE,3,0,0,2,0,1,4,2,0,2,4,5,7,0,0,0,0,2,0,185.42,182.88,185.42,187.96,31,27,7.5,19.25,0.565,0.495,0.75,0.0,0.75,1.5,0.258,0.34,Orthodox,Orthodox,4,4
2018-05-27,Daniel Kelly,Tom Breese,Blue,Middleweight,MALE,3,0,0,4,3,2,1,6,3,3,1,21,8,0,0,1,2,1,0,182.88,190.5,177.8,185.42,40,26,38.2222,35.75,0.377,0.55,0.2222,0.25,1.3333,0.0,0.24,0.0,Southpaw,Southpaw,9,4
2018-05-27,Elias Theodorou,Trevor Smith,Red,Middleweight,MALE,3,1,1,3,2,0,0,6,5,2,4,22,23,1,0,2,0,0,0,185.42,190.5,190.5,190.5,29,37,51.25,42.6667,0.399,0.558,0.0,0.6667,1.625,1.4444,0.333,0.253,Orthodox,Orthodox,8,9
2018-05-19,Demian Maia,Kamaru Usman,Blue,Welterweight,MALE,5,0,7,7,7,2,0,19,7,8,0,73,18,2,1,1,1,9,1,185.42,182.88,182.88,193.04,40,31,22.7778,47.2857,0.536,0.55,0.8889,0.2857,2.2222,4.0,0.375,0.419,Southpaw,Switch,27,7
2018-05-19,Diego Rivas,Guido Cannetti,Blue,Bantamweight,MALE,3,0,0,2,1,1,1,2,1,1,2,8,6,0,0,1,0,0,0,172.72,167.64,175.26,172.72,26,38,15.6667,28.6667,0.423,0.523,0.6667,0.0,1.3333,2.0,0.887,0.523,Orthodox,Southpaw,3,3
2018-05-19,Vicente Luque,Chad Laprise,Red,Welterweight,MALE,3,1,3,4,3,0,0,5,6,2,2,13,18,0,1,2,3,3,0,180.34,177.8,190.5,180.34,26,31,24.2857,48.625,0.486,0.443,0.5714,0.0,0.8571,0.75,0.154,0.321,Orthodox,Orthodox,7,8
2018-05-19,Zak Cummings,Michel Prazeres,Blue,Welterweight,MALE,3,2,6,2,6,0,0,6,8,2,2,16,28,0,0,1,0,3,2,182.88,167.64,190.5,170.18,33,36,25.625,33.8,0.338,0.492,0.75,0.6,0.875,3.8,0.274,0.428,Southpaw,Orthodox,8,10
2018-05-19,Enrique Barzola,Brandon Davis,Red,Featherweight,MALE,3,3,1,3,1,0,0,4,1,1,1,15,6,1,0,0,0,0,0,170.18,177.8,177.8,182.88,29,28,53.2,76.0,0.436,0.365,0.2,0.0,5.4,0.5,0.468,0.5,Switch,Orthodox,5,2
2018-05-19,Henry Briones,Frankie Saenz,Blue,Bantamweight,MALE,3,0,1,1,3,3,0,1,4,3,3,9,21,0,0,0,0,1,0,172.72,167.64,175.26,167.64,37,37,33.5,57.1429,0.323,0.453,0.25,0.1429,0.0,1.4286,0.0,0.244,Orthodox,Orthodox,4,7
2018-05-12,Jacare Souza,Kelvin Gastelum,Blue,Middleweight,MALE,3,1,1,5,5,0,0,8,9,2,4,17,32,0,1,3,3,4,2,185.42,175.26,182.88,180.34,38,26,18.4,44.9231,0.497,0.465,0.7,0.1538,1.2,0.6923,0.353,0.243,Orthodox,Southpaw,10,13
2018-05-12,John Lineker,Brian Kelleher,Red,Bantamweight,MALE,3,1,2,6,2,0,0,11,3,3,1,35,8,0,0,5,1,1,1,160.02,167.64,170.18,167.64,27,31,57.2857,46.25,0.413,0.438,0.4286,0.5,0.4286,0.75,0.179,0.395,Orthodox,Switch,14,4
2018-05-12,Vitor Belfort,Lyoto Machida,Blue,Middleweight,MALE,3,1,1,3,8,0,0,15,15,10,8,38,61,6,5,11,6,2,1,182.88,185.42,187.96,187.96,41,39,11.4,30.6522,0.507,0.524,0.32,0.3478,0.24,0.6087,0.11,0.267,Southpaw,Southpaw,25,23
2018-05-12,Davi Ramos,Nick Hein,Red,Lightweight,MALE,3,1,3,1,3,0,0,1,4,1,1,6,15,0,0,0,0,1,0,167.64,167.64,177.8,167.64,31,34,45.0,39.0,0.36,0.37,0.5,0.0,2.5,1.0,0.275,0.212,Orthodox,Southpaw,2,5
2018-05-12,Elizeu Zaleski dos Santos,Sean Strickland,Red,Welterweight,MALE,3,4,1,4,3,0,0,4,6,1,2,15,22,0,0,1,1,0,1,180.34,185.42,185.42,193.04,31,27,66.0,55.625,0.408,0.366,0.6,0.5,0.4,1.375,0.228,0.479,Orthodox,Orthodox,5,8
2018-05-12,Warlley Alves,Sultan Aliev,Red,Welterweight,MALE,3,1,1,4,1,0,0,5,1,2,1,18,4,1,0,0,0,3,0,180.34,180.34,182.88,187.96,27,33,32.4286,11.5,0.454,0.57,0.8571,0.0,1.0,1.0,0.371,0.33,Orthodox,Orthodox,7,2
2018-05-12,Thales Leites,Jack Hermansson,Blue,Middleweight,MALE,3,0,0,5,2,1,1,12,3,7,2,51,8,1,0,2,2,5,0,185.42,185.42,198.12,195.58,36,29,26.1579,33.6,0.405,0.5,0.8947,0.0,1.6842,0.6,0.271,0.432,Orthodox,Orthodox,19,5
2018-04-21,Edson Barboza,Kevin Lee,Blue,Lightweight,MALE,5,0,0,4,5,1,1,13,9,5,3,43,26,0,1,6,1,0,4,180.34,175.26,190.5,195.58,32,25,40.6667,36.9167,0.441,0.448,0.0556,0.9167,0.3889,2.3333,0.203,0.444,Orthodox,Orthodox,18,12
2018-04-21,Frankie Edgar,Cub Swanson,Red,Featherweight,MALE,3,0,0,5,6,1,1,16,10,7,4,80,42,8,0,4,4,2,0,167.64,172.72,172.72,177.8,36,34,61.087,65.6429,0.429,0.495,0.4348,0.1429,2.913,0.7857,0.305,0.433,Orthodox,Orthodox,23,14
2018-04-21,David Branch,Thiago Santos,Red,Middleweight,MALE,3,0,4,2,4,1,0,3,9,3,4,16,20,0,0,0,8,0,0,185.42,187.96,198.12,193.04,36,34,20.1667,24.7692,0.432,0.443,0.0,0.0,1.8333,0.1538,0.413,0.077,Orthodox,Orthodox,6,13
2018-04-21,Aljamain Sterling,Brett Johns,Red,Bantamweight,MALE,3,0,3,4,3,1,0,6,3,3,0,24,7,0,0,1,0,2,1,170.18,170.18,180.34,180.34,28,26,44.8889,35.3333,0.477,0.417,0.7778,0.6667,1.7778,4.6667,0.496,0.443,Orthodox,Orthodox,9,3
2018-04-21,Jim Miller,Dan Hooker,Blue,Lightweight,MALE,3,0,2,7,2,3,0,17,5,11,3,68,18,0,0,3,3,6,2,172.72,182.88,180.34,190.5,34,28,30.7143,36.125,0.37,0.446,1.3929,0.25,1.2143,0.375,0.414,0.124,Southpaw,Switch,28,8
2018-04-21,Ryan LaFlare,Alex Garcia,Red,Welterweight,MALE,3,0,1,4,2,1,0,6,5,2,3,25,19,0,0,0,2,0,1,185.42,175.26,187.96,182.88,34,30,46.0,21.75,0.388,0.335,0.25,0.125,2.5,2.875,0.33,0.435,Southpaw,Orthodox,8,8
2018-04-21,Siyar Bahadurzada,Luan Chagas,Red,Welterweight,MALE,3,2,1,2,1,0,0,3,1,2,2,12,8,0,0,2,0,1,1,180.34,182.88,185.42,190.5,34,24,35.8,60.6667,0.488,0.467,0.4,0.3333,0.8,0.3333,0.3,0.083,Orthodox,Orthodox,5,3
2018-04-21,Corey Anderson,Patrick Cummins,Red,Light Heavyweight,MALE,3,0,2,3,3,2,0,6,6,4,4,25,22,1,0,2,2,0,0,190.5,187.96,200.66,193.04,28,37,53.6,44.2,0.479,0.504,0.0,0.1,3.3,3.4,0.508,0.363,Orthodox,Orthodox,10,10
2018-04-21,Anthony Rocco Martin,Keita Nakamura,Red,Welterweight,MALE,3,0,1,3,1,1,0,4,3,4,5,20,23,0,0,0,0,2,2,182.88,180.34,185.42,185.42,28,33,30.5,30.375,0.375,0.364,0.875,0.5,1.0,2.0,0.31,0.541,Orthodox,Southpaw,8,8
2018-04-14,Dustin Poirier,Justin Gaethje,Red,Lightweight,MALE,5,1,0,4,1,0,1,14,1,5,1,39,5,0,0,6,1,3,0,175.26,180.34,182.88,177.8,29,29,45.8947,113.0,0.501,0.55,0.5789,0.0,1.2632,0.0,0.281,0.0,Southpaw,Orthodox,19,2
2018-04-14,Carlos Condit,Alex Oliveira,Blue,Welterweight,MALE,3,0,0,5,3,3,1,7,7,7,4,41,25,3,0,4,3,0,2,187.96,180.34,190.5,193.04,33,30,57.0714,29.4545,0.359,0.5,0.6429,0.5455,0.4286,2.0909,0.136,0.25,Orthodox,Orthodox,14,11
2018-04-14,Tim Boetsch,Antonio Carlos Junior,Blue,Middleweight,MALE,3,1,3,4,3,0,0,12,5,10,3,47,20,0,1,7,0,0,3,182.88,187.96,187.96,200.66,37,28,26.6818,22.0,0.518,0.409,0.5,0.625,0.9545,3.0,0.179,0.481,Orthodox,Orthodox,22,8
2018-04-14,Krzysztof Jotko,Brad Tavares,Blue,Middleweight,MALE,3,0,3,5,5,2,0,6,11,3,4,23,40,0,0,1,1,0,0,185.42,185.42,195.58,187.96,28,30,35.6667,40.6667,0.458,0.424,0.1111,0.0,1.0,1.0,0.379,0.225,Southpaw,Orthodox,9,15
2018-04-14,Dhiego Lima,Yushin Okami,Blue,Welterweight,MALE,3,0,0,1,4,3,2,1,13,4,6,8,49,2,1,0,4,0,0,187.96,187.96,187.96,190.5,29,36,18.4,25.6842,0.534,0.363,0.8,0.4737,1.2,1.4211,0.15,0.363,Orthodox,Southpaw,5,19
2018-04-14,Matthew Lopez,Alejandro Perez,Blue,Bantamweight,MALE,3,0,2,2,2,1,0,2,5,2,2,10,16,0,1,1,2,0,0,170.18,167.64,175.26,170.18,31,28,30.25,37.8571,0.518,0.35,0.75,0.1429,2.0,0.4286,0.77,0.141,Southpaw,Orthodox,4,7
2018-04-14,Luke Sanders,Patrick Williams,Red,Bantamweight,MALE,3,0,0,1,1,2,1,1,1,2,2,5,5,0,0,0,0,1,1,167.64,172.72,170.18,185.42,32,36,47.6667,17.6667,0.527,0.467,0.3333,0.3333,0.3333,1.3333,0.167,0.387,Southpaw,Orthodox,3,3
2018-04-07,Khabib Nurmagomedov,Al Iaquinta,Red,Lightweight,MALE,5,9,5,9,5,0,0,9,8,0,2,24,23,0,1,2,4,2,0,177.8,177.8,177.8,177.8,29,30,50.3333,48.5,0.512,0.457,0.4444,0.3,4.7778,0.8,0.371,0.258,Orthodox,Orthodox,9,10
2018-04-07,Renato Moicano,Calvin Kattar,Red,Featherweight,MALE,3,0,2,3,2,1,0,3,2,1,0,11,6,0,0,0,1,1,0,180.34,180.34,182.88,182.88,28,30,67.75,80.0,0.45,0.445,0.25,0.0,1.25,1.0,0.475,0.33,Orthodox,Orthodox,4,2
2018-04-07,Zabit Magomedsharipov,Kyle Bochniak,Red,Featherweight,MALE,3,2,1,2,1,0,0,2,2,0,2,5,12,0,0,0,0,2,0,185.42,170.18,185.42,177.8,27,31,39.5,37.25,0.585,0.34,1.5,0.0,6.0,1.25,0.53,0.183,Orthodox,Orthodox,2,4
2018-04-07,Joe Lauzon,Chris Gruetzemacher,Blue,Lightweight,MALE,3,0,0,3,1,2,2,14,1,11,2,50,8,0,0,4,0,7,0,177.8,172.72,180.34,172.72,33,31,21.28,59.0,0.424,0.56,1.16,0.0,1.32,0.0,0.398,0.0,Orthodox,Orthodox,25,3
2018-04-07,Evan Dunham,Olivier Aubin-Mercier,Blue,Lightweight,MALE,3,0,3,4,3,1,0,11,6,7,2,46,22,0,1,1,0,1,4,177.8,175.26,177.8,177.8,36,29,66.4444,33.5,0.393,0.515,0.8333,0.5,1.5,2.625,0.327,0.32,Southpaw,Southpaw,18,8
2018-03-17,Jimi Manuwa,Jan Blachowicz,Blue,Light Heavyweight,MALE,3,0,2,3,2,1,0,6,4,3,4,16,21,0,0,3,1,0,1,185.42,187.96,200.66,198.12,38,35,24.7778,42.375,0.549,0.518,0.2222,0.25,0.3333,1.375,0.111,0.538,Orthodox,Orthodox,9,8
2018-03-17,Tom Duquesnoy,Terrion Ware,Red,Bantamweight,MALE,3,0,0,1,0,1,2,1,0,1,2,5,6,0,0,1,0,0,0,170.18,172.72,172.72,180.34,24,31,34.5,74.0,0.53,0.345,0.0,0.0,0.5,0.0,0.5,0.0,Orthodox,Orthodox,2,2
2018-03-17,Leon Edwards,Peter Sobotta,Red,Welterweight,MALE,3,4,2,4,2,0,0,6,4,2,4,22,19,0,0,1,1,1,1,182.88,182.88,187.96,190.5,26,31,26.75,25.75,0.544,0.4,0.625,0.5,1.375,1.375,0.214,0.33,Southpaw,Southpaw,8,8
2018-03-17,Stevie Ray,Kajan Johnson,Blue,Lightweight,MALE,3,0,3,3,3,1,0,5,3,2,1,16,12,0,0,2,1,0,0,177.8,180.34,177.8,190.5,27,33,37.5714,33.0,0.463,0.413,0.5714,0.25,0.2857,1.75,0.19,0.178,Southpaw,Orthodox,7,4
2018-03-03,Frankie Edgar,Brian Ortega,Blue,Featherweight,MALE,3,2,5,5,5,0,0,16,5,6,1,79,15,8,0,4,2,2,3,167.64,172.72,172.72,175.26,36,27,62.6364,37.3333,0.432,0.352,0.4545,1.3333,3.0455,0.1667,0.319,0.055,Orthodox,Switch,22,6
2018-03-03,John Dodson,Pedro Munhoz,Red,Bantamweight,MALE,3,0,4,3,4,1,0,8,5,4,3,34,15,3,0,4,1,0,3,160.02,167.64,167.64,165.1,33,31,44.0833,31.5,0.433,0.499,0.0,0.875,0.75,0.75,0.27,0.225,Orthodox,Orthodox,12,8
2018-03-03,CB Dollaway,Hector Lombard,Red,Middleweight,MALE,3,1,0,3,2,0,5,10,3,8,7,36,25,1,0,2,2,2,0,187.96,175.26,193.04,180.34,34,40,23.2778,37.0,0.452,0.483,0.5556,0.2,2.0556,1.5,0.444,0.421,Orthodox,Southpaw,18,10
2018-03-03,Mike Pyle,Zak Ottow,Blue,Welterweight,MALE,3,0,0,4,1,2,1,10,2,8,2,36,10,0,0,5,0,2,0,182.88,180.34,187.96,182.88,42,31,21.0556,37.75,0.385,0.378,0.7778,0.25,0.8889,0.5,0.211,0.165,Orthodox,Orthodox,18,4
2018-03-03,Bryan Caraway,Cody Stamann,Blue,Bantamweight,MALE,3,2,2,2,2,0,0,6,2,2,0,22,6,0,0,0,0,4,0,172.72,167.64,172.72,162.56,33,28,28.75,80.0,0.323,0.485,0.75,0.0,2.25,6.0,0.395,0.73,Orthodox,Orthodox,8,2
2018-03-03,Jordan Johnson,Adam Milstead,Red,Light Heavyweight,MALE,3,2,0,2,1,0,1,2,1,0,1,6,4,0,0,0,1,0,0,187.96,190.5,200.66,193.04,29,30,40.5,29.5,0.44,0.75,1.0,0.0,3.0,0.0,0.565,0.0,Orthodox,Orthodox,2,2
2018-02-24,Josh Emmett,Jeremy Stephens,Blue,Featherweight,MALE,5,2,2,2,3,0,0,4,14,1,13,13,73,0,0,1,6,0,0,167.64,172.72,177.8,180.34,32,31,51.8,38.5926,0.348,0.442,0.2,0.3704,1.8,1.0,0.232,0.262,Orthodox,Orthodox,5,27
2018-02-24,Ovince Saint Preux,Ilir Latifi,Blue,Light Heavyweight,MALE,3,3,1,4,3,0,0,10,6,5,3,36,16,1,0,5,3,3,1,190.5,177.8,203.2,185.42,34,34,26.0,14.2222,0.46,0.427,0.2667,0.2222,0.6,1.1111,0.277,0.376,Southpaw,Orthodox,15,9
2018-02-24,Mike Perry,Max Griffin,Blue,Welterweight,MALE,3,0,0,2,1,1,1,4,1,2,2,13,7,0,0,4,1,0,0,177.8,180.34,180.34,193.04,26,32,41.0,26.3333,0.483,0.417,0.0,0.3333,0.1667,0.0,0.167,0.0,Orthodox,Orthodox,6,3
2018-02-24,Renan Barao,Brian Kelleher,Blue,Bantamweight,MALE,3,0,1,7,1,1,0,9,2,4,1,40,5,6,0,2,1,3,1,167.64,167.64,177.8,167.64,31,31,51.0769,30.3333,0.366,0.43,0.2308,0.6667,1.4615,0.6667,0.279,0.443,Orthodox,Switch,13,3
2018-02-24,Ben Saunders,Alan Jouban,Blue,Welterweight,MALE,3,0,0,3,3,1,2,8,6,5,4,27,19,0,0,2,3,3,0,187.96,182.88,195.58,185.42,34,36,28.6154,39.3,0.561,0.542,0.6923,0.0,0.1538,0.3,0.154,0.14,Orthodox,Southpaw,13,10
2018-02-24,Rani Yahya,Russell Doane,Red,Bantamweight,MALE,3,1,1,4,2,0,0,9,3,4,4,32,14,0,0,0,1,4,1,167.64,170.18,170.18,177.8,33,31,19.3846,19.2857,0.438,0.409,1.3077,0.5714,2.4615,1.4286,0.362,0.19,Orthodox,Orthodox,13,7
2018-02-18,Donald Cerrone,Yancy Medeiros,Red,Welterweight,MALE,5,0,3,8,3,3,0,19,6,7,5,54,20,1,0,8,2,5,3,185.42,177.8,185.42,190.5,34,30,43.6538,32.1818,0.495,0.363,0.3846,0.3636,0.7308,0.0909,0.31,0.091,Orthodox,Orthodox,26,11
2018-02-18,James Vick,Francisco Trinaldo,Red,Lightweight,MALE,3,3,1,5,7,0,0,8,12,1,4,18,39,0,0,2,2,3,2,190.5,175.26,193.04,177.8,30,39,35.2222,38.6875,0.321,0.501,0.5556,0.375,0.1111,0.8125,0.056,0.316,Orthodox,Southpaw,9,16
2018-02-18,Sage Northcutt,Thibault Gouti,Red,Lightweight,MALE,3,1,1,2,1,0,0,4,1,2,3,13,6,0,0,1,1,1,0,182.88,177.8,180.34,182.88,21,30,30.0,18.5,0.603,0.285,0.3333,0.0,1.1667,0.0,0.467,0.0,Orthodox,Orthodox,6,4
2018-02-18,Jared Gordon,Diego Ferreira,Blue,Lightweight,MALE,3,2,1,2,2,0,0,2,3,0,2,5,10,0,0,1,1,0,1,175.26,175.26,172.72,187.96,29,33,84.0,27.6,0.515,0.412,0.0,0.6,3.0,0.2,0.47,0.2,Orthodox,Orthodox,2,5
2018-02-18,Joshua Burkman,Alex Morono,Blue,Welterweight,MALE,3,0,0,2,2,4,2,6,2,12,2,44,11,0,0,1,0,1,0,177.8,180.34,182.88,182.88,37,27,29.9444,59.25,0.521,0.393,0.2222,0.25,1.8889,0.0,0.381,0.0,Orthodox,Orthodox,18,4
2018-02-10,Yoel Romero,Luke Rockhold,Red,Middleweight,MALE,5,0,1,8,5,1,0,8,6,1,2,27,14,1,2,6,3,0,3,182.88,190.5,185.42,195.58,40,33,38.4444,33.25,0.58,0.601,0.0,0.75,1.8889,0.625,0.301,0.238,Southpaw,Southpaw,9,8
2018-02-10,Jake Matthews,Li Jingliang,Red,Welterweight,MALE,3,1,3,2,3,0,0,5,5,3,2,18,14,0,0,0,4,3,0,180.34,182.88,185.42,180.34,23,29,29.375,37.8571,0.438,0.424,0.5,0.0,1.75,0.8571,0.381,0.369,Orthodox,Orthodox,8,7
2018-02-10,Damien Brown,Dong Hyun Ma,Blue,Lightweight,MALE,3,0,2,2,2,2,0,2,2,3,2,11,10,0,0,1,1,0,0,177.8,180.34,172.72,177.8,33,29,39.2,34.0,0.432,0.543,0.6,0.0,0.6,1.5,0.122,0.415,Orthodox,Orthodox,5,4
2018-02-10,Alexander Volkanovski,Jeremy Kennedy,Red,Featherweight,MALE,3,3,3,3,3,0,0,3,3,0,0,8,9,0,0,1,0,0,0,167.64,180.34,180.34,180.34,29,25,68.3333,38.0,0.62,0.477,0.0,0.0,4.0,7.0,0.64,0.6,Orthodox,Orthodox,3,3
2018-02-10,Ross Pearson,Mizuto Hirota,Red,Lightweight,MALE,3,0,0,3,1,4,1,11,1,12,4,59,15,1,0,4,0,0,0,172.72,170.18,175.26,170.18,33,36,41.9565,54.2,0.421,0.384,0.0,0.0,0.6522,1.8,0.348,0.45,Orthodox,Orthodox,23,5
2018-02-10,Teruto Ishihara,Jose Quinonez,Blue,Bantamweight,MALE,3,1,3,2,3,0,0,3,3,3,1,15,10,0,1,2,0,0,1,170.18,172.72,175.26,175.26,26,27,39.0,38.75,0.513,0.485,0.0,1.0,0.3333,2.5,0.055,0.553,Southpaw,Orthodox,6,4
2018-02-03,Lyoto Machida,Eryk Anders,Red,Middleweight,MALE,5,0,2,8,2,3,0,14,2,8,0,56,4,5,0,6,1,1,0,185.42,185.42,187.96,190.5,39,30,29.2273,51.0,0.523,0.675,0.3636,0.0,0.6364,1.5,0.28,0.5,Southpaw,Southpaw,22,2
2018-02-03,Michel Prazeres,Desmond Green,Red,Lightweight,MALE,3,5,0,5,1,0,1,7,1,2,1,25,6,0,0,0,0,2,0,167.64,177.8,170.18,185.42,36,28,33.5556,52.0,0.491,0.435,0.3333,0.0,3.8889,1.0,0.434,0.5,Orthodox,Southpaw,9,2
2018-02-03,Douglas Silva de Andrade,Marlon Vera,Red,Bantamweight,MALE,3,0,0,2,3,1,1,2,4,2,3,11,18,0,0,1,1,0,2,170.18,172.72,172.72,177.8,32,25,41.5,32.8571,0.328,0.429,0.0,1.1429,0.75,0.4286,0.5,0.213,Orthodox,Switch,4,7
2018-02-03,Thiago Santos,Anthony Smith,Red,Middleweight,MALE,3,3,3,4,3,0,0,8,4,4,2,18,15,0,0,7,3,0,0,187.96,193.04,193.04,193.04,34,29,22.0,37.8333,0.422,0.443,0.0,0.3333,0.1667,0.3333,0.083,0.067,Orthodox,Orthodox,12,6
2018-02-03,Sergio Moraes,Tim Means,Red,Welterweight,MALE,3,0,0,4,4,1,1,6,9,3,7,23,37,1,0,1,4,2,1,182.88,187.96,182.88,190.5,35,33,28.2222,45.25,0.469,0.496,0.3333,0.125,0.8889,0.5,0.261,0.219,Orthodox,Orthodox,9,16
2018-02-03,Alan Patrick,Damir Hadzovic,Red,Lightweight,MALE,3,2,1,2,1,0,0,4,1,1,1,12,4,0,0,1,1,0,0,180.34,175.26,187.96,177.8,34,31,21.0,12.5,0.48,0.355,0.4,0.0,2.6,0.0,0.402,0.0,Southpaw,Orthodox,5,2
2018-02-03,Iuri Alcantara,Joe Soto,Red,Bantamweight,MALE,3,0,0,3,3,2,1,9,3,7,4,37,17,0,1,2,0,2,2,175.26,167.64,180.34,165.1,37,30,27.875,33.8571,0.466,0.409,0.5,1.2857,1.0,0.5714,0.385,0.353,Southpaw,Orthodox,16,7
2018-01-27,Jacare Souza,Derek Brunson,Red,Middleweight,MALE,5,0,2,5,5,1,0,7,9,2,3,16,20,0,0,2,6,4,1,185.42,185.42,182.88,195.58,38,34,19.4444,20.6667,0.506,0.475,0.7778,0.25,1.3333,1.0833,0.392,0.119,Orthodox,Southpaw,9,12
2018-01-27,Dennis Bermudez,Andre Fili,Blue,Featherweight,MALE,3,0,1,7,1,2,0,9,5,5,4,33,21,1,0,1,2,2,0,167.64,180.34,167.64,187.96,31,27,47.2857,38.0,0.456,0.358,0.8571,0.1111,2.7857,1.8889,0.409,0.522,Orthodox,Orthodox,14,9
2018-01-27,Jordan Rinaldi,Gregor Gillespie,Blue,Lightweight,MALE,3,1,3,1,3,0,0,1,3,1,0,4,6,0,0,0,1,1,1,177.8,170.18,182.88,180.34,30,31,12.0,23.0,0.405,0.487,1.0,0.3333,1.0,3.0,0.14,0.307,Orthodox,Orthodox,2,3
2018-01-27,Erik Koch,Bobby Green,Blue,Lightweight,MALE,3,0,0,2,4,1,4,4,4,4,4,16,20,0,0,2,1,1,1,177.8,177.8,180.34,180.34,29,31,17.75,55.875,0.373,0.465,0.75,0.125,0.25,0.625,0.063,0.229,Southpaw,Orthodox,8,8
2018-01-27,Mirsad Bektic,Godofredo Pepey,Red,Featherweight,MALE,3,0,0,4,3,1,1,4,5,1,5,12,18,0,1,1,1,1,3,172.72,170.18,177.8,185.42,26,30,32.8,18.4,0.494,0.402,0.4,0.8,3.0,0.2,0.564,0.1,Orthodox,Orthodox,5,10
2018-01-27,Vinc Pichel,Joaquim Silva,Red,Lightweight,MALE,3,3,3,3,3,0,0,3,3,1,0,8,7,0,0,1,1,0,0,177.8,172.72,182.88,175.26,35,28,30.0,31.6667,0.385,0.443,0.25,0.3333,4.0,0.0,0.345,0.0,Orthodox,Orthodox,4,3
2018-01-27,Niko Price,George Sullivan,Red,Welterweight,MALE,3,0,0,1,2,1,1,2,3,2,2,6,12,0,0,1,1,1,0,182.88,182.88,193.04,185.42,28,36,16.0,42.2,0.333,0.488,0.5,0.6,0.25,1.0,0.063,0.328,Orthodox,Orthodox,4,5
2018-01-20,Daniel Cormier,Volkan Oezdemir,Red,Light Heavyweight,MALE,5,0,3,4,3,1,0,8,3,2,0,31,5,5,0,1,2,3,0,180.34,187.96,182.88,190.5,38,28,54.9,33.0,0.54,0.597,0.6,0.0,1.5,0.0,0.379,0.0,Orthodox,Orthodox,10,3
2018-01-20,Gian Villante,Francimar Barroso,Red,Light Heavyweight,MALE,3,0,0,2,2,2,1,5,4,6,4,28,21,0,0,4,0,0,0,190.5,185.42,193.04,190.5,32,37,47.9091,30.5,0.457,0.448,0.0,0.0,0.4545,2.125,0.205,0.234,Orthodox,Orthodox,11,8
2018-01-20,Thomas Almeida,Rob Font,Blue,Bantamweight,MALE,3,0,0,4,2,1,1,5,4,2,2,13,10,0,0,4,3,0,1,170.18,172.72,177.8,180.34,26,30,46.0,38.3333,0.459,0.507,0.0,0.6667,0.0,0.6667,0.0,0.283,Southpaw,Orthodox,7,6
2018-01-20,Sabah Homasi,Abdul Razak Alhassan,Blue,Welterweight,MALE,3,0,1,0,1,2,0,0,2,2,1,3,5,0,0,0,2,0,0,182.88,177.8,182.88,185.42,29,32,36.0,27.3333,0.53,0.47,0.0,0.0,1.0,0.3333,0.5,0.11,Orthodox,Orthodox,2,3
2018-01-20,Islam Makhachev,Gleison Tibau,Red,Lightweight,MALE,3,2,0,2,3,0,2,3,16,1,10,9,63,0,0,0,1,1,4,177.8,177.8,177.8,180.34,26,34,22.75,21.9615,0.568,0.356,0.75,0.6538,3.0,3.2308,0.65,0.516,Orthodox,Southpaw,4,26
2018-01-14,Jeremy Stephens,Dooho Choi,Red,Featherweight,MALE,5,1,0,3,3,0,1,13,3,13,1,71,6,0,0,5,3,0,0,172.72,177.8,180.34,177.8,31,26,38.1923,27.25,0.445,0.6,0.3846,0.0,1.0385,0.25,0.272,0.05,Orthodox,Orthodox,26,4
2018-01-14,Darren Elkins,Michael Johnson,Red,Featherweight,MALE,3,5,0,5,4,0,2,13,9,4,8,43,42,0,1,3,4,0,0,177.8,177.8,180.34,185.42,33,31,37.0,45.5294,0.331,0.346,1.1765,0.0588,2.1765,0.4706,0.349,0.328,Orthodox,Southpaw,17,17
2018-01-14,James Krause,Alex White,Red,Lightweight,MALE,3,3,1,3,1,0,0,5,3,3,3,18,15,0,0,1,2,2,0,187.96,182.88,185.42,180.34,31,29,56.0,44.3333,0.466,0.428,0.5,0.1667,0.5,0.6667,0.205,0.125,Orthodox,Southpaw,8,6
2018-01-14,Kyung Ho Kang,Guido Cannetti,Red,Bantamweight,MALE,3,2,1,2,1,0,0,2,1,2,1,12,5,0,0,0,0,1,0,175.26,167.64,185.42,172.72,30,38,30.0,33.5,0.405,0.545,1.5,0.0,2.5,2.5,0.638,0.535,Orthodox,Southpaw,4,2
2017-12-30,Khabib Nurmagomedov,Edson Barboza,Red,Lightweight,MALE,3,8,3,8,4,0,0,8,13,0,4,21,40,0,0,2,6,2,0,177.8,180.34,177.8,190.5,29,31,45.5,41.5882,0.514,0.448,0.5,0.0588,4.875,0.4118,0.38,0.215,Orthodox,Orthodox,8,17
2017-12-30,Dan Hooker,Marc Diakiese,Red,Lightweight,MALE,3,1,3,1,3,0,0,4,3,3,0,15,6,0,0,3,2,1,0,182.88,177.8,190.5,185.42,27,24,38.8571,21.0,0.45,0.507,0.1429,0.0,0.1429,2.3333,0.047,0.487,Switch,Orthodox,7,3
2017-12-30,Carlos Condit,Neil Magny,Blue,Welterweight,MALE,3,0,0,5,7,2,1,7,12,6,5,38,44,3,0,4,4,0,1,187.96,190.5,190.5,203.2,33,30,58.6154,46.1765,0.362,0.433,0.6923,0.2941,0.4615,2.0588,0.147,0.45,Orthodox,Orthodox,13,17
2017-12-30,Myles Jury,Rick Glenn,Red,Featherweight,MALE,3,1,2,6,2,0,0,7,2,2,1,18,9,0,0,3,0,1,0,177.8,182.88,185.42,177.8,29,28,23.0,84.0,0.366,0.47,0.2222,0.3333,1.5556,1.3333,0.478,0.19,Orthodox,Southpaw,9,3
2017-12-16,Robbie Lawler,Rafael Dos Anjos,Blue,Welterweight,MALE,5,1,2,5,5,0,0,13,16,5,7,52,59,5,3,6,4,0,3,180.34,172.72,187.96,177.8,35,33,49.8889,39.4348,0.461,0.44,0.0,0.6087,0.8889,1.7391,0.361,0.301,Southpaw,Southpaw,18,23
2017-12-16,Ricardo Lamas,Josh Emmett,Blue,Featherweight,MALE,3,2,1,4,2,0,0,9,3,3,1,27,12,1,0,3,0,3,0,172.72,167.64,180.34,177.8,35,32,30.25,62.25,0.468,0.37,0.6667,0.25,1.0833,2.25,0.327,0.29,Orthodox,Orthodox,12,4
2017-12-16,Santiago Ponzinibbio,Mike Perry,Red,Welterweight,MALE,3,5,2,5,2,0,0,7,4,2,1,18,10,0,0,4,4,0,0,182.88,177.8,185.42,180.34,31,26,35.7778,39.0,0.42,0.506,0.0,0.0,0.1111,0.0,0.037,0.0,Orthodox,Orthodox,9,5
2017-12-16,Glover Teixeira,Misha Cirkunov,Red,Light Heavyweight,MALE,3,0,0,5,4,1,1,9,4,4,1,31,8,1,0,3,1,3,3,187.96,190.5,193.04,195.58,38,30,34.4615,23.4,0.441,0.538,0.3846,0.6,1.4615,1.8,0.346,0.448,Orthodox,Orthodox,13,5
2017-12-16,Jared Cannonier,Jan Blachowicz,Blue,Light Heavyweight,MALE,3,1,1,2,1,0,0,3,3,2,4,11,18,0,0,2,1,0,1,180.34,187.96,195.58,198.12,33,34,40.2,41.2857,0.584,0.536,0.0,0.2857,0.2,1.0,0.2,0.5,Switch,Orthodox,5,7
2017-12-16,Nordine Taleb,Danny Roberts,Red,Welterweight,MALE,3,1,1,3,2,0,0,5,3,2,1,19,9,0,0,1,1,0,1,185.42,185.42,187.96,187.96,36,30,42.5714,42.75,0.546,0.383,0.0,0.25,2.1429,0.0,0.643,0.0,Orthodox,Southpaw,7,4
2017-12-16,John Makdessi,Abel Trujillo,Red,Lightweight,MALE,3,0,0,3,3,1,1,7,6,6,4,30,21,0,0,3,3,0,1,172.72,172.72,172.72,177.8,32,34,57.0769,24.4,0.489,0.372,0.0,0.3,0.0,1.4,0.0,0.543,Orthodox,Orthodox,13,10
2017-12-16,Alessio Di Chirico,Oluwale Bamgbose,Red,Middleweight,MALE,3,0,0,1,1,1,2,1,1,2,3,7,7,0,0,0,1,0,0,182.88,180.34,187.96,198.12,28,30,42.3333,17.0,0.457,0.475,0.0,0.0,1.3333,0.5,0.33,0.1,Orthodox,Switch,3,4
2017-12-16,Jordan Mein,Erick Silva,Red,Welterweight,MALE,3,0,0,2,2,3,1,3,7,4,7,15,25,0,0,2,2,0,5,182.88,182.88,185.42,187.96,28,33,30.8571,18.0,0.524,0.549,0.1429,0.7143,1.1429,0.4286,0.251,0.172,Orthodox,Orthodox,7,14
2017-12-09,Cub Swanson,Brian Ortega,Blue,Featherweight,MALE,5,4,4,6,4,0,0,10,4,3,1,40,13,0,0,4,2,0,2,172.72,172.72,177.8,175.26,34,26,66.0769,40.0,0.486,0.354,0.1538,1.2,0.8462,0.2,0.466,0.066,Orthodox,Switch,13,5
2017-12-09,Jason Knight,Gabriel Benitez,Blue,Featherweight,MALE,3,0,0,4,2,1,1,4,3,2,2,15,12,0,0,1,0,1,2,177.8,172.72,180.34,180.34,25,29,43.5,36.8,0.397,0.412,2.0,1.4,1.5,0.0,0.383,0.0,Orthodox,Southpaw,6,5
2017-12-09,Marlon Moraes,Aljamain Sterling,Red,Bantamweight,MALE,3,1,2,1,4,0,0,1,6,1,2,6,23,0,0,0,1,0,2,167.64,170.18,170.18,180.34,29,28,44.5,50.125,0.315,0.499,0.5,0.875,0.5,2.0,0.25,0.558,Orthodox,Orthodox,2,8
2017-12-09,Scott Holtzman,Darrell Horcher,Red,Lightweight,MALE,3,1,1,1,1,0,0,3,1,2,1,15,5,0,0,0,0,1,0,175.26,177.8,175.26,177.8,34,30,66.2,21.5,0.498,0.35,0.4,1.0,2.2,0.0,0.596,0.0,Orthodox,Southpaw,5,2
2017-12-09,Luke Sanders,Andre Soukhamthath,Blue,Bantamweight,MALE,3,0,0,1,0,1,2,1,0,1,2,3,6,0,0,0,0,1,0,167.64,175.26,170.18,177.8,31,29,60.0,44.5,0.62,0.395,0.5,0.0,0.5,0.0,0.25,0.0,Southpaw,Orthodox,2,2
2017-12-09,Alejandro Perez,Iuri Alcantara,Red,Bantamweight,MALE,3,1,0,2,3,0,1,4,9,2,6,13,34,1,0,2,2,0,2,167.64,175.26,170.18,180.34,28,37,38.3333,27.2,0.348,0.472,0.1667,0.5333,0.5,1.0667,0.165,0.411,Orthodox,Southpaw,6,15
2017-12-02,Max Holloway,Jose Aldo,Red,Featherweight,MALE,5,11,0,11,7,0,1,14,8,3,2,43,39,2,10,7,2,2,0,180.34,170.18,175.26,177.8,25,31,68.4118,56.4,0.432,0.411,0.4118,0.3,0.2353,1.2,0.176,0.238,Orthodox,Orthodox,17,10
2017-12-02,Charles Oliveira,Paul Felder,Blue,Lightweight,MALE,3,1,2,4,2,0,0,10,6,8,3,34,22,0,0,0,3,9,1,177.8,180.34,187.96,177.8,28,33,22.0556,39.6667,0.514,0.44,1.2778,0.3333,1.3333,0.3333,0.435,0.167,Orthodox,Orthodox,18,9
2017-12-02,Alex Oliveira,Yancy Medeiros,Blue,Welterweight,MALE,3,2,2,3,2,0,0,7,5,3,5,22,17,0,0,3,1,2,3,180.34,177.8,193.04,190.5,29,30,23.1,27.9,0.493,0.35,0.6,0.4,2.1,0.0,0.235,0.0,Orthodox,Orthodox,10,10
2017-12-01,Eric Spicely,Gerald Meerschaert,Blue,Middleweight,MALE,3,2,0,2,2,0,1,2,2,1,1,3,4,0,0,0,0,2,2,185.42,185.42,185.42,195.58,31,29,4.3333,10.6667,0.573,0.473,0.6667,0.6667,0.6667,1.0,0.277,0.123,Orthodox,Southpaw,3,3
2017-12-01,Joe Soto,Brett Johns,Blue,Bantamweight,MALE,3,3,2,3,2,0,0,3,2,3,0,16,6,1,0,0,0,2,0,167.64,170.18,165.1,180.34,30,25,39.5,52.5,0.477,0.57,1.5,0.5,0.6667,7.0,0.412,0.665,Orthodox,Orthodox,6,2
2017-12-01,Andrew Sanchez,Ryan Janes,Blue,Middleweight,MALE,3,0,0,2,1,1,2,2,1,1,2,9,7,1,0,0,0,0,0,185.42,190.5,187.96,193.04,29,36,56.0,56.0,0.56,0.393,0.0,0.0,3.3333,0.3333,0.3,0.333,Orthodox,Orthodox,3,3
2017-11-25,Michael Bisping,Kelvin Gastelum,Blue,Middleweight,MALE,5,0,0,5,5,1,2,20,8,8,4,78,31,4,1,10,2,0,2,185.42,175.26,190.5,180.34,38,26,55.7143,47.5,0.383,0.462,0.1786,0.1667,0.9286,0.75,0.239,0.263,Orthodox,Southpaw,28,12
2017-11-25,Li Jingliang,Zak Ottow,Red,Welterweight,MALE,3,2,1,2,1,0,0,4,2,2,1,13,9,0,0,3,0,0,0,182.88,180.34,180.34,182.88,29,30,39.8333,48.6667,0.408,0.407,0.0,0.3333,1.0,0.6667,0.43,0.22,Orthodox,Orthodox,6,3
2017-11-18,Tim Means,Belal Muhammad,Blue,Welterweight,MALE,3,1,2,4,2,0,0,9,3,6,2,34,13,0,0,4,1,1,0,187.96,180.34,190.5,182.88,33,29,42.2,52.4,0.503,0.396,0.1333,0.0,0.5333,2.2,0.233,0.346,Orthodox,Orthodox,15,5
2017-11-18,Jake Matthews,Bojan Velickovic,Red,Welterweight,MALE,3,0,0,2,1,2,1,4,2,3,3,15,15,0,0,0,1,3,0,180.34,182.88,185.42,193.04,23,28,30.7143,34.2,0.417,0.338,0.5714,0.4,1.4286,0.6,0.384,0.19,Orthodox,Southpaw,7,5
2017-11-18,Elias Theodorou,Daniel Kelly,Red,Middleweight,MALE,3,0,0,3,4,1,1,5,6,2,2,19,18,1,0,2,1,0,1,185.42,182.88,190.5,177.8,29,40,41.7143,37.75,0.389,0.38,0.0,0.125,1.8571,1.25,0.38,0.235,Orthodox,Southpaw,7,8
2017-11-18,Nik Lentz,Will Brooks,Red,Lightweight,MALE,3,0,0,4,1,1,2,11,1,7,2,49,7,0,0,2,0,1,0,172.72,177.8,172.72,182.88,33,31,40.2778,33.3333,0.523,0.757,1.1667,0.0,3.2778,1.6667,0.348,0.22,Orthodox,Orthodox,18,3
2017-11-11,Dustin Poirier,Anthony Pettis,Red,Lightweight,MALE,5,0,1,4,5,1,0,13,7,5,5,36,31,0,4,5,2,3,3,175.26,177.8,182.88,182.88,28,30,45.5,37.0833,0.499,0.472,0.6111,0.3333,1.0556,0.5833,0.25,0.097,Southpaw,Orthodox,18,12
2017-11-11,Matt Brown,Diego Sanchez,Red,Welterweight,MALE,3,0,0,7,6,3,1,13,16,10,10,53,69,0,2,9,5,2,0,182.88,177.8,190.5,182.88,36,35,35.2609,34.1154,0.558,0.388,1.0435,0.6923,1.0,1.0769,0.379,0.238,Orthodox,Southpaw,23,26
2017-11-11,Nate Marquardt,Cezar Ferreira,Blue,Middleweight,MALE,3,0,0,4,3,2,1,13,7,11,4,51,24,1,1,6,0,3,2,182.88,185.42,187.96,198.12,38,32,24.9583,16.3636,0.519,0.395,0.5833,0.3636,1.375,1.7273,0.456,0.425,Orthodox,Southpaw,24,11
2017-11-11,Raphael Assuncao,Matthew Lopez,Red,Bantamweight,MALE,3,2,2,7,2,0,0,9,2,2,1,29,7,0,0,1,1,1,0,165.1,170.18,167.64,175.26,35,30,46.6364,29.0,0.426,0.57,0.1818,1.0,1.0,2.3333,0.209,0.943,Orthodox,Southpaw,11,3
2017-11-11,Joe Lauzon,Clay Guida,Blue,Lightweight,MALE,3,0,1,3,4,1,0,14,13,10,11,49,65,0,0,4,1,7,4,177.8,170.18,180.34,177.8,33,35,22.125,29.125,0.436,0.348,1.2083,0.5833,1.375,2.625,0.415,0.371,Orthodox,Orthodox,24,24
2017-11-11,Court McGee,Sean Strickland,Blue,Welterweight,MALE,3,0,0,3,3,1,1,7,5,5,2,33,19,1,0,0,1,2,1,180.34,185.42,190.5,193.04,32,26,65.0,52.4286,0.368,0.376,0.5,0.4286,1.9167,1.1429,0.284,0.404,Orthodox,Orthodox,12,7
2017-11-11,Jake Collier,Marcel Fortuna,Red,Light Heavyweight,MALE,3,0,0,1,1,1,1,2,1,3,1,11,4,0,0,1,1,0,0,190.5,185.42,198.12,187.96,29,32,33.4,34.0,0.452,0.505,0.4,0.0,0.6,0.0,0.172,0.0,Orthodox,Orthodox,5,2
2017-11-04,Michael Bisping,Georges St-Pierre,Blue,Middleweight,MALE,5,5,12,5,12,0,0,20,19,7,2,75,68,3,14,10,5,0,2,185.42,180.34,190.5,193.04,38,36,56.7778,59.7143,0.388,0.56,0.1852,1.0952,0.963,4.1429,0.247,0.729,Orthodox,Orthodox,27,21
2017-11-04,Cody Garbrandt,TJ Dillashaw,Blue,Bantamweight,MALE,5,6,2,6,4,0,0,6,10,0,3,14,39,1,5,4,5,0,1,172.72,167.64,165.1,170.18,26,31,37.5,72.2308,0.372,0.406,0.0,0.9231,0.8333,1.6154,0.18,0.368,Orthodox,Orthodox,6,13
2017-11-04,Stephen Thompson,Jorge Masvidal,Red,Welterweight,MALE,3,0,0,7,3,2,1,8,9,3,5,30,38,2,0,5,3,0,1,182.88,180.34,190.5,187.96,34,32,48.0909,55.3571,0.473,0.52,0.0,0.5,0.4545,1.0714,0.166,0.354,Orthodox,Orthodox,11,14
2017-11-04,Johny Hendricks,Paulo Costa,Blue,Middleweight,MALE,3,0,2,6,2,1,0,13,2,7,0,54,3,3,0,5,2,0,0,175.26,185.42,175.26,182.88,34,26,42.9,32.5,0.508,0.605,0.3,0.0,3.05,0.0,0.31,0.0,Southpaw,Orthodox,20,2
2017-11-04,James Vick,Joe Duffy,Red,Lightweight,MALE,3,2,2,5,2,0,0,7,4,1,1,16,9,0,0,1,1,3,2,190.5,177.8,193.04,185.42,30,29,34.375,22.8,0.324,0.348,0.625,0.6,0.125,0.0,0.063,0.0,Orthodox,Orthodox,8,5
2017-11-04,Ovince Saint Preux,Corey Anderson,Red,Light Heavyweight,MALE,3,2,0,4,3,0,1,9,6,5,3,33,22,1,1,4,2,3,0,190.5,190.5,203.2,200.66,34,28,26.2143,56.2222,0.46,0.459,0.2857,0.0,0.6429,3.2222,0.297,0.52,Southpaw,Orthodox,14,9
2017-11-04,Randy Brown,Mickey Gall,Red,Welterweight,MALE,3,0,3,2,3,1,0,3,3,2,0,13,4,0,0,1,0,1,3,190.5,187.96,198.12,187.96,27,25,32.8,10.3333,0.444,0.54,0.6,2.0,0.6,1.0,0.316,0.667,Orthodox,Switch,5,3
2017-10-28,Derek Brunson,Lyoto Machida,Red,Middleweight,MALE,5,1,0,5,8,0,2,8,14,3,7,19,55,0,5,5,6,1,1,185.42,185.42,195.58,187.96,33,39,21.6364,30.4762,0.481,0.533,0.2727,0.381,1.1818,0.6667,0.13,0.293,Southpaw,Southpaw,11,21
2017-10-28,Demian Maia,Colby Covington,Blue,Welterweight,MALE,3,0,4,7,4,1,0,19,7,7,1,70,20,2,0,1,2,9,2,185.42,180.34,182.88,182.88,39,29,21.6154,28.75,0.543,0.574,0.9231,0.25,2.3077,5.125,0.39,0.569,Southpaw,Orthodox,26,8
2017-10-28,Pedro Munhoz,Rob Font,Red,Bantamweight,MALE,3,3,2,3,2,0,0,4,4,3,1,14,9,0,0,1,3,2,1,167.64,172.72,165.1,180.34,31,30,33.1429,40.0,0.511,0.52,0.8571,0.8,0.8571,0.8,0.257,0.34,Orthodox,Orthodox,7,5
2017-10-28,Francisco Trinaldo,Jim Miller,Red,Lightweight,MALE,3,0,0,7,7,1,2,11,17,4,10,36,65,0,0,2,3,2,6,175.26,172.72,177.8,180.34,39,34,37.0667,30.5926,0.505,0.368,0.4,1.4444,0.8,1.2222,0.271,0.422,Southpaw,Southpaw,15,27
2017-10-28,Thiago Santos,Jack Hermansson,Red,Middleweight,MALE,3,2,2,4,2,0,0,7,3,4,1,17,7,0,0,6,2,0,0,187.96,185.42,193.04,195.58,33,29,21.4545,40.75,0.428,0.583,0.0,0.0,0.1818,0.75,0.091,0.54,Orthodox,Orthodox,11,4
2017-10-28,John Lineker,Marlon Vera,Red,Bantamweight,MALE,3,0,3,6,3,1,0,10,4,3,2,32,15,0,0,5,1,1,2,160.02,172.72,170.18,177.8,27,24,55.7692,30.1667,0.41,0.432,0.4615,1.3333,0.4615,0.5,0.192,0.248,Orthodox,Switch,13,6
2017-10-28,Vicente Luque,Niko Price,Red,Welterweight,MALE,3,0,1,4,1,1,0,4,2,2,1,11,4,0,0,2,1,2,1,180.34,182.88,190.5,193.04,25,28,18.1667,13.0,0.478,0.36,0.5,0.6667,1.0,0.3333,0.18,0.083,Orthodox,Orthodox,6,3
2017-10-28,Antonio Carlos Junior,Jack Marshman,Red,Middleweight,MALE,3,2,1,2,1,0,0,4,2,3,1,19,7,1,0,0,1,2,0,187.96,182.88,200.66,185.42,27,27,23.5714,41.0,0.41,0.31,0.5714,0.0,3.2857,0.0,0.407,0.0,Orthodox,Orthodox,7,3
2017-10-28,Elizeu Zaleski dos Santos,Max Griffin,Red,Welterweight,MALE,3,3,1,3,1,0,0,3,1,1,1,12,4,0,0,1,1,0,0,180.34,180.34,185.42,193.04,30,31,61.5,14.0,0.393,0.435,0.75,0.5,0.5,0.0,0.285,0.0,Orthodox,Orthodox,4,2
2017-10-21,Donald Cerrone,Darren Till,Blue,Welterweight,MALE,5,0,2,8,2,2,0,19,3,6,1,53,11,1,0,8,1,5,0,185.42,182.88,185.42,187.96,34,24,44.84,38.5,0.492,0.538,0.4,0.0,0.72,0.75,0.302,0.415,Orthodox,Southpaw,25,4
2017-10-21,Jan Blachowicz,Devin Clark,Red,Light Heavyweight,MALE,3,0,2,1,2,2,0,2,2,4,1,16,7,0,0,1,0,0,0,187.96,182.88,198.12,190.5,34,27,42.6667,43.0,0.5,0.597,0.1667,0.3333,1.0,2.0,0.417,0.577,Orthodox,Orthodox,6,3
2017-10-21,Damian Stasiak,Brian Kelleher,Blue,Bantamweight,MALE,3,0,0,2,1,1,1,2,1,2,1,10,2,0,0,0,0,2,1,165.1,167.64,177.8,167.64,27,31,17.5,6.0,0.45,0.38,0.75,0.5,2.25,0.5,0.568,0.165,Orthodox,Switch,4,2
2017-10-21,Artem Lobov,Andre Fili,Blue,Featherweight,MALE,3,0,0,2,1,1,1,2,4,3,4,17,18,1,0,0,2,0,0,175.26,180.34,165.1,187.96,31,27,56.6,35.875,0.358,0.356,0.0,0.125,0.6,1.5,0.25,0.484,Southpaw,Orthodox,5,8
2017-10-21,Felipe Arantes,Josh Emmett,Blue,Featherweight,MALE,3,0,0,2,2,1,1,5,2,5,1,25,9,0,0,1,0,2,0,172.72,167.64,185.42,177.8,29,32,29.1,60.6667,0.515,0.39,0.7,0.3333,0.9,2.6667,0.253,0.22,Orthodox,Orthodox,10,3
2017-10-07,Tony Ferguson,Kevin Lee,Red,Lightweight,MALE,5,9,5,9,5,0,0,12,9,1,2,28,23,1,0,2,1,5,4,180.34,175.26,193.04,195.58,33,25,51.0769,35.2727,0.412,0.447,1.0,1.0,0.4615,2.2727,0.32,0.439,Orthodox,Orthodox,13,11
2017-10-07,Thales Leites,Brad Tavares,Blue,Middleweight,MALE,3,1,2,5,5,0,0,12,10,6,4,48,37,1,0,2,1,5,0,185.42,185.42,198.12,187.96,36,29,25.0556,38.5714,0.409,0.418,0.9444,0.0,1.7778,1.0714,0.286,0.241,Orthodox,Orthodox,18,14
2017-09-22,Ovince Saint Preux,Yushin Okami,Red,Light Heavyweight,MALE,5,1,0,4,4,0,1,8,13,5,5,32,48,1,1,4,4,2,0,190.5,187.96,203.2,190.5,34,36,28.2308,27.1111,0.495,0.383,0.2308,0.4444,0.6923,1.5,0.32,0.383,Southpaw,Southpaw,13,18
2017-09-22,Takanori Gomi,Dong Hyun Ma,Blue,Lightweight,MALE,3,0,1,2,1,4,0,4,1,8,2,22,9,0,0,2,0,0,0,170.18,180.34,177.8,177.8,39,29,30.4167,41.0,0.283,0.507,0.0,0.0,0.0833,2.0,0.042,0.553,Southpaw,Orthodox,12,3
2017-09-22,Keita Nakamura,Alex Morono,Red,Welterweight,MALE,3,0,0,1,2,1,1,2,2,5,1,20,8,0,0,0,0,2,0,180.34,180.34,185.42,182.88,33,27,30.8571,66.3333,0.371,0.423,0.5714,0.3333,2.0,0.0,0.476,0.0,Southpaw,Orthodox,7,3
2017-09-16,Luke Rockhold,David Branch,Red,Middleweight,MALE,5,0,1,5,2,1,0,5,3,2,2,12,14,2,0,2,0,3,0,190.5,185.42,195.58,198.12,32,35,29.7143,19.2,0.59,0.43,0.8571,0.0,0.4286,2.0,0.214,0.396,Southpaw,Orthodox,7,5
2017-09-16,Hector Lombard,Anthony Smith,Blue,Middleweight,MALE,3,0,2,2,2,4,0,3,3,6,2,22,12,0,0,2,2,0,0,175.26,193.04,180.34,193.04,39,29,33.8889,38.4,0.483,0.472,0.2222,0.4,1.5556,0.4,0.412,0.08,Southpaw,Orthodox,9,5
2017-09-16,Gregor Gillespie,Jason Gonzalez,Red,Lightweight,MALE,3,2,1,2,1,0,0,2,1,0,1,4,2,0,0,1,0,0,1,170.18,187.96,180.34,187.96,30,27,24.5,7.0,0.555,0.275,0.0,0.5,2.5,0.0,0.13,0.0,Orthodox,Southpaw,2,2
2017-09-16,Kamaru Usman,Sergio Moraes,Red,Welterweight,MALE,3,5,2,5,4,0,0,5,6,0,2,14,22,1,1,0,1,1,2,182.88,182.88,193.04,182.88,30,35,53.0,30.125,0.554,0.468,0.4,0.375,4.0,1.0,0.502,0.294,Switch,Orthodox,5,8
2017-09-16,Anthony Rocco Martin,Olivier Aubin-Mercier,Blue,Lightweight,MALE,3,3,2,3,3,0,0,4,5,3,2,17,19,0,1,0,0,2,4,182.88,175.26,185.42,177.8,27,28,32.7143,35.4286,0.377,0.527,0.8571,0.5714,1.1429,2.4286,0.354,0.284,Orthodox,Southpaw,7,7
2017-09-16,Krzysztof Jotko,Uriah Hall,Blue,Middleweight,MALE,3,0,0,5,3,1,3,6,5,2,6,21,22,0,1,1,2,0,0,185.42,182.88,195.58,200.66,28,33,34.625,27.6364,0.455,0.536,0.0,0.1818,1.0,0.6364,0.364,0.295,Southpaw,Orthodox,8,11
2017-09-16,Jason Saggo,Gilbert Burns,Blue,Lightweight,MALE,3,0,0,2,3,1,1,3,4,2,2,11,14,0,0,2,0,0,3,180.34,177.8,180.34,180.34,31,31,25.2,25.8333,0.436,0.397,0.0,0.8333,1.8,1.5,0.306,0.408,Orthodox,Orthodox,5,6
2017-09-09,Neil Magny,Rafael Dos Anjos,Blue,Welterweight,MALE,3,1,1,7,5,0,0,12,15,4,7,43,58,0,3,4,4,1,2,190.5,172.72,203.2,177.8,30,32,49.0,40.6364,0.448,0.423,0.3125,0.5909,2.1875,1.8182,0.478,0.315,Orthodox,Southpaw,16,22
2017-09-09,Ilir Latifi,Tyson Pedro,Red,Light Heavyweight,MALE,3,0,2,3,2,1,0,5,2,3,0,13,2,0,0,3,1,1,1,177.8,190.5,185.42,200.66,34,25,10.5,13.5,0.411,0.61,0.25,0.5,0.75,1.0,0.323,0.5,Orthodox,Orthodox,8,2
2017-09-09,Jeremy Stephens,Gilbert Melendez,Red,Featherweight,MALE,3,0,0,3,1,2,3,12,1,13,4,68,16,0,2,5,0,0,0,172.72,175.26,180.34,185.42,31,35,35.88,48.4,0.448,0.304,0.4,0.0,1.08,0.6,0.283,0.424,Orthodox,Orthodox,25,5
2017-09-09,Mitch Clarke,Alex White,Blue,Lightweight,MALE,3,0,0,2,1,2,1,2,2,4,3,14,13,0,0,0,1,1,0,177.8,182.88,185.42,180.34,31,28,23.0,41.8,0.322,0.416,0.3333,0.2,0.5,0.8,0.062,0.15,Orthodox,Southpaw,6,5
2017-09-09,Kajan Johnson,Adriano Martins,Red,Lightweight,MALE,3,2,0,2,3,0,1,2,4,1,2,9,11,0,0,0,2,0,1,180.34,177.8,190.5,182.88,33,34,35.3333,14.5,0.413,0.443,0.3333,0.1667,2.3333,0.6667,0.237,0.292,Orthodox,Southpaw,3,6
2017-09-02,Leon Edwards,Bryan Barberena,Red,Welterweight,MALE,3,3,1,3,2,0,0,5,4,2,2,19,15,0,0,1,2,1,1,182.88,182.88,187.96,182.88,26,28,27.2857,62.0,0.557,0.5,0.2857,0.1667,1.1429,0.3333,0.173,0.222,Southpaw,Southpaw,7,6
2017-09-02,Darren Till,Bojan Velickovic,Red,Welterweight,MALE,3,1,1,1,1,0,0,2,2,1,2,8,12,0,0,1,1,0,0,182.88,182.88,187.96,193.04,24,28,35.0,34.25,0.53,0.365,0.0,0.5,0.6667,0.75,0.22,0.238,Southpaw,Southpaw,3,4
2017-09-02,Thibault Gouti,Andrew Holbrook,Red,Lightweight,MALE,3,0,0,0,1,3,1,0,2,3,2,5,8,0,0,0,0,0,0,177.8,180.34,182.88,177.8,30,31,11.0,14.0,0.223,0.543,0.0,1.25,0.0,0.5,0.0,0.25,Orthodox,Southpaw,3,4
2017-08-05,Alan Jouban,Niko Price,Blue,Welterweight,MALE,3,0,0,3,1,1,1,6,1,3,1,18,3,0,0,3,0,0,1,182.88,182.88,185.42,193.04,35,27,43.1111,14.5,0.541,0.28,0.0,1.0,0.3333,0.5,0.156,0.125,Southpaw,Orthodox,9,2
2017-08-05,Sam Alvey,Rashad Evans,Red,Middleweight,MALE,3,0,0,4,5,1,3,7,14,4,7,22,58,0,4,4,6,1,0,187.96,182.88,190.5,190.5,31,37,29.1818,28.381,0.505,0.388,0.0909,0.0,0.0,2.4286,0.0,0.354,Southpaw,Orthodox,11,21
2017-08-05,Bradley Scott,Jack Hermansson,Blue,Middleweight,MALE,3,1,1,1,1,0,0,3,2,3,1,15,6,1,0,0,1,2,0,185.42,185.42,193.04,195.58,28,29,44.8333,41.6667,0.473,0.543,0.5,0.0,0.3333,0.6667,0.075,0.387,Orthodox,Orthodox,6,3
2017-08-05,Henry Briones,Rani Yahya,Blue,Bantamweight,MALE,3,0,0,1,4,2,1,1,8,2,4,8,31,0,0,0,0,1,3,172.72,167.64,175.26,170.18,36,32,44.6667,20.75,0.43,0.413,0.3333,1.25,0.0,2.5833,0.0,0.35,Orthodox,Orthodox,3,12
2017-08-05,Jose Quinonez,Diego Rivas,Red,Bantamweight,MALE,3,2,2,2,2,0,0,2,2,1,0,7,5,1,0,0,1,1,0,172.72,172.72,175.26,175.26,27,25,32.0,10.0,0.473,0.46,1.3333,0.0,3.0,1.5,0.653,0.83,Orthodox,Orthodox,3,2
2017-07-29,Tyron Woodley,Demian Maia,Red,Welterweight,MALE,5,1,7,3,7,0,0,7,19,3,6,25,65,3,1,5,1,0,9,175.26,185.42,187.96,182.88,35,39,30.0,21.36,0.544,0.553,0.2,0.96,0.5,2.4,0.25,0.405,Orthodox,Southpaw,10,25
2017-07-29,Robbie Lawler,Donald Cerrone,Red,Welterweight,MALE,3,0,0,5,8,1,1,12,19,5,5,49,50,5,1,6,8,0,5,180.34,185.42,187.96,185.42,35,34,48.2941,43.2917,0.459,0.492,0.0,0.4167,0.9412,0.7083,0.382,0.31,Southpaw,Orthodox,17,24
2017-07-29,Jimi Manuwa,Volkan Oezdemir,Blue,Light Heavyweight,MALE,3,2,2,3,2,0,0,6,2,2,0,15,4,0,0,3,1,0,0,185.42,187.96,200.66,190.5,37,27,27.625,43.5,0.555,0.58,0.25,0.0,0.375,0.0,0.125,0.0,Orthodox,Orthodox,8,2
2017-07-29,Ricardo Lamas,Jason Knight,Red,Featherweight,MALE,3,1,4,4,4,0,0,8,4,3,1,26,14,1,0,2,1,3,1,172.72,177.8,180.34,180.34,35,25,29.1818,50.6,0.45,0.432,0.7273,2.4,1.0909,1.8,0.265,0.46,Orthodox,Orthodox,11,5
2017-07-29,Brian Ortega,Renato Moicano,Red,Featherweight,MALE,3,3,3,3,3,0,0,3,3,1,0,10,8,0,0,2,0,1,1,172.72,180.34,175.26,182.88,26,28,33.75,54.0,0.37,0.457,1.25,0.3333,0.25,1.0,0.083,0.3,Switch,Orthodox,4,3
2017-07-29,Joshua Burkman,Drew Dober,Blue,Lightweight,MALE,3,0,0,2,2,3,1,6,3,11,5,43,16,0,0,1,1,1,1,177.8,172.72,182.88,177.8,37,28,31.0588,27.125,0.516,0.32,0.2353,0.125,2.0,0.625,0.403,0.044,Orthodox,Southpaw,17,8
2017-07-22,Chris Weidman,Kelvin Gastelum,Red,Middleweight,MALE,5,0,0,9,5,3,1,9,8,3,3,29,28,5,1,4,2,2,2,187.96,175.26,198.12,180.34,33,25,30.0833,49.4545,0.466,0.454,0.6667,0.1818,2.4167,0.8182,0.648,0.287,Orthodox,Southpaw,12,11
2017-07-22,Dennis Bermudez,Darren Elkins,Blue,Featherweight,MALE,3,0,4,7,5,1,0,9,12,4,4,30,40,1,0,1,3,2,0,167.64,177.8,167.64,180.34,30,33,45.6154,34.9375,0.458,0.324,0.9231,1.125,2.9231,2.125,0.428,0.353,Orthodox,Orthodox,13,16
2017-07-22,Patrick Cummins,Gian Villante,Red,Light Heavyweight,MALE,3,1,0,3,2,0,1,5,5,4,5,19,25,0,0,2,4,0,0,187.96,190.5,193.04,193.04,36,31,39.5556,45.5,0.508,0.467,0.1111,0.0,3.6667,0.5,0.393,0.225,Orthodox,Orthodox,9,10
2017-07-22,Jimmie Rivera,Thomas Almeida,Red,Bantamweight,MALE,3,4,1,4,4,0,0,4,5,0,1,10,10,0,0,1,4,0,0,162.56,170.18,172.72,177.8,28,25,52.5,41.6667,0.433,0.463,0.0,0.0,0.75,0.0,0.125,0.0,Orthodox,Southpaw,4,6
2017-07-22,Ryan LaFlare,Alex Oliveira,Blue,Welterweight,MALE,3,2,1,4,3,0,0,6,6,1,3,23,20,0,0,0,2,0,2,185.42,180.34,187.96,193.04,33,29,51.8571,24.7778,0.393,0.506,0.2857,0.5556,2.8571,2.3333,0.377,0.261,Southpaw,Orthodox,7,9
2017-07-22,Kyle Bochniak,Jeremy Kennedy,Blue,Featherweight,MALE,3,1,2,1,2,0,0,1,2,1,0,6,6,0,0,0,0,0,0,170.18,180.34,177.8,180.34,30,24,46.5,36.5,0.345,0.5,0.0,0.0,1.0,6.5,0.265,0.615,Orthodox,Orthodox,2,2
2017-07-22,Shane Burgos,Godofredo Pepey,Red,Featherweight,MALE,3,2,1,2,3,0,0,2,5,0,4,6,15,0,1,1,1,0,3,180.34,170.18,190.5,185.42,26,30,75.0,14.7778,0.42,0.416,0.0,0.8889,0.5,0.2222,0.5,0.111,Orthodox,Orthodox,2,9
2017-07-22,Frankie Perez,Chris Wade,Blue,Lightweight,MALE,3,0,0,1,4,1,2,1,4,2,2,7,14,0,0,1,0,0,2,180.34,177.8,185.42,177.8,28,29,16.0,19.0,0.533,0.397,0.3333,0.6667,0.6667,1.8333,0.193,0.502,Orthodox,Orthodox,3,6
2017-07-16,Gunnar Nelson,Santiago Ponzinibbio,Blue,Welterweight,MALE,5,2,4,4,4,0,0,7,6,2,2,20,17,0,0,0,3,6,0,180.34,182.88,182.88,185.42,28,30,19.7778,39.375,0.621,0.4,0.7778,0.0,1.1111,0.125,0.694,0.041,Switch,Orthodox,9,8
2017-07-16,Stevie Ray,Paul Felder,Blue,Lightweight,MALE,3,2,1,3,2,0,0,5,5,1,3,15,21,0,0,2,2,0,1,177.8,180.34,177.8,177.8,27,33,43.0,41.75,0.448,0.414,0.6667,0.375,0.3333,0.375,0.222,0.188,Southpaw,Orthodox,6,8
2017-07-16,Jack Marshman,Ryan Janes,Red,Middleweight,MALE,3,0,0,1,1,1,1,1,1,1,1,4,4,0,0,1,0,0,0,182.88,190.5,185.42,193.04,27,35,24.0,42.5,0.295,0.375,0.0,0.0,0.0,0.5,0.0,0.5,Orthodox,Orthodox,2,2
2017-07-16,Khalil Rountree Jr.,Paul Craig,Red,Light Heavyweight,MALE,3,1,0,1,1,0,1,1,1,2,1,5,3,1,0,1,0,0,1,185.42,190.5,193.04,193.04,27,29,6.6667,21.5,0.643,0.565,0.0,1.5,0.0,0.5,0.0,0.25,Southpaw,Orthodox,3,2
2017-07-08,Yoel Romero,Robert Whittaker,Blue,Middleweight,MALE,5,8,7,8,7,0,0,8,9,0,2,22,25,0,1,6,5,0,0,182.88,182.88,185.42,185.42,40,26,37.25,52.0,0.598,0.452,0.0,0.0,1.625,0.3636,0.311,0.273,Southpaw,Orthodox,8,11
2017-07-08,Anthony Pettis,Jim Miller,Red,Lightweight,MALE,3,0,0,5,7,1,1,6,17,5,9,28,62,4,0,2,3,3,6,177.8,172.72,182.88,180.34,30,33,33.1818,29.9231,0.455,0.366,0.3636,1.5,0.5455,1.2308,0.06,0.429,Orthodox,Southpaw,11,26
2017-07-08,Rob Font,Douglas Silva de Andrade,Red,Bantamweight,MALE,3,1,2,2,2,0,0,3,2,1,1,7,9,0,0,3,1,0,0,172.72,170.18,180.34,172.72,30,32,32.5,46.0,0.53,0.337,0.25,0.0,0.5,0.3333,0.3,0.333,Orthodox,Orthodox,4,3
2017-07-08,Thiago Santos,Gerald Meerschaert,Red,Middleweight,MALE,3,1,2,4,2,0,0,6,2,4,0,15,2,0,0,5,0,0,2,187.96,185.42,193.04,195.58,33,29,17.6,8.5,0.419,0.455,0.0,1.0,0.2,0.0,0.1,0.0,Orthodox,Southpaw,10,2
2017-07-08,Jordan Mein,Belal Muhammad,Blue,Welterweight,MALE,3,0,1,2,1,2,0,3,2,3,2,12,10,0,0,2,1,0,0,182.88,180.34,185.42,182.88,27,28,30.0,54.25,0.513,0.395,0.0,0.0,1.1667,1.75,0.267,0.35,Orthodox,Orthodox,6,4
2017-07-07,Brad Tavares,Elias Theodorou,Red,Middleweight,MALE,3,1,2,5,3,0,0,9,5,4,1,34,16,0,1,1,2,0,0,185.42,185.42,187.96,190.5,29,29,39.1538,43.0,0.417,0.385,0.0,0.0,1.0769,1.6667,0.234,0.373,Orthodox,Orthodox,13,6
2017-07-07,Ed Herman,CB Dollaway,Blue,Light Heavyweight,MALE,3,0,0,3,3,1,3,10,9,9,8,41,33,1,1,3,2,4,2,185.42,187.96,195.58,193.04,36,33,27.1579,21.4706,0.497,0.435,0.6842,0.5294,1.6316,1.8235,0.467,0.412,Orthodox,Orthodox,19,17
2017-07-07,Gray Maynard,Teruto Ishihara,Red,Featherweight,MALE,3,0,0,8,2,1,1,10,2,8,2,51,9,2,0,1,2,0,0,175.26,170.18,177.8,175.26,38,25,25.7778,44.0,0.363,0.49,0.5556,0.0,2.1667,0.0,0.419,0.0,Orthodox,Southpaw,18,4
2017-06-25,Michael Chiesa,Kevin Lee,Blue,Lightweight,MALE,5,3,4,3,4,0,0,7,8,2,2,19,22,1,0,0,1,5,3,185.42,175.26,190.5,195.58,29,24,19.6667,36.6,0.378,0.419,0.8889,1.0,1.6667,2.4,0.448,0.383,Southpaw,Orthodox,9,10
2017-06-25,Tim Boetsch,Johny Hendricks,Red,Middleweight,MALE,3,0,1,4,6,1,0,11,13,10,6,45,52,0,3,6,5,0,0,182.88,175.26,187.96,175.26,36,33,26.0,44.6316,0.514,0.523,0.5238,0.3158,1.0,3.2105,0.188,0.326,Orthodox,Southpaw,21,19
2017-06-25,Tim Means,Alex Garcia,Red,Welterweight,MALE,3,0,1,4,2,2,0,8,4,6,2,31,14,0,0,4,2,1,0,187.96,175.26,190.5,182.88,33,29,40.6429,22.6667,0.514,0.37,0.1429,0.0,0.5714,3.3333,0.25,0.51,Orthodox,Orthodox,14,6
2017-06-25,BJ Penn,Dennis Siver,Blue,Featherweight,MALE,3,0,0,3,4,5,2,12,11,12,9,70,47,11,0,6,3,4,2,175.26,167.64,177.8,177.8,38,38,36.4583,38.3,0.535,0.339,0.5,0.25,1.0833,0.65,0.343,0.283,Orthodox,Orthodox,24,20
2017-06-25,Clay Guida,Erik Koch,Red,Lightweight,MALE,3,0,1,4,2,2,0,12,4,11,3,62,13,0,0,1,2,4,1,170.18,177.8,177.8,180.34,35,28,28.7391,18.4286,0.344,0.379,0.6087,0.8571,2.6522,0.2857,0.377,0.071,Orthodox,Southpaw,23,7
2017-06-25,Vitor Miranda,Marvin Vettori,Blue,Middleweight,MALE,3,0,0,3,1,1,1,3,1,2,1,11,4,1,0,3,0,0,1,185.42,182.88,195.58,187.96,38,23,33.0,19.5,0.558,0.56,0.0,1.0,0.4,1.0,0.3,1.0,Orthodox,Southpaw,5,2
2017-06-25,Anthony Rocco Martin,Johnny Case,Red,Lightweight,MALE,3,2,0,2,4,0,1,3,4,3,1,14,14,0,0,0,1,2,1,182.88,177.8,185.42,182.88,27,27,24.5,44.2,0.38,0.374,0.8333,0.0,1.1667,1.8,0.33,0.306,Orthodox,Orthodox,6,5
2017-06-17,Dong Hyun Kim,Colby Covington,Blue,Welterweight,MALE,3,3,3,4,3,0,0,13,6,4,1,42,17,0,0,4,2,1,2,187.96,180.34,193.04,182.88,35,29,23.8235,26.1429,0.524,0.593,0.4706,0.2857,2.1765,4.7143,0.446,0.574,Southpaw,Orthodox,17,7
2017-06-17,Tarec Saffiedine,Rafael Dos Anjos,Blue,Welterweight,MALE,3,0,0,1,5,2,2,2,14,3,7,17,55,0,3,0,4,0,2,177.8,172.72,177.8,177.8,30,32,60.0,38.7143,0.448,0.419,0.2,0.5714,0.6,1.8571,0.132,0.32,Switch,Southpaw,5,21
2017-06-17,Takanori Gomi,Jon Tuck,Blue,Lightweight,MALE,3,0,0,2,1,3,2,4,3,7,4,21,19,0,0,2,1,0,1,170.18,180.34,177.8,185.42,38,32,33.1818,40.5714,0.308,0.409,0.0,0.7143,0.0909,0.4286,0.045,0.086,Southpaw,Orthodox,11,7
2017-06-10,Derek Brunson,Daniel Kelly,Red,Middleweight,MALE,3,0,4,5,4,2,0,7,6,3,1,18,17,0,0,4,1,1,1,185.42,182.88,195.58,177.8,33,39,23.0,43.0,0.482,0.399,0.3,0.1429,1.3,1.4286,0.143,0.269,Southpaw,Southpaw,10,7
2017-06-10,Dan Hooker,Ross Pearson,Red,Lightweight,MALE,3,0,0,1,3,1,3,3,11,3,11,13,57,0,1,2,4,1,0,182.88,172.72,190.5,175.26,27,32,33.8333,42.1364,0.445,0.421,0.1667,0.0,0.1667,0.6818,0.055,0.364,Switch,Orthodox,6,22
2017-06-10,Ion Cutelaba,Henrique da Silva,Red,Light Heavyweight,MALE,3,0,0,1,2,1,2,1,2,2,2,9,9,0,0,0,1,0,1,185.42,190.5,190.5,193.04,23,27,52.6667,40.75,0.273,0.583,0.0,0.25,2.0,0.25,0.283,0.083,Southpaw,Orthodox,3,4
2017-06-10,Damien Brown,Vinc Pichel,Blue,Lightweight,MALE,3,2,2,2,2,0,0,2,2,1,1,7,7,0,0,1,0,0,0,177.8,177.8,172.72,182.88,32,34,23.6667,33.6667,0.46,0.347,0.6667,0.3333,0.3333,5.3333,0.11,0.46,Orthodox,Orthodox,3,3
2017-06-10,Kiichi Kunimoto,Zak Ottow,Blue,Welterweight,MALE,3,0,0,3,1,1,1,3,1,1,1,8,6,0,0,0,0,1,0,177.8,180.34,180.34,182.88,36,30,15.75,54.5,0.44,0.37,0.25,0.5,0.75,0.0,0.17,0.0,Orthodox,Orthodox,4,2
2017-06-03,Jose Aldo,Max Holloway,Blue,Featherweight,MALE,5,1,10,7,10,0,0,8,13,1,3,36,40,9,1,2,6,0,2,170.18,180.34,177.8,175.26,30,25,56.5556,66.1875,0.403,0.428,0.3333,0.4375,1.3333,0.25,0.264,0.188,Orthodox,Orthodox,9,16
2017-06-03,Vitor Belfort,Nate Marquardt,Red,Middleweight,MALE,3,0,0,3,4,3,1,14,13,10,10,35,48,6,1,11,6,2,3,182.88,182.88,187.96,187.96,40,38,10.3333,23.5652,0.509,0.52,0.3333,0.6087,0.25,1.3913,0.115,0.454,Southpaw,Orthodox,24,23
2017-06-03,Erick Silva,Yancy Medeiros,Blue,Welterweight,MALE,3,1,1,2,2,0,0,7,4,6,5,23,15,0,0,2,0,5,3,182.88,177.8,187.96,190.5,32,29,17.1538,27.3333,0.552,0.35,0.7692,0.4444,0.4615,0.0,0.185,0.0,Orthodox,Orthodox,13,9
2017-06-03,Johnny Eduardo,Matthew Lopez,Blue,Bantamweight,MALE,3,1,1,2,1,0,0,3,1,2,1,11,6,0,0,2,0,0,0,170.18,170.18,180.34,175.26,38,30,24.0,22.0,0.368,0.48,0.2,1.5,0.0,3.0,0.0,0.915,Orthodox,Southpaw,5,2
2017-05-28,Alexander Gustafsson,Glover Teixeira,Red,Light Heavyweight,MALE,5,1,1,6,5,0,0,9,9,4,3,30,26,2,1,4,3,2,3,195.58,187.96,200.66,193.04,30,37,41.8462,33.8333,0.392,0.452,0.3846,0.4167,1.3077,1.5,0.325,0.358,Orthodox,Orthodox,13,12
2017-05-28,Peter Sobotta,Ben Saunders,Red,Welterweight,MALE,3,1,1,2,3,0,0,3,8,4,4,17,25,0,0,0,2,1,3,182.88,187.96,190.5,195.58,30,34,22.8571,29.4167,0.39,0.585,0.5714,0.75,1.5714,0.1667,0.377,0.167,Southpaw,Orthodox,7,12
2017-05-28,Jack Hermansson,Alex Nicholson,Red,Middleweight,MALE,3,0,0,1,1,1,1,1,1,1,2,5,6,0,0,0,1,0,0,185.42,193.04,195.58,205.74,28,27,51.0,38.6667,0.42,0.447,0.0,0.0,0.5,0.0,0.08,0.0,Orthodox,Orthodox,2,3
2017-05-28,Pedro Munhoz,Damian Stasiak,Red,Bantamweight,MALE,3,2,2,2,2,0,0,3,2,3,1,11,7,0,0,1,0,2,2,167.64,165.1,165.1,177.8,30,27,27.8333,8.6667,0.525,0.503,0.8333,1.0,0.5,2.3333,0.25,0.647,Orthodox,Orthodox,6,3
2017-05-28,Trevor Smith,Chris Camozzi,Red,Middleweight,MALE,3,0,0,2,4,1,2,4,9,4,9,20,46,0,0,0,1,0,1,190.5,187.96,190.5,193.04,36,30,43.125,43.8889,0.546,0.487,0.75,0.3333,1.125,0.2222,0.214,0.097,Orthodox,Orthodox,8,18
2017-05-28,Reza Madadi,Joaquim Silva,Blue,Lightweight,MALE,3,0,2,1,2,1,0,3,2,3,0,17,4,0,0,1,1,2,0,180.34,172.72,182.88,175.26,38,28,33.3333,27.5,0.567,0.525,0.5,0.0,2.3333,0.0,0.428,0.0,Orthodox,Orthodox,6,2
2017-05-28,Nico Musoke,Bojan Velickovic,Blue,Welterweight,MALE,3,0,0,2,1,1,2,3,1,2,2,13,9,0,0,0,0,1,0,182.88,182.88,190.5,193.04,31,28,45.6,28.0,0.398,0.343,0.2,0.6667,1.0,0.6667,0.346,0.233,Orthodox,Southpaw,5,3
2017-05-13,Demian Maia,Jorge Masvidal,Red,Welterweight,MALE,3,6,3,6,3,0,0,18,9,6,4,62,35,1,0,1,3,9,1,185.42,180.34,182.88,187.96,39,32,21.2917,56.6154,0.551,0.513,1.0,0.5385,2.3333,1.1538,0.408,0.381,Southpaw,Orthodox,24,13
2017-05-13,Frankie Edgar,Yair Rodriguez,Red,Featherweight,MALE,3,1,6,5,6,0,0,15,6,6,0,77,18,8,1,4,2,2,0,167.64,180.34,172.72,180.34,35,24,62.1905,57.0,0.42,0.462,0.4762,1.1667,3.1429,1.3333,0.318,0.508,Orthodox,Orthodox,21,6
2017-05-13,Krzysztof Jotko,David Branch,Blue,Middleweight,MALE,3,5,0,5,2,0,1,6,2,1,2,18,11,0,0,1,0,0,0,185.42,185.42,195.58,198.12,27,35,35.5714,14.25,0.474,0.46,0.0,0.0,1.0,2.0,0.344,0.425,Southpaw,Orthodox,7,4
2017-05-13,Chas Skelly,Jason Knight,Blue,Featherweight,MALE,3,2,3,4,3,0,0,6,3,2,1,17,11,0,0,1,0,4,1,180.34,177.8,182.88,180.34,32,24,16.5,48.5,0.44,0.405,1.75,2.25,1.125,1.75,0.361,0.325,Orthodox,Orthodox,8,4
2017-05-13,James Vick,Polo Reyes,Red,Lightweight,MALE,3,1,3,5,3,0,0,6,3,1,0,15,7,0,0,0,2,3,0,190.5,180.34,193.04,180.34,30,32,36.4286,65.0,0.316,0.357,0.7143,0.0,0.1429,0.0,0.071,0.0,Orthodox,Orthodox,7,3
2017-05-13,Gabriel Benitez,Enrique Barzola,Blue,Featherweight,MALE,3,1,1,2,1,0,0,3,2,1,1,9,9,0,1,0,0,2,0,172.72,170.18,180.34,177.8,28,28,33.25,55.0,0.433,0.473,1.75,0.0,0.0,4.3333,0.0,0.413,Southpaw,Switch,4,3
2017-04-22,Cub Swanson,Artem Lobov,Red,Featherweight,MALE,5,3,2,6,2,0,0,9,2,3,2,35,12,0,1,4,0,0,0,172.72,175.26,177.8,165.1,33,30,54.1667,40.0,0.468,0.338,0.1667,0.0,0.75,0.25,0.45,0.25,Orthodox,Southpaw,12,4
2017-04-22,Al Iaquinta,Diego Sanchez,Red,Lightweight,MALE,3,4,1,4,6,0,0,7,16,2,9,22,68,1,2,3,5,0,0,177.8,177.8,177.8,182.88,29,35,52.5556,35.32,0.438,0.393,0.3333,0.72,0.8889,1.12,0.287,0.248,Orthodox,Southpaw,9,25
2017-04-22,Ovince Saint Preux,Marcos Rogerio de Lima,Red,Light Heavyweight,MALE,3,0,1,4,2,3,0,7,4,5,2,30,6,1,0,4,3,1,1,190.5,185.42,203.2,190.5,34,31,28.8333,12.1667,0.494,0.593,0.1667,0.5,0.6667,0.0,0.305,0.0,Southpaw,Orthodox,12,6
2017-04-22,John Dodson,Eddie Wineland,Red,Bantamweight,MALE,3,0,2,3,2,1,0,7,5,3,5,28,23,3,1,4,4,0,0,160.02,170.18,167.64,175.26,32,32,43.8,36.0,0.433,0.267,0.0,0.0,0.7,0.2,0.274,0.133,Orthodox,Orthodox,10,10
2017-04-22,Joe Lauzon,Stevie Ray,Blue,Lightweight,MALE,3,1,1,3,3,0,0,14,4,9,1,46,12,0,0,4,2,7,0,177.8,177.8,180.34,177.8,32,27,21.087,29.8,0.429,0.428,1.2174,0.6,1.2174,0.4,0.402,0.266,Orthodox,Southpaw,23,5
2017-04-22,Jake Ellenberger,Mike Perry,Blue,Welterweight,MALE,3,0,0,6,2,1,1,10,2,8,1,37,7,0,0,5,2,1,0,175.26,177.8,180.34,180.34,32,25,21.2778,52.6667,0.404,0.483,0.2222,0.0,1.2222,0.0,0.378,0.0,Orthodox,Orthodox,18,3
2017-04-22,Thales Leites,Sam Alvey,Red,Middleweight,MALE,3,0,4,5,4,1,0,11,7,6,3,45,19,1,0,2,4,5,1,185.42,187.96,198.12,190.5,35,30,24.2941,29.4,0.401,0.526,1.0,0.1,1.8235,0.0,0.294,0.0,Orthodox,Southpaw,17,10
2017-04-22,Bryan Barberena,Joe Proctor,Red,Welterweight,MALE,3,0,0,2,2,1,1,3,4,2,3,14,14,0,0,1,2,1,1,182.88,177.8,182.88,182.88,27,31,68.8,30.5714,0.476,0.389,0.2,1.1429,0.4,0.0,0.266,0.0,Southpaw,Orthodox,5,7
2017-04-15,Jacare Souza,Robert Whittaker,Blue,Middleweight,MALE,3,2,6,5,6,0,0,7,8,1,2,14,23,0,1,2,4,4,0,185.42,182.88,182.88,185.42,37,26,20.75,51.7,0.538,0.447,0.875,0.0,1.375,0.4,0.4,0.3,Orthodox,Orthodox,8,10
2017-04-15,Jeremy Stephens,Renato Moicano,Blue,Featherweight,MALE,3,0,2,3,2,1,0,12,2,12,0,65,5,0,0,5,0,0,1,172.72,180.34,180.34,182.88,30,27,35.0417,46.0,0.455,0.385,0.4167,0.5,1.125,0.5,0.295,0.25,Orthodox,Orthodox,24,2
2017-04-15,Bobby Green,Rashid Magomedov,Blue,Lightweight,MALE,3,0,0,4,4,2,1,4,4,2,1,14,15,0,0,1,1,1,0,177.8,175.26,180.34,177.8,30,32,46.5,64.2,0.467,0.53,0.1667,0.2,0.6667,0.8,0.25,0.4,Orthodox,Orthodox,6,5
2017-04-15,Aljamain Sterling,Augusto Mendes,Red,Bantamweight,MALE,3,0,1,4,1,2,0,4,1,2,1,17,4,0,0,1,0,2,0,170.18,167.64,180.34,165.1,27,34,41.1667,26.5,0.483,0.33,1.1667,0.0,2.1667,2.0,0.522,0.22,Orthodox,Orthodox,6,2
2017-04-15,Devin Clark,Jake Collier,Red,Light Heavyweight,MALE,3,1,1,1,1,0,0,1,2,1,2,4,8,0,0,0,1,0,0,182.88,190.5,190.5,198.12,27,28,30.5,32.75,0.575,0.44,0.5,0.25,1.0,0.75,0.58,0.215,Orthodox,Orthodox,2,4
2017-04-15,Anthony Smith,Andrew Sanchez,Red,Middleweight,MALE,3,1,2,1,2,0,0,2,2,2,0,9,6,0,1,1,0,0,0,193.04,185.42,193.04,187.96,28,29,35.75,52.5,0.468,0.54,0.5,0.0,0.5,3.0,0.1,0.25,Orthodox,Orthodox,4,2
2017-04-15,Zak Cummings,Nathan Coy,Red,Welterweight,MALE,3,1,1,2,1,0,0,5,1,2,1,15,4,0,0,1,0,2,0,182.88,177.8,190.5,175.26,32,38,25.7143,24.0,0.337,0.365,0.5714,0.0,1.0,2.0,0.313,0.8,Southpaw,Southpaw,7,2
2017-04-08,Daniel Cormier,Anthony Johnson,Red,Light Heavyweight,MALE,5,3,3,4,3,0,0,7,13,1,5,26,31,3,1,1,11,2,0,180.34,187.96,182.88,198.12,38,33,56.875,19.9444,0.515,0.506,0.625,0.2778,1.75,1.0,0.411,0.271,Orthodox,Orthodox,8,18
2017-04-08,Chris Weidman,Gegard Mousasi,Blue,Middleweight,MALE,3,0,4,9,4,2,0,9,8,2,3,27,25,5,0,4,4,2,1,187.96,187.96,198.12,193.04,32,31,31.6364,37.8182,0.468,0.505,0.6364,0.2727,2.2727,0.8182,0.646,0.341,Orthodox,Orthodox,11,11
2017-04-08,Thiago Alves,Patrick Cote,Red,Welterweight,MALE,3,0,0,7,4,2,1,13,10,8,10,50,50,1,2,7,4,1,0,175.26,180.34,177.8,180.34,33,37,37.3333,30.9,0.46,0.462,0.2857,0.2,0.5238,0.5,0.285,0.133,Orthodox,Orthodox,21,20
2017-04-08,Will Brooks,Charles Oliveira,Blue,Lightweight,MALE,3,0,0,1,4,1,2,1,9,1,8,6,33,0,0,0,0,0,8,177.8,177.8,182.88,187.96,30,27,48.0,23.1765,0.735,0.519,0.0,1.2941,2.5,1.2941,0.33,0.402,Orthodox,Orthodox,2,17
2017-04-08,Myles Jury,Mike de la Torre,Red,Featherweight,MALE,3,0,0,6,1,2,1,6,2,2,4,17,10,0,0,2,1,1,0,177.8,180.34,185.42,180.34,28,30,21.375,22.1667,0.325,0.402,0.25,0.0,1.625,0.1667,0.413,0.083,Orthodox,Orthodox,8,6
2017-04-08,Kamaru Usman,Sean Strickland,Red,Welterweight,MALE,3,4,3,4,3,0,0,4,5,0,1,11,16,1,0,0,1,1,1,182.88,185.42,193.04,193.04,29,26,43.75,56.6667,0.563,0.395,0.5,0.5,4.5,1.3333,0.565,0.472,Switch,Orthodox,4,6
2017-04-08,Patrick Cummins,Jan Blachowicz,Red,Light Heavyweight,MALE,3,0,0,3,1,2,1,4,2,4,3,16,13,0,0,2,1,0,0,187.96,187.96,193.04,198.12,36,34,35.375,40.6,0.496,0.494,0.125,0.2,3.75,1.0,0.405,0.4,Orthodox,Orthodox,8,5
2017-03-18,Jimi Manuwa,Corey Anderson,Red,Light Heavyweight,MALE,3,1,1,3,3,0,0,5,6,2,2,14,21,0,1,2,2,0,0,185.42,190.5,200.66,200.66,37,27,30.7143,62.5,0.569,0.489,0.2857,0.0,0.4286,3.625,0.143,0.585,Orthodox,Orthodox,7,8
2017-03-18,Gunnar Nelson,Alan Jouban,Red,Welterweight,MALE,3,1,3,4,3,0,0,6,6,2,2,18,16,0,0,0,3,5,0,180.34,182.88,182.88,185.42,28,35,21.25,46.375,0.644,0.545,0.75,0.0,1.125,0.375,0.719,0.175,Switch,Southpaw,8,8
2017-03-18,Arnold Allen,Makwan Amirkhani,Red,Featherweight,MALE,3,2,3,2,3,0,0,2,3,0,0,6,5,0,0,0,1,1,1,172.72,177.8,177.8,182.88,23,28,27.0,12.6667,0.3,0.497,0.5,0.6667,2.5,1.6667,0.625,0.523,Southpaw,Southpaw,2,3
2017-03-18,Joe Duffy,Reza Madadi,Red,Lightweight,MALE,3,1,1,2,1,0,0,3,3,1,2,6,14,0,0,1,1,2,2,177.8,180.34,185.42,182.88,29,38,15.75,34.4,0.358,0.592,0.75,0.6,0.0,2.4,0.0,0.482,Orthodox,Orthodox,4,5
2017-03-18,Leon Edwards,Vicente Luque,Red,Welterweight,MALE,3,2,4,2,4,0,0,4,4,2,1,16,8,0,0,1,2,1,2,182.88,180.34,187.96,190.5,25,25,23.0,17.0,0.565,0.466,0.3333,0.6,0.8333,0.8,0.16,0.16,Southpaw,Orthodox,6,5
2017-03-18,Marc Diakiese,Teemu Packalen,Red,Lightweight,MALE,3,2,1,2,1,0,0,2,1,0,1,5,4,0,0,1,0,0,1,177.8,185.42,185.42,182.88,24,29,28.5,20.5,0.335,0.555,0.0,1.0,3.5,1.5,0.73,0.135,Orthodox,Orthodox,2,2
2017-03-18,Bradley Scott,Scott Askham,Red,Middleweight,MALE,3,0,0,1,1,1,1,2,2,3,3,12,11,1,0,0,2,2,0,185.42,190.5,193.04,190.5,27,28,39.4,23.8,0.486,0.586,0.6,0.6,0.4,0.2,0.09,0.1,Orthodox,Southpaw,5,5
2017-03-11,Mauricio Rua,Gian Villante,Red,Light Heavyweight,MALE,3,2,1,2,2,0,0,8,5,8,4,41,22,3,0,6,4,0,0,185.42,190.5,193.04,193.04,35,31,37.5,44.4444,0.508,0.479,0.25,0.0,1.1875,0.5556,0.201,0.25,Orthodox,Orthodox,16,9
2017-03-11,Edson Barboza,Beneil Dariush,Red,Lightweight,MALE,3,2,2,4,5,0,0,12,8,4,2,38,21,0,0,5,1,0,3,180.34,177.8,190.5,182.88,31,27,42.3125,33.8,0.454,0.48,0.0625,0.5,0.4375,0.9,0.229,0.291,Orthodox,Southpaw,16,10
2017-03-11,Alex Oliveira,Tim Means,Red,Welterweight,MALE,3,0,0,3,4,1,1,5,8,3,5,18,29,0,0,2,4,1,1,180.34,187.96,193.04,190.5,29,33,26.375,43.0769,0.506,0.495,0.5,0.1538,1.875,0.6154,0.226,0.269,Orthodox,Orthodox,8,13
2017-03-11,Francisco Trinaldo,Kevin Lee,Blue,Lightweight,MALE,3,7,3,7,4,0,0,11,7,3,2,34,20,0,0,2,1,2,2,175.26,175.26,177.8,195.58,38,24,37.9286,39.0,0.511,0.428,0.3571,1.0,0.8571,2.5556,0.29,0.412,Southpaw,Orthodox,14,9
2017-03-11,Rani Yahya,Joe Soto,Blue,Bantamweight,MALE,3,4,2,4,2,0,0,8,2,3,3,28,13,0,1,0,0,3,2,167.64,167.64,170.18,165.1,32,29,17.2727,36.6,0.425,0.478,1.3636,1.4,2.7273,0.6,0.374,0.294,Orthodox,Orthodox,11,5
2017-03-11,Michel Prazeres,Joshua Burkman,Red,Lightweight,MALE,3,3,0,3,2,0,2,5,6,2,10,21,42,0,0,0,1,0,1,167.64,177.8,170.18,182.88,35,36,36.0,32.9375,0.454,0.486,0.1429,0.25,4.1429,2.125,0.37,0.428,Orthodox,Orthodox,7,16
2017-03-04,Tyron Woodley,Stephen Thompson,Red,Welterweight,MALE,5,0,0,3,7,1,1,6,8,3,2,20,25,2,1,5,5,0,0,175.26,182.88,187.96,190.5,34,34,27.3333,47.6,0.557,0.484,0.2222,0.0,0.4444,0.5,0.222,0.183,Orthodox,Orthodox,9,10
2017-03-04,Lando Vannata,David Teymur,Blue,Lightweight,MALE,3,1,2,1,2,0,0,1,2,1,0,3,4,0,0,1,2,0,0,175.26,175.26,180.34,185.42,24,27,25.0,32.0,0.335,0.515,0.0,0.0,0.0,0.5,0.0,0.5,Orthodox,Southpaw,2,2
2017-03-04,Rashad Evans,Daniel Kelly,Blue,Middleweight,MALE,3,0,3,5,3,2,0,14,5,6,1,55,14,4,0,6,1,0,1,182.88,182.88,190.5,177.8,37,39,27.15,37.8333,0.389,0.402,0.0,0.1667,2.5,1.6667,0.359,0.313,Orthodox,Southpaw,20,6
2017-03-04,Mirsad Bektic,Darren Elkins,Blue,Featherweight,MALE,3,4,3,4,5,0,0,4,11,0,4,9,37,0,0,1,2,1,0,172.72,177.8,177.8,180.34,26,32,26.0,35.4,0.465,0.314,0.5,1.1333,2.75,2.2667,0.605,0.376,Orthodox,Orthodox,4,15
2017-02-19,Johny Hendricks,Hector Lombard,Red,Middleweight,MALE,3,0,0,6,2,3,3,12,3,6,5,49,19,3,0,5,2,0,0,175.26,175.26,175.26,180.34,33,39,44.2778,33.5,0.532,0.5,0.3333,0.25,3.3889,1.5,0.344,0.436,Southpaw,Southpaw,18,8
2017-02-19,Elias Theodorou,Cezar Ferreira,Red,Middleweight,MALE,3,1,3,3,3,0,0,4,7,1,3,13,21,1,1,2,0,0,2,185.42,185.42,190.5,198.12,28,32,44.0,16.9,0.398,0.406,0.0,0.2,1.8,1.6,0.398,0.418,Orthodox,Southpaw,5,10
2017-02-19,Nordine Taleb,Santiago Ponzinibbio,Blue,Welterweight,MALE,3,1,3,3,3,0,0,4,5,1,2,13,14,0,0,1,3,0,0,185.42,182.88,187.96,185.42,35,30,38.6,37.4286,0.558,0.414,0.0,0.0,2.6,0.1429,0.7,0.047,Orthodox,Orthodox,5,7
2017-02-11,Anderson Silva,Derek Brunson,Red,Middleweight,MALE,3,0,0,16,5,5,1,16,7,5,2,52,15,13,0,11,4,3,1,187.96,185.42,195.58,195.58,41,33,33.1905,19.5556,0.656,0.477,0.2857,0.3333,0.1429,1.2222,0.143,0.137,Southpaw,Southpaw,21,9
2017-02-11,Jacare Souza,Tim Boetsch,Red,Middleweight,MALE,3,1,2,5,4,0,0,6,11,1,9,13,44,0,0,2,6,3,0,185.42,182.88,182.88,187.96,37,36,22.7143,27.0,0.56,0.51,0.8571,0.55,1.4286,1.05,0.386,0.197,Orthodox,Orthodox,7,20
2017-02-11,Glover Teixeira,Jared Cannonier,Red,Light Heavyweight,MALE,3,0,2,5,2,1,0,8,2,3,1,23,5,1,0,3,1,3,0,187.96,180.34,193.04,195.58,37,32,34.7273,32.0,0.452,0.637,0.3636,0.0,1.3636,0.0,0.3,0.0,Orthodox,Switch,11,3
2017-02-11,Dustin Poirier,Jim Miller,Red,Lightweight,MALE,3,0,3,4,7,1,0,12,17,4,8,31,59,0,0,5,3,3,6,175.26,172.72,182.88,180.34,28,33,40.5625,28.28,0.503,0.36,0.5625,1.44,1.0,1.24,0.219,0.44,Southpaw,Southpaw,16,25
2017-02-11,Randy Brown,Belal Muhammad,Blue,Welterweight,MALE,3,2,0,2,1,0,1,3,1,1,2,10,7,0,0,1,1,1,0,190.5,180.34,198.12,182.88,26,28,28.0,48.6667,0.468,0.373,0.75,0.0,0.75,1.6667,0.395,0.333,Orthodox,Orthodox,4,3
2017-02-11,Nik Lentz,Islam Makhachev,Blue,Lightweight,MALE,3,2,1,4,1,0,0,11,2,6,1,46,6,0,0,2,0,1,1,172.72,177.8,172.72,177.8,32,25,41.8824,16.0,0.532,0.51,1.1765,1.0,3.4706,2.3333,0.369,0.533,Orthodox,Orthodox,17,3
2017-02-11,Ryan LaFlare,Roan Carneiro,Red,Welterweight,MALE,3,1,1,4,1,0,0,5,4,1,4,20,17,0,0,0,1,0,1,185.42,180.34,187.96,187.96,33,38,55.6667,14.25,0.407,0.445,0.3333,1.125,3.1667,2.25,0.398,0.42,Southpaw,Orthodox,6,8
2017-02-04,Dennis Bermudez,Chan Sung Jung,Blue,Featherweight,MALE,5,2,0,7,3,0,1,9,3,3,1,29,11,1,1,1,1,2,2,167.64,170.18,167.64,182.88,30,29,47.75,31.75,0.448,0.38,1.0,1.0,3.1667,1.25,0.463,0.375,Orthodox,Orthodox,12,4
2017-02-04,Abel Trujillo,James Vick,Blue,Lightweight,MALE,3,3,0,3,5,0,1,6,5,3,1,18,12,0,0,3,0,1,2,172.72,190.5,177.8,193.04,33,29,25.8889,38.3333,0.377,0.307,0.3333,0.3333,1.4444,0.0,0.581,0.0,Orthodox,Orthodox,9,6
2017-01-28,Donald Cerrone,Jorge Masvidal,Blue,Welterweight,MALE,3,4,2,8,3,0,0,19,8,4,4,48,33,1,0,8,2,5,1,185.42,180.34,185.42,187.96,33,32,43.8696,56.5,0.493,0.509,0.4348,0.5833,0.7391,1.25,0.324,0.413,Orthodox,Orthodox,23,12
2017-01-28,Alex Caceres,Jason Knight,Blue,Featherweight,MALE,3,0,2,2,2,1,0,7,2,8,1,41,9,0,0,0,0,2,0,177.8,177.8,185.42,180.34,28,24,47.4,54.3333,0.462,0.433,0.8,1.6667,0.6,1.6667,0.289,0.267,Southpaw,Orthodox,15,3
2017-01-28,Nate Marquardt,Sam Alvey,Blue,Middleweight,MALE,3,1,3,4,3,0,0,13,6,9,3,45,16,1,0,6,4,3,1,182.88,187.96,187.96,190.5,37,30,23.3636,28.6667,0.524,0.538,0.6364,0.1111,1.4091,0.0,0.452,0.0,Orthodox,Southpaw,22,9
2017-01-28,Raphael Assuncao,Aljamain Sterling,Red,Bantamweight,MALE,3,0,0,7,4,1,1,7,4,2,1,23,14,0,0,1,1,1,2,165.1,170.18,167.64,180.34,34,27,47.8889,39.0,0.443,0.52,0.2222,1.4,1.2222,2.6,0.256,0.626,Orthodox,Orthodox,9,5
2017-01-28,Eric Spicely,Alessio Di Chirico,Red,Middleweight,MALE,3,1,1,1,1,0,0,1,1,1,1,2,6,0,0,0,0,1,0,185.42,182.88,185.42,187.96,30,27,6.0,63.0,0.695,0.435,0.5,0.0,0.5,2.0,0.25,0.495,Orthodox,Orthodox,2,2
2017-01-15,Yair Rodriguez,BJ Penn,Red,Featherweight,MALE,5,5,0,5,3,0,4,5,12,0,11,16,68,1,11,1,6,0,4,180.34,175.26,180.34,177.8,24,38,57.4,37.8696,0.456,0.55,1.4,0.5217,1.6,1.1304,0.61,0.357,Orthodox,Orthodox,5,23
2017-01-15,Court McGee,Ben Saunders,Blue,Welterweight,MALE,3,1,0,3,3,0,1,7,7,4,4,30,22,1,0,0,2,2,3,180.34,187.96,190.5,195.58,32,33,66.0,27.6364,0.373,0.606,0.5455,0.8182,2.0,0.1818,0.28,0.182,Orthodox,Orthodox,11,11
2017-01-15,Anthony Rocco Martin,Alex White,Red,Lightweight,MALE,3,1,1,1,1,0,0,2,2,3,2,11,10,0,0,0,1,2,0,182.88,182.88,185.42,180.34,27,28,25.4,49.5,0.356,0.43,1.0,0.25,1.0,1.0,0.33,0.188,Orthodox,Southpaw,5,4
2016-12-30,Dominick Cruz,Cody Garbrandt,Blue,Bantamweight,MALE,5,5,5,5,5,0,0,5,5,0,0,21,9,4,0,1,4,0,0,172.72,172.72,172.72,165.1,31,25,75.0,31.4,0.462,0.378,0.2,0.0,4.6,0.8,0.52,0.166,Orthodox,Orthodox,5,5
2016-12-30,TJ Dillashaw,John Lineker,Red,Bantamweight,MALE,3,1,6,4,6,0,0,9,10,3,2,36,29,5,0,5,5,1,1,167.64,160.02,170.18,170.18,30,26,72.3333,57.25,0.391,0.409,0.9167,0.5,1.3333,0.4167,0.329,0.167,Orthodox,Orthodox,12,12
2016-12-30,Dong Hyun Kim,Tarec Saffiedine,Red,Welterweight,MALE,3,2,0,4,1,0,1,12,2,4,2,39,14,0,0,4,0,1,0,187.96,177.8,193.04,177.8,35,30,23.0625,62.0,0.536,0.438,0.5,0.25,2.125,0.25,0.451,0.083,Southpaw,Switch,16,4
2016-12-30,Johny Hendricks,Neil Magny,Blue,Welterweight,MALE,3,0,0,6,7,2,1,12,11,5,4,46,40,3,0,5,4,0,1,175.26,190.5,175.26,203.2,33,29,45.8235,48.9333,0.534,0.441,0.3529,0.2,3.2353,2.2667,0.314,0.443,Southpaw,Orthodox,17,15
2016-12-30,Mike Pyle,Alex Garcia,Blue,Welterweight,MALE,3,0,0,4,2,1,1,10,3,7,2,35,13,0,0,5,1,2,0,182.88,175.26,187.96,182.88,41,29,22.0,24.4,0.396,0.348,0.8235,0.0,0.9412,3.8,0.223,0.512,Orthodox,Orthodox,17,5
2016-12-17,Sage Northcutt,Mickey Gall,Blue,Welterweight,MALE,3,1,2,2,2,0,0,3,2,1,0,8,2,0,0,1,0,1,2,182.88,187.96,180.34,187.96,20,24,22.0,11.0,0.643,0.56,0.5,1.5,1.0,0.5,0.55,0.5,Orthodox,Switch,4,2
2016-12-17,Urijah Faber,Brad Pickett,Red,Bantamweight,MALE,3,0,0,4,2,2,1,9,5,6,7,47,27,4,0,0,1,6,1,167.64,167.64,170.18,172.72,37,38,40.9333,33.0,0.45,0.308,0.5333,0.1667,1.4,1.5,0.271,0.308,Orthodox,Orthodox,15,12
2016-12-17,Alan Jouban,Mike Perry,Red,Welterweight,MALE,3,2,2,2,2,0,0,5,2,2,0,13,4,0,0,3,2,0,0,182.88,177.8,185.42,180.34,35,25,43.1429,60.5,0.55,0.52,0.0,0.0,0.1429,0.0,0.143,0.0,Southpaw,Orthodox,7,2
2016-12-17,Cole Miller,Mizuto Hirota,Blue,Featherweight,MALE,3,0,0,2,0,3,3,10,0,9,3,42,9,0,0,1,0,7,0,185.42,170.18,187.96,170.18,32,35,30.7368,56.0,0.32,0.373,1.2632,0.0,0.4211,1.0,0.182,0.467,Orthodox,Orthodox,19,3
2016-12-17,Bryan Barberena,Colby Covington,Blue,Welterweight,MALE,3,2,2,2,3,0,0,3,5,1,1,11,14,0,0,1,2,1,2,182.88,180.34,182.88,182.88,27,28,75.75,17.8333,0.505,0.603,0.25,0.3333,0.5,3.5,0.333,0.553,Southpaw,Orthodox,4,6
2016-12-17,Eddie Wineland,Takeya Mizugaki,Red,Bantamweight,MALE,3,1,0,2,5,0,1,4,8,5,5,22,34,1,0,3,1,0,0,170.18,170.18,175.26,172.72,32,33,39.0,46.1538,0.266,0.38,0.0,0.0769,0.2222,1.2308,0.148,0.328,Orthodox,Orthodox,9,13
2016-12-10,Max Holloway,Anthony Pettis,Red,Featherweight,MALE,5,9,1,9,5,0,0,12,6,3,4,37,25,0,3,5,2,2,3,180.34,177.8,175.26,182.88,25,29,64.3333,31.2,0.426,0.467,0.4667,0.4,0.1333,0.6,0.133,0.066,Orthodox,Orthodox,15,10
2016-12-10,Donald Cerrone,Matt Brown,Red,Welterweight,MALE,3,3,0,8,7,0,2,18,13,4,9,45,50,1,0,7,9,5,2,185.42,182.88,185.42,190.5,33,35,43.0,33.6818,0.497,0.559,0.4545,1.0455,0.7727,1.0455,0.339,0.396,Orthodox,Orthodox,22,22
2016-12-10,Cub Swanson,Dooho Choi,Red,Featherweight,MALE,3,2,3,6,3,0,0,8,3,3,0,32,3,0,0,4,3,0,0,172.72,177.8,177.8,177.8,33,25,49.0,10.6667,0.464,0.64,0.1818,0.0,0.6364,0.0,0.455,0.0,Orthodox,Orthodox,11,3
2016-12-10,Tim Kennedy,Kelvin Gastelum,Blue,Middleweight,MALE,3,0,1,3,5,1,0,3,7,1,2,12,24,0,1,1,1,0,2,180.34,175.26,187.96,180.34,37,25,37.0,50.6667,0.453,0.433,0.25,0.2222,1.75,1.0,0.238,0.351,Orthodox,Southpaw,4,9
2016-12-10,Nikita Krylov,Misha Cirkunov,Blue,Light Heavyweight,MALE,3,5,3,5,3,0,0,6,3,2,0,12,6,0,0,3,1,3,2,190.5,190.5,195.58,195.58,24,29,31.375,33.3333,0.609,0.593,0.625,0.6667,0.0,2.3333,0.0,0.527,Orthodox,Orthodox,8,3
2016-12-10,Olivier Aubin-Mercier,Drew Dober,Red,Lightweight,MALE,3,1,2,3,2,0,0,4,3,2,4,17,14,1,0,0,1,3,1,175.26,172.72,177.8,177.8,27,28,36.8333,27.5714,0.532,0.319,0.5,0.1429,2.8333,0.7143,0.332,0.05,Southpaw,Southpaw,6,7
2016-12-10,Jason Saggo,Rustam Khabilov,Blue,Lightweight,MALE,3,2,3,2,3,0,0,3,6,1,2,8,21,0,0,2,1,0,0,180.34,172.72,180.34,185.42,31,30,26.75,23.875,0.48,0.371,0.0,0.125,2.25,3.5,0.383,0.456,Orthodox,Orthodox,4,8
2016-12-09,Corey Anderson,Sean O'Connell,Red,Light Heavyweight,MALE,3,0,0,3,2,1,2,5,2,2,4,19,12,1,0,1,2,0,0,190.5,185.42,200.66,187.96,27,33,62.0,49.1667,0.467,0.48,0.0,0.3333,3.4286,0.0,0.526,0.0,Orthodox,Orthodox,7,6
2016-12-03,Jake Ellenberger,Jorge Masvidal,Blue,Welterweight,MALE,3,1,1,6,3,0,0,10,7,7,4,36,32,0,0,5,1,1,1,175.26,180.34,180.34,187.96,31,32,21.8824,57.6364,0.407,0.493,0.2353,0.6364,1.2941,1.3636,0.4,0.45,Orthodox,Orthodox,17,11
2016-12-03,Ion Cutelaba,Jared Cannonier,Blue,Light Heavyweight,MALE,3,1,1,1,1,0,0,1,1,1,1,6,2,0,0,0,1,0,0,185.42,180.34,190.5,195.58,22,32,56.5,18.5,0.255,0.645,0.0,0.0,0.0,0.0,0.0,0.0,Southpaw,Switch,2,2
2016-12-03,Dong Hyun Ma,Brendan O'Reilly,Red,Lightweight,MALE,3,0,0,0,1,2,1,0,1,2,2,6,7,0,0,0,0,0,0,180.34,170.18,177.8,175.26,28,29,51.0,21.6667,0.435,0.42,0.0,0.3333,1.0,2.3333,0.33,0.533,Orthodox,Orthodox,2,3
2016-12-03,Elvis Mutapcic,Anthony Smith,Blue,Middleweight,MALE,3,0,0,0,1,2,1,0,1,2,2,6,7,0,0,0,0,0,0,182.88,193.04,182.88,193.04,30,28,51.0,31.6667,0.415,0.447,0.0,0.3333,0.0,0.6667,0.0,0.133,Orthodox,Orthodox,2,3
2016-11-26,Robert Whittaker,Derek Brunson,Red,Middleweight,MALE,5,5,5,5,5,0,0,7,7,2,1,22,14,1,0,3,4,0,1,182.88,185.42,185.42,195.58,25,32,53.7778,19.625,0.434,0.48,0.0,0.375,0.4444,1.375,0.333,0.154,Orthodox,Southpaw,9,8
2016-11-26,Jake Matthews,Andrew Holbrook,Blue,Lightweight,MALE,3,0,0,2,1,1,1,4,1,2,1,12,4,0,0,0,0,3,0,180.34,180.34,185.42,177.8,22,30,32.1667,11.0,0.428,0.585,0.6667,1.0,1.1667,0.0,0.282,0.0,Orthodox,Southpaw,6,2
2016-11-26,Kyle Noke,Omari Akhmedov,Blue,Welterweight,MALE,3,0,0,3,2,2,2,6,3,5,3,22,12,0,0,3,2,2,0,185.42,182.88,193.04,185.42,36,29,31.0,28.3333,0.55,0.402,0.3636,0.3333,1.0,1.6667,0.348,0.362,Southpaw,Orthodox,11,6
2016-11-26,Daniel Kelly,Chris Camozzi,Red,Middleweight,MALE,3,2,0,2,4,0,1,4,9,1,8,11,43,0,0,1,1,1,1,182.88,187.96,177.8,193.04,39,30,37.6,43.1765,0.406,0.488,0.2,0.3529,1.2,0.2353,0.176,0.103,Southpaw,Orthodox,5,17
2016-11-26,Damien Brown,Jon Tuck,Red,Lightweight,MALE,3,1,0,1,1,0,1,1,3,1,3,4,16,0,0,1,1,0,1,177.8,180.34,172.72,185.42,31,32,18.5,40.8333,0.56,0.403,0.5,0.8333,0.5,0.5,0.165,0.1,Orthodox,Orthodox,2,6
2016-11-26,Dan Hooker,Jason Knight,Blue,Featherweight,MALE,3,1,1,1,1,0,0,3,1,2,1,10,6,0,0,2,0,1,0,182.88,177.8,190.5,180.34,26,24,31.2,52.0,0.44,0.495,0.2,0.5,0.2,0.5,0.066,0.25,Switch,Orthodox,5,2
2016-11-26,Marlon Vera,Ning Guangyou,Red,Featherweight,MALE,3,0,0,1,2,1,1,1,2,2,1,8,8,0,1,0,1,1,0,172.72,162.56,177.8,162.56,23,34,24.3333,33.3333,0.433,0.403,1.3333,0.3333,0.6667,1.3333,0.387,0.553,Switch,Southpaw,3,3
2016-11-19,Ryan Bader,Rogerio Nogueira,Red,Light Heavyweight,MALE,5,1,1,5,2,0,0,14,5,5,4,44,19,1,0,4,3,1,0,187.96,187.96,187.96,190.5,33,40,25.8421,28.8889,0.372,0.327,0.2632,0.2222,2.1579,0.1111,0.257,0.111,Orthodox,Southpaw,19,9
2016-11-19,Thales Leites,Krzysztof Jotko,Blue,Middleweight,MALE,3,1,4,5,4,0,0,11,5,5,1,42,15,1,0,2,1,5,0,185.42,185.42,198.12,195.58,35,27,25.5625,34.5,0.408,0.47,1.0,0.0,1.875,1.0,0.305,0.318,Orthodox,Southpaw,16,6
2016-11-19,Warlley Alves,Kamaru Usman,Blue,Welterweight,MALE,3,0,3,4,3,1,0,4,3,1,0,12,8,1,1,0,0,3,1,180.34,182.88,182.88,193.04,25,29,32.8,34.6667,0.488,0.593,1.0,0.3333,1.0,5.6667,0.464,0.587,Orthodox,Switch,5,3
2016-11-19,Johnny Eduardo,Manvel Gamburyan,Red,Bantamweight,MALE,3,0,0,2,2,1,1,2,6,2,8,9,32,0,1,1,0,0,3,170.18,165.1,180.34,170.18,38,35,23.5,19.3571,0.34,0.435,0.25,0.5714,0.0,2.1429,0.0,0.334,Orthodox,Orthodox,4,14
2016-11-19,Pedro Munhoz,Justin Scoggins,Red,Bantamweight,MALE,3,1,2,1,2,0,0,2,4,3,2,9,15,0,0,1,1,1,0,167.64,170.18,165.1,167.64,30,24,27.8,41.0,0.56,0.607,0.8,0.5,0.6,3.5,0.3,0.673,Orthodox,Southpaw,5,6
2016-11-19,Gegard Mousasi,Uriah Hall,Red,Middleweight,MALE,5,3,0,3,3,0,2,7,5,3,5,24,21,0,1,3,2,1,0,187.96,182.88,193.04,200.66,31,32,39.6,29.2,0.505,0.542,0.3,0.2,0.8,0.7,0.325,0.324,Orthodox,Orthodox,10,10
2016-11-19,Ross Pearson,Stevie Ray,Blue,Lightweight,MALE,3,0,0,3,3,2,1,11,3,10,1,54,9,1,0,4,2,0,0,172.72,177.8,175.26,177.8,32,26,42.3333,25.0,0.421,0.433,0.0,0.75,0.7143,0.25,0.381,0.25,Orthodox,Southpaw,21,4
2016-11-19,Artem Lobov,Teruto Ishihara,Red,Featherweight,MALE,3,1,2,1,2,0,0,1,2,2,1,9,6,1,0,0,2,0,0,175.26,170.18,165.1,175.26,30,25,26.0,42.6667,0.28,0.52,0.0,0.0,0.0,0.0,0.0,0.0,Southpaw,Southpaw,3,3
2016-11-19,Kevin Lee,Magomed Mustafaev,Red,Lightweight,MALE,3,2,2,4,2,0,0,6,2,2,0,18,3,0,0,1,1,1,0,175.26,172.72,195.58,180.34,24,28,41.375,18.0,0.393,0.545,0.875,0.0,2.0,0.0,0.368,0.0,Orthodox,Orthodox,8,2
2016-11-19,Zak Cummings,Alexander Yakovlev,Red,Welterweight,MALE,3,0,0,2,2,1,1,4,2,2,3,13,13,0,0,1,1,1,0,182.88,190.5,190.5,187.96,32,32,26.0,24.0,0.343,0.542,0.5,0.0,1.1667,1.0,0.365,0.38,Southpaw,Southpaw,6,5
2016-11-12,Eddie Alvarez,Conor McGregor,Blue,Lightweight,MALE,5,3,1,3,7,0,0,3,8,1,1,10,18,1,2,1,6,0,0,175.26,175.26,175.26,187.96,32,28,41.5,49.0,0.463,0.497,0.0,0.0,2.5,0.5556,0.25,0.2,Orthodox,Southpaw,4,9
2016-11-12,Chris Weidman,Yoel Romero,Blue,Middleweight,MALE,3,0,7,9,7,1,0,9,7,1,0,24,19,5,0,4,5,2,0,187.96,182.88,198.12,185.42,32,39,33.6,40.0,0.49,0.619,0.7,0.0,2.4,1.5714,0.699,0.261,Orthodox,Southpaw,10,7
2016-11-12,Frankie Edgar,Jeremy Stephens,Red,Featherweight,MALE,3,0,1,5,3,1,0,14,12,6,11,74,62,8,0,4,5,2,0,167.64,172.72,172.72,180.34,35,30,63.3,35.1304,0.415,0.466,0.4,0.3913,3.05,1.1739,0.317,0.307,Orthodox,Orthodox,20,23
2016-11-12,Khabib Nurmagomedov,Michael Johnson,Red,Lightweight,MALE,3,7,1,7,4,0,0,7,9,0,6,18,37,0,1,2,4,1,0,177.8,177.8,177.8,185.42,28,30,38.5714,44.2667,0.493,0.346,0.4286,0.0,5.2857,0.4667,0.387,0.35,Orthodox,Southpaw,7,15
2016-11-12,Rafael Natal,Tim Boetsch,Blue,Middleweight,MALE,3,0,1,4,4,1,0,9,10,6,9,42,43,0,0,1,5,1,0,182.88,182.88,193.04,187.96,33,35,42.4667,27.6842,0.481,0.507,0.4667,0.5789,2.4,1.1053,0.291,0.207,Orthodox,Orthodox,15,19
2016-11-12,Vicente Luque,Belal Muhammad,Red,Welterweight,MALE,3,3,1,3,1,0,0,3,1,1,1,7,6,0,0,1,1,2,0,180.34,180.34,190.5,182.88,24,28,19.0,71.5,0.478,0.41,0.75,0.0,1.0,2.5,0.2,0.5,Orthodox,Orthodox,4,2
2016-11-05,Rafael Dos Anjos,Tony Ferguson,Blue,Lightweight,MALE,5,0,8,5,8,1,0,14,11,6,1,50,23,3,1,4,2,2,5,172.72,180.34,177.8,193.04,32,32,34.6,38.75,0.418,0.405,0.6,1.0833,1.95,0.5,0.337,0.347,Southpaw,Orthodox,20,12
2016-11-05,Ricardo Lamas,Charles Oliveira,Red,Featherweight,MALE,3,0,0,4,4,1,1,7,9,3,7,24,31,1,0,2,0,2,8,172.72,177.8,180.34,187.96,34,27,31.0,23.8125,0.44,0.507,0.7,1.25,1.1,1.25,0.192,0.364,Orthodox,Orthodox,10,16
2016-11-05,Beneil Dariush,Rashid Magomedov,Red,Lightweight,MALE,3,1,4,5,4,0,0,7,4,2,0,18,12,0,0,1,1,3,0,177.8,175.26,182.88,177.8,27,31,30.8889,70.0,0.478,0.533,0.5556,0.25,1.0,0.75,0.323,0.375,Southpaw,Orthodox,9,4
2016-11-05,Erik Perez,Felipe Arantes,Red,Bantamweight,MALE,3,2,2,3,2,0,0,6,5,2,4,17,22,0,0,2,1,1,2,172.72,172.72,172.72,185.42,26,28,31.125,28.5556,0.483,0.517,0.125,0.5556,2.0,1.0,0.331,0.281,Orthodox,Orthodox,8,9
2016-11-05,Henry Briones,Douglas Silva de Andrade,Blue,Bantamweight,MALE,3,0,1,1,1,1,0,1,1,1,1,5,6,0,0,0,0,1,0,172.72,170.18,175.26,172.72,36,31,33.5,33.0,0.415,0.28,0.5,0.0,0.0,0.0,0.0,0.0,Orthodox,Orthodox,2,2
2016-11-05,Sam Alvey,Alex Nicholson,Red,Middleweight,MALE,3,2,1,3,1,0,0,5,1,3,1,13,3,0,0,4,1,1,0,187.96,193.04,190.5,205.74,30,26,24.375,17.0,0.549,0.445,0.125,0.0,0.0,0.0,0.0,0.0,Southpaw,Orthodox,8,2
2016-10-08,Michael Bisping,Dan Henderson,Red,Middleweight,MALE,5,4,1,4,4,0,0,19,9,7,8,70,42,2,3,10,4,0,0,185.42,180.34,190.5,187.96,37,46,54.3846,26.1765,0.39,0.507,0.1923,0.2941,1.0,0.8235,0.257,0.232,Orthodox,Orthodox,26,17
2016-10-08,Vitor Belfort,Gegard Mousasi,Blue,Middleweight,MALE,3,0,2,3,2,1,0,14,6,8,3,32,22,6,0,11,2,2,1,182.88,187.96,187.96,193.04,39,31,10.4545,37.6667,0.525,0.506,0.3636,0.3333,0.2727,0.7778,0.125,0.333,Southpaw,Orthodox,22,9
2016-10-08,Ovince Saint Preux,Jimi Manuwa,Blue,Light Heavyweight,MALE,3,0,0,4,3,1,1,7,4,3,2,25,12,1,0,4,1,1,0,190.5,185.42,203.2,200.66,33,36,25.7,30.5,0.519,0.55,0.2,0.1667,0.6,0.5,0.3,0.167,Southpaw,Orthodox,10,6
2016-10-08,Mirsad Bektic,Russell Doane,Red,Featherweight,MALE,3,3,0,3,2,0,3,3,2,0,3,8,12,0,0,1,0,0,1,172.72,170.18,177.8,177.8,25,30,33.3333,22.4,0.487,0.42,0.0,0.8,2.3333,2.0,0.587,0.266,Orthodox,Orthodox,3,5
2016-10-08,Brad Pickett,Iuri Alcantara,Blue,Bantamweight,MALE,3,1,0,2,3,0,1,5,7,6,5,26,30,0,0,1,2,1,0,167.64,175.26,172.72,180.34,38,36,35.9091,28.9167,0.306,0.475,0.1818,0.4167,1.6364,1.1667,0.335,0.388,Orthodox,Southpaw,11,12
2016-10-08,Davey Grant,Damian Stasiak,Blue,Bantamweight,MALE,3,1,1,1,1,0,0,1,1,1,1,5,4,1,0,0,0,0,1,172.72,165.1,175.26,177.8,30,26,45.0,8.0,0.53,0.63,0.0,1.0,0.5,1.5,0.1,0.75,Orthodox,Orthodox,2,2
2016-10-08,Leon Edwards,Albert Tumenov,Red,Welterweight,MALE,3,1,0,2,5,0,1,3,5,2,2,13,14,0,0,1,3,0,0,182.88,180.34,187.96,185.42,25,24,24.4,35.2857,0.634,0.414,0.2,0.0,0.4,0.1429,0.132,0.143,Southpaw,Orthodox,5,7
2016-10-08,Leonardo Santos,Adriano Martins,Red,Lightweight,MALE,3,3,3,3,3,0,0,4,4,1,1,11,8,1,0,1,2,2,1,182.88,177.8,190.5,182.88,36,33,25.6,10.6,0.428,0.452,0.4,0.2,1.0,0.8,0.428,0.35,Orthodox,Southpaw,5,5
2016-10-01,John Lineker,John Dodson,Red,Bantamweight,MALE,5,5,1,5,3,0,0,9,7,2,2,24,23,0,3,5,4,1,0,160.02,160.02,170.18,167.64,26,32,54.0,37.4444,0.421,0.423,0.5455,0.0,0.4545,0.7778,0.182,0.304,Orthodox,Orthodox,11,9
2016-10-01,Hacran Dias,Andre Fili,Blue,Featherweight,MALE,3,0,0,2,1,1,1,3,3,3,3,18,12,0,0,0,2,0,0,172.72,180.34,175.26,187.96,32,26,32.0,28.1667,0.465,0.355,0.3333,0.1667,2.6667,1.8333,0.393,0.562,Orthodox,Orthodox,6,6
2016-10-01,Keita Nakamura,Elizeu Zaleski dos Santos,Blue,Welterweight,MALE,3,1,1,1,1,0,0,2,1,4,1,17,6,0,0,0,1,2,0,180.34,180.34,185.42,185.42,32,29,32.0,64.5,0.365,0.46,0.6667,0.5,1.5,0.0,0.417,0.0,Southpaw,Orthodox,6,2
2016-10-01,Nate Marquardt,Tamdan McCrory,Red,Middleweight,MALE,3,0,0,4,1,1,1,12,4,9,4,43,16,1,0,5,1,3,2,182.88,193.04,187.96,198.12,37,29,23.3333,18.0,0.52,0.5,0.6667,1.375,1.381,1.375,0.426,0.35,Orthodox,Switch,21,8
2016-09-24,Renan Barao,Phillipe Nover,Red,Featherweight,MALE,3,0,0,7,1,2,1,8,1,3,4,34,13,6,1,2,0,3,0,167.64,175.26,177.8,182.88,29,32,52.8182,14.8,0.375,0.354,0.2727,0.8,1.2727,1.2,0.179,0.1,Orthodox,Orthodox,11,5
2016-09-24,Francisco Trinaldo,Paul Felder,Red,Lightweight,MALE,3,6,2,6,2,0,0,10,4,3,2,31,17,0,0,2,1,2,1,175.26,180.34,177.8,177.8,38,32,38.3846,46.3333,0.514,0.433,0.3846,0.5,0.8462,0.5,0.287,0.25,Southpaw,Orthodox,13,6
2016-09-24,Godofredo Pepey,Mike de la Torre,Red,Featherweight,MALE,3,0,1,3,1,1,0,4,2,4,3,14,9,1,0,1,1,2,0,170.18,180.34,185.42,180.34,29,30,13.625,25.4,0.391,0.416,0.75,0.0,0.125,0.2,0.063,0.1,Orthodox,Orthodox,8,5
2016-09-24,Gilbert Burns,Michel Prazeres,Blue,Lightweight,MALE,3,1,2,3,2,0,0,4,4,1,2,11,18,0,0,0,0,3,0,177.8,167.64,180.34,170.18,30,35,21.8,30.8333,0.402,0.465,1.0,0.1667,1.6,4.0,0.44,0.313,Orthodox,Orthodox,5,6
2016-09-24,Rani Yahya,Michinori Tanaka,Red,Bantamweight,MALE,3,3,1,3,1,0,0,7,2,3,1,25,9,0,0,0,0,3,0,167.64,165.1,170.18,170.18,32,25,18.0,33.3333,0.413,0.407,1.4,0.3333,2.3,3.0,0.348,0.527,Orthodox,Orthodox,10,3
2016-09-24,Alan Patrick,Stevie Ray,Red,Lightweight,MALE,3,1,3,2,3,0,0,3,3,1,0,9,6,0,0,1,2,0,0,180.34,177.8,187.96,177.8,33,26,24.5,32.6667,0.455,0.503,0.25,0.6667,2.0,0.3333,0.348,0.333,Southpaw,Southpaw,4,3
2016-09-24,Vicente Luque,Hector Urbina,Red,Welterweight,MALE,3,2,0,2,1,0,1,2,1,1,1,6,4,0,0,0,0,2,1,180.34,180.34,190.5,185.42,24,29,21.6667,7.0,0.47,0.485,1.0,2.5,1.3333,0.0,0.267,0.0,Orthodox,Orthodox,3,2
2016-09-17,Dustin Poirier,Michael Johnson,Blue,Lightweight,MALE,5,4,0,4,4,0,2,12,8,3,6,30,36,0,1,5,3,3,0,175.26,177.8,182.88,185.42,27,30,42.8667,46.4286,0.503,0.344,0.6,0.0,1.0667,0.5,0.233,0.375,Southpaw,Southpaw,15,14
2016-09-17,Uriah Hall,Derek Brunson,Blue,Middleweight,MALE,3,0,4,3,4,1,0,5,6,4,1,20,13,1,0,2,3,0,1,182.88,185.42,200.66,195.58,32,32,32.3333,21.8571,0.566,0.467,0.2222,0.4286,0.7778,1.5714,0.36,0.176,Orthodox,Southpaw,9,7
2016-09-17,Roan Carneiro,Kenny Robertson,Red,Welterweight,MALE,3,0,0,1,3,1,1,3,4,4,4,14,17,0,0,1,1,1,2,180.34,177.8,187.96,187.96,38,32,11.5714,37.375,0.441,0.539,1.2857,0.625,2.2857,1.0,0.433,0.39,Orthodox,Orthodox,7,8
2016-09-17,Chris Wade,Islam Makhachev,Blue,Lightweight,MALE,3,0,0,4,1,1,1,4,1,1,1,11,3,0,0,0,0,2,1,177.8,177.8,177.8,177.8,28,24,21.8,18.0,0.418,0.45,0.4,0.5,2.2,1.5,0.602,0.3,Orthodox,Orthodox,5,2
2016-09-17,Chas Skelly,Maximo Blanco,Red,Featherweight,MALE,3,0,0,4,3,1,1,4,4,2,4,14,18,0,0,1,1,2,0,180.34,172.72,182.88,180.34,31,32,18.3333,41.375,0.353,0.466,2.0,0.25,1.1667,1.375,0.372,0.466,Orthodox,Orthodox,6,8
2016-09-17,Gabriel Benitez,Sam Sicilia,Red,Featherweight,MALE,3,0,0,2,2,1,1,2,5,1,5,7,20,0,0,0,3,1,0,172.72,172.72,180.34,170.18,28,30,31.3333,22.6,0.45,0.401,2.0,0.6,0.0,1.0,0.0,0.376,Southpaw,Orthodox,3,10
2016-09-10,Urijah Faber,Jimmie Rivera,Blue,Bantamweight,MALE,3,0,3,4,3,1,0,9,3,5,0,44,7,4,0,0,1,6,0,167.64,162.56,170.18,172.72,37,27,42.2857,52.0,0.469,0.467,0.5714,0.0,1.5,1.0,0.29,0.167,Orthodox,Orthodox,14,3
2016-09-10,Brad Tavares,Caio Magalhaes,Red,Middleweight,MALE,3,0,0,5,4,1,1,8,4,4,2,31,11,0,0,1,2,0,1,185.42,185.42,187.96,185.42,28,28,38.5833,17.1667,0.413,0.485,0.0,0.8333,1.1667,0.5,0.253,0.105,Orthodox,Orthodox,12,6
2016-09-10,Yancy Medeiros,Sean Spencer,Red,Welterweight,MALE,3,0,0,2,2,1,2,3,3,5,4,13,21,0,0,0,0,2,0,177.8,177.8,190.5,190.5,29,29,28.625,62.7143,0.358,0.313,0.375,0.0,0.0,0.1429,0.0,0.071,Orthodox,Orthodox,8,7
2016-09-03,Alexander Gustafsson,Jan Blachowicz,Red,Light Heavyweight,MALE,3,0,1,6,1,2,0,8,2,4,2,27,10,2,0,4,1,2,0,195.58,187.96,200.66,198.12,29,33,41.1667,43.75,0.383,0.54,0.4167,0.25,1.0833,1.25,0.285,0.5,Orthodox,Orthodox,12,4
2016-09-03,Ryan Bader,Ilir Latifi,Red,Light Heavyweight,MALE,3,0,3,5,3,1,0,13,5,5,2,42,11,1,0,3,3,1,1,187.96,177.8,187.96,185.42,33,33,26.5556,10.7143,0.371,0.427,0.2778,0.2857,2.2778,0.8571,0.271,0.369,Orthodox,Orthodox,18,7
2016-09-03,Nick Hein,Tae Hyun Bang,Red,Lightweight,MALE,3,2,1,2,1,0,0,3,2,1,2,12,10,0,0,0,1,0,0,167.64,175.26,167.64,180.34,32,33,43.75,31.5,0.398,0.385,0.0,0.5,0.75,0.5,0.165,0.5,Southpaw,Switch,4,4
2016-09-03,Peter Sobotta,Nicolas Dalby,Red,Welterweight,MALE,3,0,0,2,1,1,2,2,1,4,2,14,9,0,0,0,0,1,0,182.88,180.34,190.5,187.96,29,31,20.3333,60.6667,0.372,0.387,0.5,0.0,1.3333,2.6667,0.34,0.367,Southpaw,Orthodox,6,3
2016-09-03,Taylor Lapilus,Leandro Issa,Red,Bantamweight,MALE,3,0,0,2,2,1,1,2,2,1,2,8,10,0,0,1,0,0,2,167.64,170.18,185.42,175.26,24,32,43.6667,28.0,0.437,0.44,0.6667,1.25,0.6667,1.75,0.22,0.303,Southpaw,Orthodox,3,4
2016-09-03,Rustam Khabilov,Leandro Silva,Red,Lightweight,MALE,3,2,0,3,2,0,1,5,3,2,4,18,18,0,0,1,0,0,1,172.72,175.26,185.42,182.88,29,30,23.8571,30.7143,0.383,0.526,0.1429,0.4286,3.7143,1.7143,0.493,0.433,Orthodox,Orthodox,7,7
2016-08-27,Demian Maia,Carlos Condit,Red,Welterweight,MALE,5,5,0,5,5,0,1,17,7,6,5,61,37,1,3,1,4,8,0,185.42,187.96,182.88,190.5,38,32,22.1739,63.4167,0.531,0.378,1.0,0.75,2.3913,0.5,0.383,0.159,Southpaw,Orthodox,23,12
2016-08-27,Anthony Pettis,Charles Oliveira,Red,Featherweight,MALE,3,0,1,5,4,3,0,5,9,4,6,22,28,3,0,2,0,2,8,177.8,177.8,182.88,187.96,29,26,28.7778,22.6667,0.452,0.509,0.3333,1.3333,0.6667,1.0667,0.073,0.365,Orthodox,Orthodox,9,15
2016-08-27,Joe Lauzon,Jim Miller,Blue,Lightweight,MALE,3,1,1,3,7,0,0,13,15,8,8,40,53,0,0,4,3,7,6,177.8,172.72,180.34,180.34,32,32,19.5714,26.0435,0.436,0.356,1.2381,1.5217,1.1429,1.1739,0.381,0.443,Orthodox,Southpaw,21,23
2016-08-27,Sam Alvey,Kevin Casey,Red,Middleweight,MALE,3,1,0,3,1,0,3,4,1,3,5,11,13,0,0,3,0,1,0,187.96,180.34,190.5,195.58,30,35,19.4286,24.1667,0.554,0.493,0.1429,0.3333,0.0,0.5,0.0,0.11,Southpaw,Southpaw,7,6
2016-08-27,Chad Laprise,Thibault Gouti,Red,Lightweight,MALE,3,0,0,3,0,2,2,3,0,2,2,13,4,1,0,0,0,0,0,177.8,177.8,180.34,182.88,30,29,55.2,14.5,0.426,0.21,0.0,0.0,0.8,0.0,0.114,0.0,Orthodox,Orthodox,5,2
2016-08-20,Nate Diaz,Conor McGregor,Blue,Welterweight,MALE,5,2,0,5,7,0,1,14,7,8,1,52,13,2,2,2,6,9,0,182.88,175.26,193.04,187.96,31,28,47.4545,34.625,0.424,0.488,1.1364,0.0,0.7273,0.625,0.34,0.225,Southpaw,Southpaw,22,8
2016-08-20,Anthony Johnson,Glover Teixeira,Red,Light Heavyweight,MALE,3,2,3,3,5,0,0,12,8,5,2,30,22,1,1,10,3,0,3,187.96,187.96,198.12,193.04,32,36,20.8824,38.1,0.506,0.464,0.2941,0.4,1.0588,1.5,0.287,0.33,Orthodox,Orthodox,17,10
2016-08-20,Rick Story,Donald Cerrone,Blue,Welterweight,MALE,3,3,2,6,8,0,0,12,17,6,4,49,43,0,1,2,6,2,5,175.26,185.42,180.34,185.42,31,33,49.1111,42.9048,0.427,0.491,0.7778,0.4286,2.1667,0.7619,0.568,0.307,Southpaw,Orthodox,18,21
2016-08-20,Cody Garbrandt,Takeya Mizugaki,Red,Bantamweight,MALE,3,4,1,4,5,0,0,4,8,0,4,8,33,0,0,3,1,0,0,172.72,170.18,165.1,172.72,25,32,36.25,49.6667,0.363,0.375,0.0,0.0833,1.0,1.3333,0.208,0.356,Orthodox,Orthodox,4,12
2016-08-20,Neil Magny,Lorenz Larkin,Blue,Welterweight,MALE,3,3,1,7,2,0,0,11,4,3,5,39,22,0,0,4,2,1,0,190.5,180.34,203.2,182.88,29,29,51.8571,39.8889,0.449,0.452,0.2143,0.0,2.4286,0.1111,0.475,0.056,Orthodox,Orthodox,14,9
2016-08-06,Yair Rodriguez,Alex Caceres,Red,Featherweight,MALE,5,4,2,4,2,0,0,4,7,0,7,11,36,1,0,1,0,0,2,180.34,177.8,180.34,185.42,23,28,41.75,46.3571,0.483,0.473,1.75,0.8571,1.75,0.5714,0.638,0.238,Orthodox,Southpaw,4,14
2016-08-06,Dennis Bermudez,Rony Jason,Red,Featherweight,MALE,3,1,0,7,3,0,2,8,4,3,3,26,12,1,1,1,2,2,1,167.64,170.18,167.64,177.8,29,32,47.7273,18.2857,0.443,0.5,1.0909,0.5714,3.0,0.4286,0.46,0.19,Orthodox,Orthodox,11,7
2016-08-06,Thales Leites,Chris Camozzi,Red,Middleweight,MALE,3,0,3,5,4,2,0,10,9,5,7,39,40,1,0,2,1,4,1,185.42,187.96,198.12,193.04,34,29,24.8667,45.375,0.391,0.485,1.0,0.375,1.6667,0.25,0.295,0.109,Orthodox,Orthodox,15,16
2016-08-06,Santiago Ponzinibbio,Zak Cummings,Red,Welterweight,MALE,3,2,2,2,2,0,0,4,4,2,1,11,10,0,0,3,1,0,1,182.88,182.88,185.42,190.5,29,32,34.0,24.2,0.407,0.366,0.0,0.6,0.1667,1.2,0.055,0.398,Orthodox,Southpaw,6,5
2016-08-06,Court McGee,Dominique Steele,Red,Welterweight,MALE,3,0,0,3,1,1,1,6,1,4,2,27,7,1,0,0,1,2,0,180.34,177.8,190.5,187.96,31,28,71.1,24.0,0.372,0.68,0.5,0.0,1.8,3.3333,0.282,0.473,Orthodox,Orthodox,10,3
2016-08-06,Cub Swanson,Tatsuya Kawajiri,Red,Featherweight,MALE,3,1,0,6,2,0,1,7,3,3,2,29,14,0,0,4,0,0,1,172.72,170.18,177.8,175.26,32,38,47.2,22.6,0.449,0.6,0.1,0.4,0.6,3.0,0.4,0.324,Orthodox,Orthodox,10,5
2016-07-30,Robbie Lawler,Tyron Woodley,Blue,Welterweight,MALE,5,5,2,5,2,0,0,12,5,4,2,48,14,4,0,6,4,0,0,180.34,175.26,187.96,187.96,34,34,51.125,25.2857,0.456,0.551,0.0,0.0,1.0,0.4286,0.406,0.143,Southpaw,Orthodox,16,7
2016-07-30,Matt Brown,Jake Ellenberger,Blue,Welterweight,MALE,3,0,0,7,6,1,2,13,9,8,7,49,35,0,0,9,4,2,1,182.88,175.26,190.5,180.34,35,31,34.9524,21.9375,0.566,0.394,1.0952,0.25,1.0952,1.375,0.415,0.425,Orthodox,Orthodox,21,16
2016-07-30,Francisco Rivera,Erik Perez,Blue,Bantamweight,MALE,3,0,1,2,3,2,0,4,5,6,2,21,14,0,0,3,2,0,1,172.72,172.72,172.72,172.72,34,26,36.6,27.8571,0.442,0.503,0.4,0.1429,0.7,2.0,0.275,0.331,Orthodox,Orthodox,10,7
2016-07-30,Nikita Krylov,Ed Herman,Red,Light Heavyweight,MALE,3,4,1,4,3,0,0,5,10,2,8,10,39,0,1,2,3,3,4,190.5,185.42,195.58,195.58,24,35,27.2857,27.2222,0.624,0.499,0.7143,0.7222,0.0,1.6667,0.0,0.437,Orthodox,Orthodox,7,18
2016-07-30,Ross Pearson,Jorge Masvidal,Blue,Welterweight,MALE,3,0,0,3,3,1,2,11,6,9,4,51,29,1,0,4,1,0,1,172.72,180.34,175.26,187.96,31,31,41.85,52.1,0.424,0.498,0.0,0.7,0.65,1.4,0.35,0.395,Orthodox,Orthodox,20,10
2016-07-23,Edson Barboza,Gilbert Melendez,Red,Lightweight,MALE,3,1,0,4,1,0,2,11,1,4,3,35,13,0,2,5,0,0,0,180.34,175.26,190.5,185.42,30,34,41.4,50.75,0.457,0.305,0.0667,0.0,0.4,0.75,0.177,0.53,Orthodox,Orthodox,15,4
2016-07-23,Frankie Saenz,Eddie Wineland,Blue,Bantamweight,MALE,3,0,0,3,2,1,2,3,3,1,5,12,19,0,1,0,2,0,0,167.64,170.18,167.64,175.26,35,32,64.25,38.625,0.47,0.259,0.25,0.0,2.25,0.25,0.365,0.166,Orthodox,Orthodox,4,8
2016-07-23,Darren Elkins,Godofredo Pepey,Red,Featherweight,MALE,3,2,3,5,3,0,0,10,4,4,3,34,11,0,1,2,1,0,2,177.8,170.18,180.34,185.42,32,29,35.5714,12.7143,0.296,0.373,1.2143,0.5714,2.0714,0.1429,0.344,0.071,Orthodox,Orthodox,14,7
2016-07-23,Kamaru Usman,Alexander Yakovlev,Red,Welterweight,MALE,3,2,2,2,2,0,0,2,2,0,2,5,10,1,0,0,1,1,0,182.88,190.5,193.04,187.96,29,32,31.5,28.0,0.585,0.545,0.5,0.0,6.0,1.25,0.605,0.475,Switch,Southpaw,2,4
2016-07-23,Alex Oliveira,James Moontasri,Red,Welterweight,MALE,3,0,1,3,1,1,0,3,2,2,2,11,7,0,0,1,1,1,1,180.34,177.8,193.04,180.34,28,28,19.8,21.0,0.38,0.468,0.6,0.25,1.6,0.0,0.182,0.0,Orthodox,Switch,5,4
2016-07-13,Michael McDonald,John Lineker,Blue,Bantamweight,MALE,5,1,4,4,4,0,0,6,8,2,2,18,23,1,0,2,4,2,1,175.26,160.02,177.8,170.18,25,26,25.25,56.8,0.41,0.416,0.875,0.6,0.75,0.5,0.188,0.2,Orthodox,Orthodox,8,10
2016-07-13,Tim Boetsch,Josh Samman,Red,Middleweight,MALE,3,0,0,4,3,3,1,9,3,9,1,41,8,0,0,4,2,0,1,182.88,190.5,187.96,200.66,35,28,27.1111,17.25,0.499,0.545,0.6111,0.25,1.0556,0.75,0.163,0.25,Orthodox,Orthodox,18,4
2016-07-13,Kyle Noke,Keita Nakamura,Blue,Welterweight,MALE,3,0,0,3,1,1,1,6,1,4,4,20,15,0,0,3,0,2,1,185.42,180.34,193.04,185.42,36,32,29.7,30.2,0.548,0.366,0.4,0.6,0.9,1.8,0.283,0.5,Southpaw,Southpaw,10,5
2016-07-13,Scott Holtzman,Cody Pfister,Red,Lightweight,MALE,3,0,0,1,1,1,1,1,1,1,2,6,7,0,0,0,0,1,0,175.26,177.8,175.26,185.42,32,26,54.5,10.6667,0.53,0.38,0.5,0.0,1.5,2.3333,0.365,0.57,Orthodox,Orthodox,2,3
2016-07-09,Daniel Cormier,Anderson Silva,Red,Light Heavyweight,MALE,3,2,0,4,16,0,4,6,16,1,4,23,49,3,13,1,11,2,3,180.34,187.96,182.88,195.58,37,41,60.2857,34.0,0.516,0.67,0.7143,0.3,1.5714,0.15,0.327,0.15,Orthodox,Southpaw,7,20
2016-07-09,Jose Aldo,Frankie Edgar,Red,Featherweight,MALE,5,0,5,7,5,1,0,7,14,1,5,31,69,8,7,2,4,0,2,170.18,167.64,177.8,172.72,29,34,53.625,62.4737,0.403,0.422,0.375,0.4211,1.5,3.2105,0.298,0.333,Orthodox,Orthodox,8,19
2016-07-09,Johny Hendricks,Kelvin Gastelum,Blue,Welterweight,MALE,3,0,0,6,5,1,1,12,6,4,2,43,21,3,1,5,1,0,2,175.26,175.26,175.26,180.34,32,24,44.3125,41.5,0.539,0.426,0.375,0.25,3.375,1.125,0.321,0.395,Southpaw,Southpaw,16,8
2016-07-09,TJ Dillashaw,Raphael Assuncao,Red,Bantamweight,MALE,3,0,7,4,7,1,0,8,7,3,1,33,20,5,0,5,1,1,1,167.64,165.1,170.18,167.64,30,33,73.0909,47.75,0.397,0.455,1.0,0.25,1.3636,1.375,0.341,0.288,Orthodox,Orthodox,11,8
2016-07-09,Diego Sanchez,Joe Lauzon,Blue,Lightweight,MALE,3,1,0,6,3,0,1,15,12,8,8,64,39,2,0,5,3,0,7,177.8,177.8,182.88,180.34,34,32,36.1304,19.45,0.377,0.425,0.7826,1.3,1.2174,1.2,0.269,0.4,Southpaw,Orthodox,23,20
2016-07-09,Gegard Mousasi,Thiago Santos,Red,Middleweight,MALE,3,1,4,2,4,0,0,5,5,3,2,21,11,0,0,1,4,1,0,187.96,187.96,193.04,193.04,30,32,39.75,20.2857,0.493,0.459,0.375,0.0,0.625,0.1429,0.25,0.071,Orthodox,Orthodox,8,7
2016-07-09,Jim Miller,Takanori Gomi,Red,Lightweight,MALE,3,0,0,7,2,2,2,14,4,8,6,52,20,0,0,2,2,6,0,172.72,170.18,180.34,177.8,32,37,26.8636,36.4,0.359,0.319,1.5909,0.0,1.1818,0.1,0.418,0.05,Southpaw,Southpaw,22,10
2016-07-08,Dooho Choi,Thiago Tavares,Red,Featherweight,MALE,3,2,1,2,2,0,0,2,10,0,7,2,37,0,0,2,1,0,5,177.8,170.18,177.8,172.72,25,31,14.0,19.2353,0.675,0.429,0.0,0.9412,0.0,2.3529,0.0,0.465,Orthodox,Orthodox,2,17
2016-07-08,Cezar Ferreira,Anthony Smith,Red,Middleweight,MALE,3,1,1,3,1,0,0,5,1,3,1,16,4,1,0,0,0,1,0,185.42,193.04,198.12,193.04,31,27,16.125,31.0,0.394,0.41,0.125,0.0,1.125,1.0,0.273,0.2,Southpaw,Orthodox,8,2
2016-07-08,Jake Matthews,Kevin Lee,Blue,Lightweight,MALE,3,2,1,2,4,0,0,4,5,1,2,11,17,0,0,0,0,3,1,180.34,175.26,185.42,195.58,21,23,37.6,43.8571,0.438,0.359,0.8,1.0,1.4,2.1429,0.338,0.349,Orthodox,Orthodox,5,7
2016-07-07,Rafael Dos Anjos,Eddie Alvarez,Blue,Lightweight,MALE,5,5,2,5,2,0,0,14,2,5,1,49,9,2,0,4,0,2,0,172.72,175.26,177.8,175.26,31,32,35.7895,40.3333,0.425,0.427,0.6316,0.0,2.0526,3.0,0.354,0.223,Southpaw,Orthodox,19,3
2016-07-07,Joe Duffy,Mitch Clarke,Red,Lightweight,MALE,3,0,0,2,2,1,1,2,2,1,3,5,13,0,0,1,0,1,1,177.8,177.8,185.42,185.42,28,30,20.0,27.4,0.337,0.336,0.6667,0.4,0.0,0.6,0.0,0.074,Orthodox,Orthodox,3,5
2016-07-07,Mike Pyle,Alberto Mina,Blue,Welterweight,MALE,3,1,2,4,2,0,0,10,2,6,0,33,4,0,0,5,1,2,0,182.88,182.88,187.96,195.58,40,34,23.25,51.5,0.411,0.515,0.8125,0.0,1.0,1.0,0.237,0.065,Orthodox,Orthodox,16,2
2016-07-07,Russell Doane,Pedro Munhoz,Blue,Bantamweight,MALE,3,0,0,2,1,2,2,2,1,2,3,11,8,0,0,0,1,1,0,170.18,167.64,177.8,165.1,29,29,23.5,31.25,0.418,0.56,1.0,0.75,2.5,0.5,0.333,0.25,Orthodox,Orthodox,4,4
2016-07-07,Felipe Arantes,Jerrod Sanders,Red,Bantamweight,MALE,3,1,1,1,1,0,0,4,1,4,2,20,5,0,0,1,0,1,0,172.72,172.72,185.42,182.88,28,36,31.75,6.0,0.54,0.613,0.5,1.0,1.125,1.0,0.316,0.123,Orthodox,Orthodox,8,3
2016-06-18,Rory MacDonald,Stephen Thompson,Blue,Welterweight,MALE,5,0,6,5,6,1,0,9,7,3,1,33,15,1,0,3,5,1,0,182.88,182.88,193.04,190.5,26,33,50.5,40.375,0.444,0.52,0.4167,0.0,1.75,0.625,0.379,0.229,Orthodox,Orthodox,12,8
2016-06-18,Donald Cerrone,Patrick Cote,Red,Welterweight,MALE,3,1,3,8,4,0,0,16,10,4,9,40,47,1,2,5,4,5,0,185.42,180.34,185.42,180.34,33,36,41.4,30.1053,0.486,0.46,0.4,0.2105,0.7,0.5263,0.29,0.14,Orthodox,Orthodox,20,19
2016-06-18,Steve Bosse,Sean O'Connell,Red,Light Heavyweight,MALE,3,1,0,1,2,0,1,1,2,1,3,2,9,0,0,1,2,0,0,180.34,185.42,182.88,187.96,34,32,2.5,42.2,0.205,0.476,0.0,0.4,0.0,0.0,0.0,0.0,Orthodox,Orthodox,2,5
2016-06-18,Jason Saggo,Leandro Silva,Red,Lightweight,MALE,3,1,2,1,2,0,0,2,3,1,3,5,15,0,0,2,0,0,1,180.34,175.26,180.34,182.88,30,30,19.6667,28.0,0.52,0.535,0.0,0.5,2.6667,1.6667,0.343,0.395,Orthodox,Orthodox,3,6
2016-06-18,Tamdan McCrory,Krzysztof Jotko,Blue,Middleweight,MALE,3,1,3,1,3,0,0,4,4,3,1,15,14,0,0,1,0,2,0,193.04,185.42,198.12,195.58,29,26,20.2857,40.6,0.524,0.484,1.5714,0.0,1.5714,1.2,0.4,0.382,Switch,Southpaw,7,5
2016-06-18,Chris Beal,Joe Soto,Blue,Bantamweight,MALE,3,0,0,2,0,2,3,2,0,2,3,11,9,0,1,1,0,0,0,170.18,167.64,175.26,165.1,30,29,37.5,44.6667,0.358,0.35,0.25,1.3333,1.75,0.3333,0.438,0.11,Orthodox,Orthodox,4,3
2016-06-18,Elias Theodorou,Sam Alvey,Red,Middleweight,MALE,3,0,0,3,3,1,1,3,3,1,2,10,7,1,0,2,3,0,0,185.42,187.96,190.5,190.5,28,30,45.75,20.8,0.433,0.56,0.0,0.0,2.25,0.0,0.498,0.0,Orthodox,Southpaw,4,5
2016-06-04,Luke Rockhold,Michael Bisping,Blue,Middleweight,MALE,5,5,3,5,4,0,0,5,18,1,7,11,69,1,1,2,9,3,0,190.5,185.42,195.58,190.5,31,37,31.8333,55.72,0.613,0.388,1.0,0.2,0.5,1.04,0.25,0.267,Southpaw,Orthodox,6,25
2016-06-04,Dominick Cruz,Urijah Faber,Red,Bantamweight,MALE,5,4,1,4,4,0,0,4,9,0,4,16,39,3,3,1,0,0,6,172.72,167.64,172.72,170.18,31,37,72.0,42.9231,0.495,0.488,0.25,0.6154,5.0,1.5385,0.545,0.3,Orthodox,Orthodox,4,13
2016-06-04,Max Holloway,Ricardo Lamas,Red,Featherweight,MALE,3,8,1,8,4,0,0,11,7,3,2,34,21,0,1,5,2,2,2,180.34,172.72,175.26,180.34,24,34,61.5714,27.3333,0.421,0.437,0.3571,0.7778,0.1429,1.2222,0.143,0.213,Orthodox,Orthodox,14,9
2016-06-04,Dan Henderson,Hector Lombard,Red,Middleweight,MALE,3,0,0,4,2,1,2,8,3,8,4,40,17,3,0,3,2,0,0,180.34,175.26,187.96,180.34,45,38,27.0,35.0,0.513,0.491,0.3125,0.0,0.875,1.4286,0.246,0.356,Orthodox,Southpaw,16,7
2016-06-04,Dustin Poirier,Bobby Green,Red,Lightweight,MALE,3,3,0,4,4,0,1,11,4,3,1,29,13,0,0,4,1,3,1,175.26,177.8,182.88,180.34,27,29,43.3571,52.6,0.501,0.47,0.6429,0.2,1.1429,0.8,0.25,0.3,Southpaw,Orthodox,14,5
2016-06-04,Brian Ortega,Clay Guida,Red,Featherweight,MALE,3,2,0,2,4,0,1,2,12,1,10,7,59,0,0,1,1,1,4,172.72,170.18,175.26,177.8,25,34,24.3333,27.2273,0.387,0.345,1.6667,0.6364,0.3333,2.7727,0.11,0.394,Switch,Orthodox,3,22
2016-06-04,Beneil Dariush,James Vick,Red,Lightweight,MALE,3,0,5,5,5,1,0,6,5,2,0,17,11,0,0,0,0,3,2,177.8,190.5,182.88,193.04,27,29,29.0,44.2,0.456,0.308,0.625,0.4,1.125,0.0,0.364,0.0,Southpaw,Orthodox,8,5
2016-06-04,Cole Miller,Alex Caceres,Blue,Featherweight,MALE,3,0,1,2,2,2,0,10,6,8,7,39,33,0,0,1,0,7,2,185.42,177.8,187.96,185.42,32,27,30.6111,42.4615,0.324,0.462,1.2778,0.9231,0.2778,0.2308,0.136,0.179,Orthodox,Southpaw,18,13
2016-06-04,Sean Strickland,Tom Breese,Red,Welterweight,MALE,3,2,3,2,3,0,0,4,3,1,0,13,5,0,0,1,2,1,0,185.42,190.5,193.04,185.42,25,24,53.4,27.0,0.404,0.6,0.6,0.3333,1.6,0.0,0.566,0.0,Orthodox,Southpaw,5,3
2016-05-29,Thomas Almeida,Cody Garbrandt,Blue,Bantamweight,MALE,5,4,3,4,3,0,0,4,3,0,0,7,7,0,0,3,2,0,0,170.18,172.72,177.8,165.1,24,24,49.75,41.3333,0.468,0.34,0.0,0.0,0.0,1.3333,0.0,0.277,Southpaw,Orthodox,4,3
2016-05-29,Renan Barao,Jeremy Stephens,Blue,Featherweight,MALE,3,0,0,7,3,1,1,8,11,2,11,31,59,6,0,2,5,3,0,167.64,172.72,177.8,180.34,29,30,53.8,34.2273,0.381,0.469,0.3,0.4091,1.2,1.2273,0.175,0.321,Orthodox,Orthodox,10,22
2016-05-29,Tarec Saffiedine,Rick Story,Blue,Welterweight,MALE,3,1,2,1,6,0,0,2,11,1,6,11,46,0,0,0,2,0,2,177.8,175.26,177.8,180.34,29,31,72.0,48.5882,0.433,0.422,0.3333,0.8235,0.3333,2.2941,0.11,0.601,Switch,Southpaw,3,17
2016-05-29,Chris Camozzi,Vitor Miranda,Red,Middleweight,MALE,3,2,3,4,3,0,0,8,3,7,1,37,8,0,1,1,3,1,0,187.96,185.42,193.04,195.58,29,37,45.5333,34.5,0.487,0.625,0.4,0.0,0.2,0.25,0.05,0.25,Orthodox,Orthodox,15,4
2016-05-29,Jorge Masvidal,Lorenz Larkin,Blue,Welterweight,MALE,3,0,0,3,2,1,1,6,3,3,5,26,19,0,0,1,2,1,0,180.34,180.34,187.96,182.88,31,29,52.5556,39.375,0.51,0.464,0.5556,0.0,1.4444,0.0,0.383,0.0,Orthodox,Orthodox,9,8
2016-05-29,Joshua Burkman,Paul Felder,Blue,Lightweight,MALE,3,1,1,2,2,0,0,6,3,8,2,36,14,0,0,1,1,1,1,177.8,180.34,182.88,177.8,36,32,31.4286,47.4,0.499,0.434,0.2857,0.6,2.1429,0.6,0.436,0.3,Orthodox,Orthodox,14,5
2016-05-29,Erik Koch,Shane Campbell,Red,Lightweight,MALE,3,0,0,2,1,1,1,3,1,3,2,11,7,0,0,2,0,0,0,177.8,182.88,180.34,180.34,27,29,19.1667,50.3333,0.383,0.563,0.8333,0.0,0.0,1.3333,0.0,0.353,Southpaw,Orthodox,6,3
2016-05-29,Aljamain Sterling,Bryan Caraway,Blue,Bantamweight,MALE,3,4,1,4,2,0,0,4,5,0,2,11,19,0,0,1,0,2,4,170.18,172.72,180.34,172.72,26,31,40.75,31.5714,0.525,0.327,1.25,0.8571,3.0,2.1429,0.7,0.38,Orthodox,Orthodox,4,7
2016-05-14,Jacare Souza,Vitor Belfort,Red,Middleweight,MALE,3,0,1,5,3,1,0,5,14,1,7,12,31,0,6,1,11,3,2,185.42,182.88,182.88,187.96,36,39,20.0,10.7619,0.537,0.512,1.0,0.381,1.5,0.2857,0.395,0.131,Orthodox,Southpaw,6,21
2016-05-14,Mauricio Rua,Corey Anderson,Red,Light Heavyweight,MALE,3,1,3,2,3,0,0,7,5,8,1,38,16,3,1,6,1,0,0,185.42,190.5,193.04,200.66,34,26,36.8,63.1667,0.51,0.48,0.2667,0.0,1.2667,3.3333,0.214,0.53,Orthodox,Orthodox,15,6
2016-05-14,Warlley Alves,Bryan Barberena,Blue,Welterweight,MALE,3,4,1,4,1,0,0,4,2,0,1,9,8,1,0,0,1,3,1,180.34,182.88,182.88,182.88,25,27,21.25,61.0,0.465,0.503,1.0,0.3333,1.25,0.6667,0.58,0.443,Orthodox,Southpaw,4,3
2016-05-14,Demian Maia,Matt Brown,Red,Welterweight,MALE,3,4,1,5,7,0,0,16,13,6,7,58,46,1,0,1,9,7,2,185.42,182.88,182.88,190.5,38,35,22.4091,36.2,0.517,0.573,0.9545,1.15,2.3636,1.15,0.386,0.436,Southpaw,Orthodox,22,20
2016-05-14,Thiago Santos,Nate Marquardt,Red,Middleweight,MALE,3,3,1,3,4,0,0,4,12,2,8,10,42,0,1,3,5,0,3,187.96,182.88,193.04,187.96,32,37,21.0,24.15,0.447,0.519,0.0,0.7,0.1667,1.45,0.083,0.448,Orthodox,Orthodox,6,20
2016-05-14,Francisco Trinaldo,Yancy Medeiros,Red,Lightweight,MALE,3,5,1,5,2,0,0,9,3,3,4,28,10,0,0,2,0,2,2,175.26,177.8,177.8,190.5,37,28,31.8333,25.4286,0.502,0.364,0.4167,0.4286,0.75,0.0,0.269,0.0,Southpaw,Orthodox,12,7
2016-05-14,John Lineker,Rob Font,Red,Bantamweight,MALE,3,3,2,4,2,0,0,7,2,2,0,20,3,0,0,4,2,1,0,160.02,172.72,170.18,180.34,25,28,54.2222,32.0,0.414,0.495,0.6667,0.0,0.4444,0.5,0.167,0.1,Orthodox,Orthodox,9,2
2016-05-14,Rogerio Nogueira,Patrick Cummins,Red,Light Heavyweight,MALE,3,0,0,2,3,2,1,4,4,4,3,18,15,0,0,2,2,0,0,187.96,187.96,190.5,193.04,39,35,28.75,38.7143,0.304,0.52,0.25,0.1429,0.125,4.2857,0.125,0.463,Southpaw,Orthodox,8,7
2016-05-08,Albert Tumenov,Gunnar Nelson,Blue,Welterweight,MALE,3,5,0,5,4,0,1,5,5,1,2,12,16,0,0,3,0,0,4,180.34,180.34,185.42,182.88,24,27,37.3333,20.1429,0.39,0.643,0.0,0.7143,0.1667,1.0,0.167,0.679,Orthodox,Switch,6,7
2016-05-08,Nikita Krylov,Francimar Barroso,Red,Light Heavyweight,MALE,3,3,2,3,2,0,0,4,3,2,1,8,12,0,0,2,0,2,0,190.5,185.42,195.58,190.5,24,36,22.1667,42.5,0.62,0.523,0.6667,0.0,0.0,1.5,0.0,0.218,Orthodox,Orthodox,6,4
2016-05-08,Rustam Khabilov,Chris Wade,Red,Lightweight,MALE,3,1,4,3,4,0,0,4,4,2,0,15,8,0,0,1,0,0,2,172.72,177.8,185.42,177.8,29,28,19.5,21.0,0.333,0.415,0.1667,0.5,3.3333,2.75,0.465,0.753,Orthodox,Orthodox,6,4
2016-05-08,Magnus Cedenblad,Garreth McLellan,Red,Middleweight,MALE,3,3,1,3,1,0,0,3,1,1,1,8,6,0,0,0,1,2,0,195.58,185.42,200.66,182.88,34,33,13.75,55.0,0.573,0.665,0.75,1.5,1.5,1.0,0.275,0.2,Orthodox,Southpaw,4,2
2016-05-08,Yan Cabral,Reza Madadi,Blue,Lightweight,MALE,3,0,0,1,1,1,1,2,2,2,2,11,11,0,0,0,0,1,2,180.34,180.34,185.42,182.88,32,37,20.75,36.25,0.51,0.643,1.0,0.75,2.5,2.75,0.418,0.478,Orthodox,Orthodox,4,4
2016-05-08,Leon Edwards,Dominic Waters,Red,Welterweight,MALE,3,0,0,2,0,1,2,2,0,2,2,10,4,0,0,1,0,0,0,182.88,185.42,187.96,200.66,24,27,24.5,6.5,0.623,0.12,0.0,0.0,0.0,2.5,0.0,0.5,Southpaw,Orthodox,4,2
2016-04-23,Jon Jones,Ovince Saint Preux,Red,Light Heavyweight,MALE,5,12,1,12,4,0,0,15,7,1,2,47,20,9,0,4,4,5,1,193.04,190.5,213.36,203.2,28,33,57.25,22.2222,0.569,0.538,0.625,0.2222,2.0625,0.6667,0.611,0.333,Orthodox,Southpaw,16,9
2016-04-23,Anthony Pettis,Edson Barboza,Blue,Lightweight,MALE,3,0,0,5,4,2,1,5,10,3,4,19,32,3,0,2,5,2,0,177.8,180.34,182.88,190.5,29,30,26.375,39.1429,0.464,0.458,0.375,0.0714,0.75,0.4286,0.083,0.19,Orthodox,Orthodox,8,14
2016-04-23,Robert Whittaker,Rafael Natal,Red,Middleweight,MALE,3,4,4,4,4,0,0,6,9,2,5,19,39,1,0,3,1,0,1,182.88,182.88,185.42,193.04,25,33,49.375,41.0714,0.426,0.484,0.0,0.5,0.5,2.5714,0.375,0.311,Orthodox,Orthodox,8,14
2016-04-23,Yair Rodriguez,Andre Fili,Red,Featherweight,MALE,3,3,1,3,1,0,0,3,3,0,2,9,10,1,0,0,2,0,0,180.34,180.34,180.34,187.96,23,25,47.3333,31.6,0.487,0.356,2.3333,0.2,1.6667,2.0,0.517,0.574,Orthodox,Orthodox,3,5
2016-04-23,Marcos Rogerio de Lima,Clint Hester,Red,Light Heavyweight,MALE,3,0,0,2,4,1,2,2,4,1,2,3,15,0,0,2,1,0,0,185.42,187.96,190.5,195.58,30,29,10.0,41.3333,0.683,0.447,0.6667,0.0,0.0,0.8333,0.0,0.477,Orthodox,Orthodox,3,6
2016-04-23,Efrain Escudero,Kevin Lee,Blue,Lightweight,MALE,3,0,0,2,4,1,1,5,4,6,2,29,14,1,0,1,0,1,1,175.26,175.26,177.8,195.58,30,23,33.1818,40.5,0.463,0.352,0.7273,1.0,1.0909,2.3333,0.286,0.365,Orthodox,Orthodox,11,6
2016-04-16,Glover Teixeira,Rashad Evans,Red,Light Heavyweight,MALE,5,2,0,5,5,0,1,7,14,2,5,21,54,1,4,2,6,3,0,187.96,182.88,193.04,190.5,36,36,41.6667,28.2105,0.477,0.383,0.4444,0.0,1.6667,2.6316,0.367,0.378,Orthodox,Orthodox,9,19
2016-04-16,Cub Swanson,Hacran Dias,Red,Featherweight,MALE,3,0,2,6,2,2,0,6,3,3,2,26,15,0,0,4,0,0,0,172.72,172.72,177.8,175.26,32,31,43.2222,27.4,0.437,0.476,0.1111,0.4,0.6667,3.2,0.444,0.472,Orthodox,Orthodox,9,5
2016-04-16,Beneil Dariush,Michael Chiesa,Blue,Lightweight,MALE,3,5,2,5,2,0,0,6,6,1,2,15,17,0,1,0,0,3,4,177.8,185.42,182.88,190.5,26,28,29.2857,20.75,0.45,0.399,0.7143,0.75,1.1429,1.75,0.38,0.441,Southpaw,Southpaw,7,8
2016-04-16,Court McGee,Santiago Ponzinibbio,Blue,Welterweight,MALE,3,1,1,3,2,0,0,6,3,3,2,26,10,1,0,0,2,2,0,180.34,182.88,190.5,185.42,31,29,75.1111,33.2,0.373,0.384,0.5556,0.0,2.0,0.2,0.313,0.066,Orthodox,Orthodox,9,5
2016-04-16,John Dodson,Manvel Gamburyan,Red,Bantamweight,MALE,3,0,2,3,2,1,0,6,6,2,7,22,31,3,1,3,0,0,3,160.02,165.1,167.64,170.18,31,34,40.125,20.6923,0.371,0.392,0.0,0.6154,0.875,2.3077,0.343,0.359,Orthodox,Orthodox,8,13
2016-04-16,Oluwale Bamgbose,Cezar Ferreira,Blue,Middleweight,MALE,3,1,0,1,3,0,2,1,4,1,3,2,13,0,1,1,0,0,1,180.34,185.42,198.12,198.12,28,31,7.5,14.7143,0.49,0.387,0.0,0.1429,0.0,0.8571,0.0,0.226,Switch,Southpaw,2,7
2016-04-10,Igor Pokrajac,Jan Blachowicz,Blue,Light Heavyweight,MALE,3,0,0,3,1,5,2,4,1,8,2,25,7,0,0,2,1,1,0,182.88,187.96,193.04,198.12,37,33,19.75,25.6667,0.486,0.507,0.1667,0.3333,0.5833,0.3333,0.201,0.333,Orthodox,Orthodox,12,3
2016-04-10,Nicolas Dalby,Zak Cummings,Blue,Welterweight,MALE,3,0,1,1,2,1,0,1,3,1,1,6,7,0,0,0,1,0,1,180.34,182.88,187.96,190.5,31,31,62.5,16.25,0.39,0.37,0.0,0.5,4.0,1.25,0.55,0.415,Orthodox,Southpaw,2,4
2016-04-10,Ian Entwistle,Alejandro Perez,Blue,Bantamweight,MALE,3,1,1,1,1,0,0,1,2,1,1,2,6,0,1,0,1,1,0,165.1,167.64,162.56,170.18,29,26,0.5,25.6667,0.055,0.237,3.0,0.3333,0.0,0.3333,0.0,0.167,Orthodox,Orthodox,2,3
2016-04-10,Rob Whiteford,Lucas Martins,Blue,Featherweight,MALE,3,0,0,2,3,1,2,2,3,2,3,9,13,0,0,1,2,0,1,175.26,182.88,175.26,182.88,32,27,21.0,24.5,0.488,0.368,0.0,0.3333,1.5,0.0,0.338,0.0,Southpaw,Southpaw,4,6
2016-03-19,Hector Lombard,Neil Magny,Blue,Welterweight,MALE,3,0,2,2,7,1,0,3,10,3,3,14,36,0,0,2,3,0,1,175.26,190.5,180.34,203.2,38,28,30.8333,44.4615,0.448,0.425,0.0,0.0769,1.5,2.5385,0.36,0.473,Southpaw,Orthodox,6,13
2016-03-19,Jake Matthews,Johnny Case,Red,Lightweight,MALE,3,1,4,2,4,0,0,3,4,1,0,8,11,0,0,0,1,2,1,180.34,177.8,185.42,182.88,21,26,38.0,46.5,0.47,0.38,0.5,0.0,1.75,2.0,0.423,0.343,Orthodox,Orthodox,4,4
2016-03-19,Daniel Kelly,Antonio Carlos Junior,Red,Middleweight,MALE,3,1,0,2,1,0,1,3,2,1,2,8,10,0,1,0,0,1,1,182.88,187.96,177.8,200.66,38,26,37.75,18.0,0.403,0.36,0.25,0.75,1.5,2.5,0.22,0.458,Southpaw,Orthodox,4,4
2016-03-19,Brendan O'Reilly,Alan Jouban,Blue,Welterweight,MALE,3,1,0,1,2,0,1,1,3,1,2,6,9,0,0,0,2,0,0,170.18,182.88,175.26,185.42,28,34,28.5,36.8,0.395,0.51,0.5,0.0,3.0,0.2,0.3,0.2,Orthodox,Southpaw,2,5
2016-03-19,Dan Hooker,Mark Eddiva,Red,Featherweight,MALE,3,0,0,1,1,1,2,2,1,2,2,9,8,0,0,2,0,0,0,182.88,172.72,190.5,172.72,26,30,37.75,45.0,0.413,0.457,0.0,0.0,0.25,1.3333,0.083,0.133,Switch,Orthodox,4,3
2016-03-19,Richard Walsh,Viscardi Andrade,Blue,Welterweight,MALE,3,1,1,1,1,0,0,2,2,2,1,10,7,0,0,0,1,0,0,182.88,180.34,185.42,190.5,27,32,58.25,38.0,0.545,0.473,0.0,0.0,1.25,0.3333,0.138,0.167,Orthodox,Orthodox,4,3
2016-03-19,Ross Pearson,Chad Laprise,Red,Lightweight,MALE,3,0,0,3,3,1,1,10,3,8,1,45,10,1,1,4,0,0,0,172.72,177.8,175.26,180.34,31,29,40.6111,49.5,0.427,0.443,0.0,0.0,0.7222,1.0,0.389,0.143,Orthodox,Orthodox,18,4
2016-03-05,Conor McGregor,Nate Diaz,Blue,Welterweight,MALE,5,7,1,7,5,0,0,7,13,0,8,11,50,2,2,6,2,0,8,175.26,182.88,187.96,193.04,27,30,30.8571,46.0476,0.496,0.42,0.0,1.0952,0.7143,0.7143,0.257,0.309,Southpaw,Southpaw,7,21
2016-03-05,Gian Villante,Ilir Latifi,Blue,Light Heavyweight,MALE,3,1,2,2,2,0,0,4,4,3,2,17,8,0,0,3,3,0,1,190.5,177.8,193.04,185.42,30,32,45.2857,7.5,0.49,0.405,0.0,0.3333,0.7143,0.5,0.321,0.388,Orthodox,Orthodox,7,6
2016-03-05,Corey Anderson,Tom Lawlor,Red,Light Heavyweight,MALE,3,2,2,2,2,0,0,4,6,1,4,13,21,1,0,1,2,0,2,190.5,182.88,200.66,187.96,26,32,64.8,21.3,0.506,0.407,0.0,0.9,3.8,1.5,0.586,0.16,Orthodox,Southpaw,5,10
2016-03-05,Brandon Thatch,Siyar Bahadurzada,Blue,Welterweight,MALE,3,0,0,2,1,2,2,2,1,2,2,7,7,0,0,2,1,0,0,187.96,180.34,187.96,185.42,30,31,20.25,17.3333,0.485,0.437,0.0,0.0,0.75,0.3333,0.415,0.167,Switch,Orthodox,4,3
2016-03-05,Erick Silva,Nordine Taleb,Blue,Welterweight,MALE,3,0,0,2,3,1,1,6,3,5,1,18,11,0,0,2,0,4,0,182.88,185.42,187.96,187.96,31,34,14.2727,41.75,0.578,0.568,0.7273,0.0,0.5455,3.0,0.219,0.625,Orthodox,Orthodox,11,4
2016-03-05,Vitor Miranda,Marcelo Guimaraes,Red,Middleweight,MALE,3,2,1,2,1,0,0,2,2,1,1,6,8,1,0,2,0,0,0,185.42,182.88,195.58,185.42,36,32,30.6667,62.6667,0.62,0.523,0.0,0.0,0.3333,1.6667,0.333,0.163,Orthodox,Orthodox,3,3
2016-03-05,Darren Elkins,Chas Skelly,Red,Featherweight,MALE,3,1,4,5,4,0,0,9,4,4,1,31,11,0,0,2,1,0,2,177.8,180.34,180.34,182.88,31,30,30.3077,16.6,0.267,0.35,1.3077,2.0,1.6923,1.4,0.322,0.446,Orthodox,Orthodox,13,5
2016-03-05,Diego Sanchez,Jim Miller,Red,Lightweight,MALE,3,0,0,6,7,1,1,14,14,8,7,61,49,2,0,5,2,0,6,177.8,172.72,182.88,180.34,34,32,35.5909,25.4762,0.377,0.353,0.8182,1.6667,1.1818,1.2381,0.271,0.438,Southpaw,Southpaw,22,21
2016-03-05,Jason Saggo,Justin Salas,Red,Lightweight,MALE,3,0,0,1,1,1,1,1,3,1,3,4,11,0,0,1,1,0,0,180.34,172.72,180.34,177.8,30,33,19.5,28.0,0.495,0.473,0.0,0.0,4.0,1.1667,0.515,0.098,Orthodox,Southpaw,2,6
2016-02-27,Anderson Silva,Michael Bisping,Blue,Middleweight,MALE,5,0,2,16,4,3,0,16,17,3,7,44,64,13,1,11,9,3,0,187.96,185.42,195.58,190.5,40,36,31.8421,53.5417,0.676,0.39,0.3158,0.2083,0.1579,1.0833,0.158,0.278,Southpaw,Orthodox,19,24
2016-02-27,Gegard Mousasi,Thales Leites,Red,Middleweight,MALE,3,0,0,2,5,1,1,4,10,3,4,18,36,0,1,1,2,1,4,187.96,185.42,193.04,198.12,30,34,33.8571,25.4286,0.496,0.401,0.4286,1.0714,0.7143,1.7857,0.286,0.316,Orthodox,Orthodox,7,14
2016-02-27,Tom Breese,Keita Nakamura,Red,Welterweight,MALE,3,2,1,2,1,0,0,2,1,0,3,2,12,0,0,2,0,0,1,190.5,180.34,185.42,185.42,24,31,24.5,36.25,0.63,0.365,0.0,0.5,0.0,1.5,0.0,0.5,Southpaw,Southpaw,2,4
2016-02-27,Francisco Rivera,Brad Pickett,Blue,Bantamweight,MALE,3,0,0,2,2,1,3,4,4,5,6,18,23,0,0,3,1,0,1,172.72,167.64,172.72,172.72,34,37,33.0,35.6,0.446,0.309,0.4444,0.2,0.5556,1.5,0.194,0.309,Orthodox,Orthodox,9,10
2016-02-27,Mike Wilkinson,Makwan Amirkhani,Blue,Featherweight,MALE,3,1,2,1,2,0,0,2,2,1,0,5,2,0,0,1,1,0,1,170.18,177.8,172.72,182.88,28,27,21.3333,3.0,0.577,0.425,0.0,1.0,0.6667,0.5,0.36,0.5,Orthodox,Southpaw,3,2
2016-02-27,Scott Askham,Chris Dempsey,Red,Middleweight,MALE,3,0,0,1,1,1,1,1,1,2,2,7,5,0,0,1,0,0,0,190.5,177.8,190.5,182.88,27,28,25.0,15.0,0.607,0.17,0.3333,0.0,0.0,1.0,0.0,0.083,Southpaw,Orthodox,3,3
2016-02-27,Bradley Scott,Krzysztof Jotko,Blue,Middleweight,MALE,3,1,2,1,2,0,0,2,3,2,1,9,11,1,0,0,0,2,0,185.42,185.42,193.04,195.58,26,26,38.0,36.0,0.505,0.52,0.75,0.0,0.5,1.0,0.113,0.353,Orthodox,Southpaw,4,4
2016-02-27,Norman Parke,Rustam Khabilov,Blue,Lightweight,MALE,3,1,0,3,3,0,2,5,3,3,2,23,12,1,0,1,1,0,0,180.34,172.72,177.8,185.42,29,29,47.125,16.8,0.36,0.324,0.0,0.2,2.0,2.8,0.413,0.426,Southpaw,Orthodox,8,5
2016-02-21,Donald Cerrone,Alex Oliveira,Red,Welterweight,MALE,5,0,3,8,3,1,0,15,3,4,1,39,10,1,0,5,1,4,1,185.42,180.34,185.42,193.04,32,28,43.3684,21.25,0.476,0.33,0.3684,0.75,0.6842,2.0,0.278,0.228,Orthodox,Orthodox,19,4
2016-02-21,Derek Brunson,Roan Carneiro,Red,Middleweight,MALE,3,3,1,3,1,0,0,5,3,1,3,12,13,0,0,2,1,1,1,185.42,180.34,195.58,187.96,32,37,21.6667,13.5,0.47,0.515,0.5,1.5,1.8333,2.6667,0.205,0.505,Southpaw,Orthodox,6,6
2016-02-21,Dennis Bermudez,Tatsuya Kawajiri,Red,Featherweight,MALE,3,0,2,7,2,2,0,7,3,3,1,23,11,1,0,1,0,2,1,167.64,170.18,167.64,175.26,29,37,46.4,25.25,0.411,0.635,1.1,0.5,2.9,3.5,0.426,0.37,Orthodox,Orthodox,10,4
2016-02-21,Chris Camozzi,Joe Riggs,Red,Middleweight,MALE,3,1,1,4,1,0,0,7,5,7,6,36,18,0,0,0,1,1,1,187.96,182.88,193.04,177.8,29,33,48.0,15.0,0.461,0.465,0.4286,0.1818,0.2143,1.1818,0.054,0.639,Orthodox,Southpaw,14,11
2016-02-21,James Krause,Shane Campbell,Red,Lightweight,MALE,3,1,1,1,1,0,0,3,1,3,1,12,4,0,0,1,0,2,0,187.96,182.88,185.42,180.34,29,29,49.1667,34.5,0.458,0.53,0.3333,0.0,0.3333,1.0,0.25,0.2,Orthodox,Orthodox,6,2
2016-02-21,Alex Garcia,Sean Strickland,Blue,Welterweight,MALE,3,1,1,2,2,0,0,3,3,1,1,10,10,0,0,1,0,0,1,175.26,185.42,182.88,193.04,28,24,24.75,45.75,0.35,0.385,0.0,0.75,4.0,1.75,0.535,0.583,Orthodox,Orthodox,4,4
2016-02-06,Johny Hendricks,Stephen Thompson,Blue,Welterweight,MALE,5,1,5,6,5,0,0,12,6,3,1,42,14,3,0,5,4,0,0,175.26,182.88,175.26,190.5,32,32,46.8,42.7143,0.547,0.52,0.4,0.0,3.6,0.7143,0.343,0.261,Southpaw,Orthodox,15,7
2016-02-06,Ovince Saint Preux,Rafael Feijao,Red,Light Heavyweight,MALE,3,0,0,4,1,1,2,6,1,2,3,17,8,0,0,4,1,1,0,190.5,185.42,203.2,185.42,32,35,18.625,18.25,0.543,0.483,0.25,0.0,0.625,0.0,0.313,0.0,Southpaw,Orthodox,8,4
2016-02-06,Mike Pyle,Sean Spencer,Red,Welterweight,MALE,3,0,0,4,2,2,1,9,3,6,3,30,18,0,0,4,0,2,0,182.88,177.8,187.96,190.5,40,28,19.8,64.8333,0.41,0.325,0.8667,0.0,1.0,0.1667,0.236,0.083,Orthodox,Southpaw,15,6
2016-02-06,Joshua Burkman,KJ Noons,Red,Lightweight,MALE,3,0,0,2,2,6,2,5,2,8,3,33,10,0,0,1,1,1,0,177.8,177.8,182.88,182.88,35,33,29.4615,26.0,0.498,0.462,0.3077,0.0,2.0769,0.0,0.446,0.0,Orthodox,Orthodox,13,5
2016-01-30,Anthony Johnson,Ryan Bader,Red,Light Heavyweight,MALE,5,1,5,3,5,0,0,11,13,5,4,29,41,1,1,9,3,0,1,187.96,187.96,198.12,187.96,31,32,21.5,28.1176,0.486,0.393,0.3125,0.2941,1.125,2.4118,0.305,0.287,Orthodox,Orthodox,16,17
2016-01-30,Iuri Alcantara,Jimmie Rivera,Blue,Bantamweight,MALE,3,1,2,3,2,0,0,7,2,4,0,27,4,0,0,2,1,0,0,175.26,162.56,180.34,172.72,35,26,27.8182,55.5,0.484,0.48,0.4545,0.0,1.2727,0.0,0.424,0.0,Southpaw,Orthodox,11,2
2016-01-30,Sage Northcutt,Bryan Barberena,Blue,Welterweight,MALE,3,2,0,2,1,0,1,2,1,0,1,3,6,0,0,1,1,1,0,182.88,182.88,180.34,182.88,19,26,14.5,78.5,0.775,0.485,0.5,0.0,1.5,0.5,1.0,0.165,Orthodox,Southpaw,2,2
2016-01-30,Tarec Saffiedine,Jake Ellenberger,Red,Welterweight,MALE,3,0,0,1,6,1,1,1,9,1,6,8,32,0,0,0,4,0,1,177.8,175.26,177.8,180.34,29,30,81.0,21.4,0.445,0.401,0.5,0.2667,0.5,1.4667,0.165,0.453,Switch,Orthodox,2,15
2016-01-30,Olivier Aubin-Mercier,Diego Ferreira,Blue,Lightweight,MALE,3,3,0,3,2,0,2,3,2,1,2,11,7,1,0,0,1,2,1,175.26,175.26,177.8,187.96,26,31,32.0,18.25,0.488,0.41,0.5,0.75,3.25,0.25,0.355,0.25,Southpaw,Orthodox,4,4
2016-01-30,Rafael Natal,Kevin Casey,Red,Middleweight,MALE,3,3,0,3,1,0,1,8,1,5,3,36,7,0,0,0,0,1,0,182.88,180.34,193.04,195.58,33,34,40.0769,17.5,0.473,0.483,0.5385,0.5,2.4615,0.25,0.292,0.083,Orthodox,Southpaw,13,4
2016-01-30,George Sullivan,Alexander Yakovlev,Blue,Welterweight,MALE,3,1,1,2,1,0,0,3,1,1,2,11,9,0,0,1,0,0,0,182.88,190.5,185.42,187.96,34,31,49.25,32.3333,0.453,0.45,0.75,0.0,1.25,1.0,0.41,0.3,Orthodox,Southpaw,4,3
2016-01-30,Alex Caceres,Masio Fullen,Red,Featherweight,MALE,3,0,0,2,1,3,1,5,1,7,1,30,4,0,0,0,0,2,0,177.8,177.8,185.42,177.8,27,29,39.8333,21.0,0.458,0.65,1.0,0.0,0.1667,0.5,0.167,0.25,Southpaw,Orthodox,12,2
2016-01-17,TJ Dillashaw,Dominick Cruz,Blue,Bantamweight,MALE,5,4,3,4,3,0,0,8,3,2,0,28,11,4,2,5,1,1,0,167.64,172.72,170.18,172.72,29,30,69.5,58.6667,0.411,0.537,1.1,0.3333,1.4,5.3333,0.363,0.607,Orthodox,Orthodox,10,3
2016-01-17,Anthony Pettis,Eddie Alvarez,Blue,Lightweight,MALE,3,0,1,5,1,1,0,5,1,2,1,16,6,3,0,2,0,2,0,177.8,175.26,182.88,175.26,28,32,22.1429,39.5,0.457,0.41,0.4286,0.0,0.8571,1.5,0.094,0.135,Orthodox,Orthodox,7,2
2016-01-17,Ross Pearson,Francisco Trinaldo,Blue,Lightweight,MALE,3,1,4,3,4,0,0,10,8,7,3,42,25,1,0,4,2,0,2,172.72,175.26,175.26,177.8,31,37,41.3529,30.0909,0.434,0.506,0.0,0.4545,0.6471,0.7273,0.353,0.264,Orthodox,Southpaw,17,11
2016-01-17,Patrick Cote,Ben Saunders,Red,Welterweight,MALE,3,2,3,4,3,0,0,9,7,9,3,45,20,2,0,3,2,0,3,180.34,187.96,180.34,195.58,35,32,29.4444,29.3,0.449,0.627,0.1667,0.9,0.5556,0.1,0.148,0.1,Orthodox,Orthodox,18,10
2016-01-17,Tim Boetsch,Ed Herman,Blue,Light Heavyweight,MALE,3,0,0,4,3,2,1,9,9,8,8,39,37,0,1,4,2,0,4,182.88,185.42,187.96,195.58,34,35,27.1176,26.0588,0.504,0.495,0.6471,0.7647,1.1176,1.7647,0.173,0.463,Orthodox,Orthodox,17,17
2016-01-17,Paul Felder,Daron Cruickshank,Red,Lightweight,MALE,3,0,0,2,2,2,3,2,6,2,6,11,27,0,0,1,3,0,0,180.34,172.72,177.8,182.88,31,30,47.75,29.0833,0.413,0.388,0.0,0.1667,0.25,1.25,0.25,0.302,Orthodox,Switch,4,12
2016-01-17,Ilir Latifi,Sean O'Connell,Red,Light Heavyweight,MALE,3,1,2,2,2,0,0,3,2,2,2,7,8,0,0,2,2,1,0,177.8,185.42,185.42,187.96,32,32,8.6,52.5,0.354,0.513,0.4,0.5,0.6,0.0,0.466,0.0,Orthodox,Orthodox,5,4
2016-01-02,Robbie Lawler,Carlos Condit,Red,Welterweight,MALE,5,4,1,4,5,0,0,11,7,4,4,43,32,3,2,6,4,0,0,180.34,187.96,187.96,190.5,33,31,48.4,53.1818,0.453,0.381,0.0,0.8182,1.0667,0.5455,0.433,0.174,Southpaw,Orthodox,15,11
2016-01-02,Lorenz Larkin,Albert Tumenov,Blue,Welterweight,MALE,3,2,4,2,4,0,0,3,4,4,1,16,9,0,0,2,3,0,0,180.34,180.34,182.88,185.42,29,24,35.1429,29.6,0.467,0.39,0.0,0.0,0.0,0.2,0.0,0.2,Orthodox,Orthodox,7,5
2016-01-02,Diego Brandao,Brian Ortega,Blue,Featherweight,MALE,3,2,1,3,1,0,0,6,1,3,1,15,4,1,0,1,1,2,0,170.18,172.72,172.72,175.26,28,24,19.6667,22.0,0.49,0.45,0.3333,1.5,1.6667,0.5,0.412,0.165,Orthodox,Switch,9,2
2016-01-02,Abel Trujillo,Tony Sims,Red,Lightweight,MALE,3,1,0,2,1,0,1,4,1,3,1,14,4,0,0,3,1,0,0,172.72,180.34,177.8,177.8,32,30,27.7143,16.5,0.371,0.655,0.2857,0.5,1.4286,0.0,0.604,0.0,Orthodox,Southpaw,7,2
2016-01-02,Michael McDonald,Masanori Kanehara,Red,Bantamweight,MALE,3,0,0,4,1,1,1,5,1,2,1,16,6,1,0,2,0,1,0,175.26,170.18,177.8,170.18,24,33,28.1429,28.0,0.414,0.5,0.7143,1.0,0.8571,1.0,0.214,0.25,Orthodox,Orthodox,7,2
2016-01-02,Dustin Poirier,Joe Duffy,Red,Lightweight,MALE,3,2,2,4,2,0,0,10,2,3,0,26,2,0,0,4,1,3,1,175.26,177.8,182.88,185.42,26,27,41.1538,11.5,0.499,0.32,0.6923,0.5,0.9231,0.0,0.225,0.0,Southpaw,Orthodox,13,2
2016-01-02,Joe Soto,Michinori Tanaka,Blue,Bantamweight,MALE,3,0,0,0,1,2,1,0,1,2,1,6,6,1,0,0,0,0,0,167.64,165.1,165.1,170.18,28,25,31.5,21.5,0.21,0.46,0.0,0.5,0.0,3.0,0.0,0.54,Orthodox,Orthodox,2,2
2016-01-02,Sheldon Westcott,Edgar Garcia,Red,Welterweight,MALE,3,0,0,0,0,2,3,0,0,2,3,5,5,1,0,0,0,0,0,185.42,177.8,180.34,180.34,31,31,15.0,22.6667,0.39,0.407,0.0,0.3333,2.5,1.3333,0.385,0.61,Southpaw,Orthodox,2,3
2015-12-19,Rafael Dos Anjos,Donald Cerrone,Red,Lightweight,MALE,5,4,8,5,8,0,0,13,15,5,3,48,38,1,0,3,5,2,4,172.72,185.42,177.8,185.42,31,32,36.3333,45.5556,0.416,0.471,0.6667,0.3889,2.1667,0.7222,0.374,0.294,Southpaw,Orthodox,18,18
2015-12-19,Michael Johnson,Nate Diaz,Blue,Lightweight,MALE,3,0,0,4,5,1,1,8,12,5,8,33,47,1,2,3,2,0,8,177.8,182.88,185.42,193.04,29,30,42.0769,40.7,0.345,0.416,0.0,1.15,0.4615,0.75,0.327,0.324,Southpaw,Southpaw,13,20
2015-12-19,Charles Oliveira,Myles Jury,Red,Featherweight,MALE,3,0,0,4,6,1,1,8,6,6,1,27,16,0,0,0,2,7,1,177.8,177.8,187.96,185.42,26,27,23.9286,23.7143,0.51,0.327,1.3571,0.2857,1.0714,1.8571,0.319,0.471,Orthodox,Orthodox,14,7
2015-12-19,CB Dollaway,Nate Marquardt,Blue,Middleweight,MALE,3,0,0,3,4,2,2,9,11,7,8,31,40,1,1,2,4,2,3,187.96,182.88,193.04,187.96,32,36,21.875,24.5789,0.436,0.515,0.5625,0.7368,1.9375,1.5263,0.438,0.471,Orthodox,Orthodox,16,19
2015-12-19,Josh Samman,Tamdan McCrory,Blue,Middleweight,MALE,3,3,0,3,1,0,1,3,3,0,3,5,12,0,0,2,1,1,1,190.5,193.04,200.66,198.12,27,29,19.6667,17.1667,0.553,0.49,0.3333,1.6667,0.3333,1.5,0.167,0.383,Orthodox,Switch,3,6
2015-12-19,Nik Lentz,Danny Castillo,Red,Lightweight,MALE,3,0,0,4,3,1,3,9,7,6,6,41,34,0,0,1,2,1,0,172.72,175.26,172.72,180.34,31,36,41.0,31.8462,0.523,0.479,1.1333,0.2308,3.4,2.2308,0.329,0.317,Orthodox,Orthodox,15,13
2015-12-12,Jose Aldo,Conor McGregor,Blue,Featherweight,MALE,5,7,6,7,6,0,0,7,6,0,0,30,10,7,1,2,5,0,0,170.18,175.26,177.8,187.96,29,27,61.1429,35.1667,0.413,0.44,0.4286,0.0,1.7143,0.8333,0.34,0.3,Orthodox,Southpaw,7,6
2015-12-12,Chris Weidman,Luke Rockhold,Blue,Middleweight,MALE,5,9,4,9,4,0,0,9,4,0,1,20,7,4,0,4,1,2,3,187.96,190.5,198.12,195.58,31,31,32.0,13.0,0.473,0.606,0.7778,1.0,2.3333,0.2,0.721,0.2,Orthodox,Southpaw,9,5
2015-12-12,Jacare Souza,Yoel Romero,Blue,Middleweight,MALE,3,5,6,5,6,0,0,5,6,0,0,9,16,0,0,1,5,3,0,185.42,182.88,182.88,185.42,36,38,18.0,39.0,0.53,0.638,1.2,0.0,1.6,1.8333,0.446,0.305,Orthodox,Southpaw,5,6
2015-12-12,Demian Maia,Gunnar Nelson,Red,Welterweight,MALE,3,3,1,5,4,0,0,15,5,6,1,55,13,1,0,1,0,7,4,185.42,180.34,182.88,182.88,38,27,21.2381,23.1667,0.503,0.667,0.9524,0.8333,2.381,1.0,0.393,0.625,Southpaw,Switch,21,6
2015-12-12,Max Holloway,Jeremy Stephens,Red,Featherweight,MALE,3,7,1,7,3,0,0,10,11,3,10,31,56,0,0,5,5,2,0,180.34,172.72,175.26,180.34,24,29,61.9231,33.619,0.409,0.468,0.3846,0.4286,0.0769,1.2857,0.077,0.337,Orthodox,Orthodox,13,21
2015-12-12,Urijah Faber,Frankie Saenz,Red,Bantamweight,MALE,3,0,3,4,3,1,0,8,3,4,0,36,9,3,0,0,0,6,0,167.64,167.64,170.18,167.64,36,35,40.25,63.6667,0.473,0.467,0.6667,0.3333,1.5,3.0,0.313,0.487,Orthodox,Orthodox,12,3
2015-12-12,Warlley Alves,Colby Covington,Red,Welterweight,MALE,3,3,3,3,3,0,0,3,3,0,0,8,7,1,0,0,1,2,1,180.34,180.34,182.88,182.88,24,27,27.6667,20.0,0.453,0.503,1.0,0.3333,1.6667,3.0,0.773,0.537,Orthodox,Orthodox,3,3
2015-12-12,Leonardo Santos,Kevin Lee,Red,Lightweight,MALE,3,2,4,2,4,0,0,3,4,1,1,10,13,1,0,0,0,2,1,182.88,175.26,190.5,195.58,35,23,24.0,46.6,0.37,0.38,0.5,1.2,1.0,2.8,0.285,0.438,Orthodox,Orthodox,4,5
2015-12-12,John Makdessi,Yancy Medeiros,Blue,Lightweight,MALE,3,0,0,3,2,1,1,6,2,4,4,23,7,0,0,3,0,0,2,172.72,177.8,172.72,190.5,30,28,53.3,16.3333,0.439,0.377,0.0,0.5,0.0,0.0,0.0,0.0,Orthodox,Orthodox,10,6
2015-12-12,Court McGee,Marcio Alexandre Junior,Red,Welterweight,MALE,3,0,0,3,0,1,2,5,0,3,2,23,6,1,1,0,0,2,0,180.34,182.88,190.5,190.5,30,26,77.25,22.0,0.348,0.415,0.625,0.0,2.0,0.5,0.334,0.125,Orthodox,Southpaw,8,2
2015-12-11,Frankie Edgar,Chad Mendes,Red,Featherweight,MALE,5,4,0,5,5,0,1,13,8,5,3,68,24,7,3,3,5,2,0,167.64,167.64,172.72,167.64,34,30,65.2222,30.0909,0.423,0.6,0.4444,0.1818,3.3889,2.1818,0.352,0.308,Orthodox,Orthodox,18,11
2015-12-11,Edson Barboza,Tony Ferguson,Blue,Lightweight,MALE,3,1,6,4,6,0,0,10,9,3,1,30,19,0,1,5,2,0,3,180.34,180.34,190.5,193.04,29,31,39.0,33.8,0.456,0.379,0.0769,0.9,0.3077,0.6,0.154,0.416,Orthodox,Orthodox,13,10
2015-12-11,Joe Lauzon,Evan Dunham,Blue,Lightweight,MALE,3,1,2,3,4,0,0,12,9,7,6,36,37,0,0,3,1,7,1,177.8,177.8,180.34,177.8,31,33,18.2632,59.2667,0.427,0.389,1.3684,0.8667,1.2632,1.4667,0.421,0.339,Orthodox,Southpaw,19,15
2015-12-11,Ryan LaFlare,Mike Pierce,Red,Welterweight,MALE,3,0,0,4,4,1,1,4,9,1,4,17,34,0,0,0,3,0,1,185.42,172.72,187.96,177.8,32,35,53.8,30.7692,0.42,0.457,0.4,0.2308,3.8,2.3846,0.478,0.388,Southpaw,Orthodox,5,13
2015-12-10,Jim Miller,Michael Chiesa,Blue,Lightweight,MALE,3,1,1,7,2,0,0,14,5,6,2,47,15,0,1,2,0,6,3,172.72,185.42,180.34,190.5,32,28,26.4,21.8571,0.348,0.394,1.7,0.7143,1.3,1.7143,0.46,0.361,Southpaw,Southpaw,20,7
2015-12-10,Elias Theodorou,Thiago Santos,Blue,Middleweight,MALE,3,3,2,3,2,0,0,3,3,0,2,7,7,1,0,2,3,0,0,185.42,187.96,190.5,193.04,27,31,51.6667,14.8,0.48,0.408,0.0,0.0,2.6667,0.0,0.64,0.0,Orthodox,Orthodox,3,5
2015-12-10,Tim Means,John Howard,Red,Welterweight,MALE,3,0,1,4,4,1,0,6,7,4,6,24,35,0,0,2,2,1,0,187.96,170.18,190.5,180.34,31,32,43.5,26.8462,0.459,0.562,0.2,0.3846,0.7,2.1538,0.25,0.412,Orthodox,Orthodox,10,13
2015-12-10,Omari Akhmedov,Sergio Moraes,Blue,Welterweight,MALE,3,2,3,2,3,0,0,3,3,1,1,6,10,0,1,2,0,0,2,182.88,182.88,185.42,182.88,28,33,24.75,29.5,0.445,0.535,0.25,0.5,1.5,1.75,0.188,0.505,Orthodox,Orthodox,4,4
2015-12-10,Aljamain Sterling,Johnny Eduardo,Red,Bantamweight,MALE,3,3,2,3,2,0,0,3,2,0,1,9,7,0,0,1,1,1,0,170.18,170.18,180.34,180.34,26,37,46.6667,30.0,0.577,0.4,1.3333,0.3333,3.3333,0.0,0.6,0.0,Orthodox,Orthodox,3,3
2015-12-10,Zubaira Tukhugov,Phillipe Nover,Red,Featherweight,MALE,3,2,1,2,1,0,0,2,1,0,3,4,10,0,1,1,0,0,0,172.72,175.26,172.72,182.88,24,31,37.5,13.5,0.475,0.38,0.0,1.0,1.5,1.5,0.25,0.125,Orthodox,Orthodox,2,4
2015-11-28,Benson Henderson,Jorge Masvidal,Red,Welterweight,MALE,5,1,1,7,3,0,0,10,6,3,2,47,21,5,0,0,1,2,1,175.26,180.34,177.8,187.96,32,31,56.9231,49.5,0.456,0.513,0.7692,0.5,2.2308,1.5,0.432,0.406,Southpaw,Orthodox,13,8
2015-11-28,Dongi Yang,Jake Collier,Red,Middleweight,MALE,3,0,1,1,1,2,0,1,1,3,1,11,4,0,0,1,0,0,0,177.8,190.5,180.34,198.12,30,27,47.5,41.0,0.518,0.365,0.5,0.5,1.5,1.0,0.608,0.33,Southpaw,Orthodox,4,2
2015-11-28,Yui Chul Nam,Mike de la Torre,Blue,Featherweight,MALE,3,0,0,1,1,1,1,1,1,1,3,6,6,0,0,0,1,0,0,175.26,180.34,175.26,180.34,34,29,53.0,20.0,0.535,0.398,0.5,0.0,1.5,0.25,0.83,0.125,Orthodox,Orthodox,2,4
2015-11-21,Neil Magny,Kelvin Gastelum,Red,Welterweight,MALE,5,1,1,7,5,0,0,9,6,3,1,31,16,0,1,3,1,1,2,190.5,175.26,203.2,180.34,28,24,43.6667,39.7143,0.43,0.43,0.0833,0.2857,2.25,1.0,0.478,0.357,Orthodox,Southpaw,12,7
2015-11-21,Ricardo Lamas,Diego Sanchez,Red,Featherweight,MALE,3,0,1,4,6,1,0,6,14,2,7,18,58,1,2,2,5,2,0,172.72,177.8,180.34,182.88,33,33,23.625,35.8571,0.426,0.379,0.875,0.8571,1.0,1.1905,0.178,0.26,Orthodox,Southpaw,8,21
2015-11-21,Efrain Escudero,Leandro Silva,Blue,Lightweight,MALE,3,2,1,2,1,0,0,5,2,5,3,26,12,1,0,1,0,1,1,175.26,175.26,177.8,182.88,29,30,34.1,26.6,0.471,0.564,0.8,0.6,1.0,2.0,0.287,0.474,Orthodox,Orthodox,10,5
2015-11-21,Erik Perez,Taylor Lapilus,Red,Bantamweight,MALE,3,0,2,3,2,1,0,4,2,2,0,11,5,0,0,2,1,1,0,172.72,167.64,172.72,185.42,26,23,27.3333,55.5,0.532,0.53,0.1667,0.5,2.1667,1.0,0.303,0.33,Orthodox,Southpaw,6,2
2015-11-21,Alejandro Perez,Scott Jorgensen,Red,Bantamweight,MALE,3,0,0,1,2,1,2,1,4,1,7,4,25,1,0,0,1,0,1,167.64,165.1,170.18,167.64,26,33,19.0,34.7273,0.145,0.412,0.5,0.1818,0.5,1.7273,0.25,0.32,Orthodox,Orthodox,2,11
2015-11-21,Gabriel Benitez,Andre Fili,Blue,Featherweight,MALE,3,2,0,2,1,0,1,2,2,0,2,6,9,0,0,0,1,1,0,172.72,180.34,180.34,187.96,27,25,41.5,35.5,0.465,0.35,3.0,0.25,0.0,2.25,0.0,0.468,Southpaw,Orthodox,2,4
2015-11-21,Valmir Lazaro,Michel Prazeres,Blue,Lightweight,MALE,3,1,0,1,2,0,1,1,2,1,2,6,12,0,0,0,0,0,0,182.88,167.64,185.42,170.18,30,34,89.0,29.25,0.365,0.45,0.0,0.0,2.0,4.0,0.2,0.328,Orthodox,Orthodox,2,4
2015-11-14,Uriah Hall,Robert Whittaker,Blue,Middleweight,MALE,3,2,3,3,3,0,0,5,5,3,2,17,16,1,1,2,3,0,0,182.88,182.88,200.66,185.42,31,24,30.75,46.8571,0.578,0.421,0.25,0.0,0.875,0.4286,0.405,0.357,Orthodox,Orthodox,8,7
2015-11-14,Jake Matthews,Akbarh Arreola,Red,Lightweight,MALE,3,0,0,2,1,1,1,2,1,1,2,6,7,0,0,0,0,2,1,180.34,177.8,185.42,180.34,21,32,30.0,25.3333,0.417,0.44,0.6667,0.3333,2.0,1.0,0.453,0.667,Orthodox,Southpaw,3,3
2015-11-14,Kyle Noke,Peter Sobotta,Red,Welterweight,MALE,3,1,2,3,2,0,0,5,2,3,3,16,13,0,0,2,0,2,1,185.42,182.88,193.04,190.5,35,28,26.875,24.0,0.564,0.38,0.5,0.6,1.0,1.6,0.313,0.408,Southpaw,Southpaw,8,5
2015-11-14,Anthony Perosh,Gian Villante,Blue,Light Heavyweight,MALE,3,0,0,3,2,1,1,5,3,6,3,17,16,0,0,2,2,3,0,190.5,190.5,190.5,193.04,43,30,13.1818,49.6667,0.444,0.48,0.4545,0.0,0.8182,0.8333,0.168,0.375,Orthodox,Orthodox,11,6
2015-11-07,Vitor Belfort,Dan Henderson,Red,Middleweight,MALE,5,0,1,3,4,1,0,13,8,7,7,30,39,6,3,10,3,2,0,182.88,180.34,187.96,187.96,38,45,11.0,28.6,0.511,0.481,0.4,0.3333,0.3,0.9333,0.138,0.263,Southpaw,Orthodox,20,15
2015-11-07,Glover Teixeira,Patrick Cummins,Red,Light Heavyweight,MALE,3,1,1,5,3,0,0,6,4,2,2,19,13,1,0,1,2,3,0,187.96,187.96,193.04,193.04,36,34,40.125,39.6667,0.471,0.547,0.5,0.1667,1.875,4.3333,0.413,0.43,Orthodox,Orthodox,8,6
2015-11-07,Thomas Almeida,Anthony Birchak,Red,Bantamweight,MALE,3,3,1,3,1,0,0,3,1,0,1,6,2,0,0,2,1,0,0,170.18,172.72,177.8,175.26,24,29,58.3333,10.0,0.463,0.425,0.0,0.0,0.0,0.5,0.0,0.5,Southpaw,Orthodox,3,2
2015-11-07,Alex Oliveira,Piotr Hallmann,Red,Lightweight,MALE,3,2,0,2,1,0,2,2,2,1,3,7,13,0,0,0,0,1,2,180.34,175.26,193.04,180.34,27,28,14.3333,49.0,0.313,0.472,1.0,0.4,2.6667,2.2,0.303,0.47,Orthodox,Orthodox,3,5
2015-11-07,Gilbert Burns,Rashid Magomedov,Blue,Lightweight,MALE,3,3,3,3,3,0,0,3,3,0,0,7,9,0,0,0,1,2,0,177.8,175.26,180.34,177.8,29,30,22.6667,66.6667,0.407,0.527,1.3333,0.3333,1.6667,0.3333,0.533,0.167,Orthodox,Orthodox,3,3
2015-11-07,Fabio Maldonado,Corey Anderson,Blue,Light Heavyweight,MALE,3,0,1,3,2,1,0,5,3,5,1,26,10,0,1,2,1,0,0,185.42,190.5,190.5,200.66,35,26,69.1,66.0,0.536,0.523,0.5,0.0,0.4,3.25,0.25,0.633,Orthodox,Orthodox,10,4
2015-11-07,Gleison Tibau,Abel Trujillo,Blue,Lightweight,MALE,3,0,0,3,2,1,1,16,3,9,3,62,13,0,0,1,3,4,0,177.8,172.72,180.34,177.8,32,32,22.72,32.3333,0.346,0.433,0.64,0.3333,3.28,1.6667,0.51,0.705,Southpaw,Orthodox,25,6
2015-11-07,Yan Cabral,Johnny Case,Blue,Lightweight,MALE,3,1,3,1,3,0,0,2,3,1,0,8,8,0,0,0,1,1,1,180.34,177.8,185.42,182.88,32,26,17.3333,37.3333,0.523,0.353,1.3333,0.0,2.3333,2.6667,0.39,0.457,Orthodox,Orthodox,3,3
2015-11-07,Clay Guida,Thiago Tavares,Blue,Featherweight,MALE,3,1,0,4,2,0,1,12,9,9,7,58,36,0,0,1,1,4,4,170.18,170.18,177.8,172.72,33,30,28.381,20.3125,0.349,0.439,0.6667,0.9375,2.8571,2.5,0.365,0.494,Orthodox,Orthodox,21,16
2015-11-07,Kevin Souza,Chas Skelly,Blue,Featherweight,MALE,3,3,3,3,3,0,0,3,3,0,1,6,9,0,0,2,1,0,1,182.88,180.34,187.96,182.88,31,30,45.3333,19.0,0.517,0.343,0.0,2.0,0.0,1.25,0.0,0.393,Orthodox,Orthodox,3,4
2015-11-07,Viscardi Andrade,Gasan Umalatov,Red,Welterweight,MALE,3,0,0,1,1,1,1,1,1,1,2,4,9,0,0,1,0,0,0,180.34,180.34,190.5,180.34,31,33,18.0,32.0,0.5,0.403,0.0,0.0,0.5,1.0,0.25,0.13,Orthodox,Orthodox,2,3
2015-10-24,Norman Parke,Reza Madadi,Red,Lightweight,MALE,3,0,1,3,1,2,0,4,2,3,1,20,8,1,0,1,0,0,2,180.34,180.34,177.8,182.88,28,37,47.1429,37.3333,0.366,0.743,0.0,1.0,2.1429,3.3333,0.449,0.61,Southpaw,Orthodox,7,3
2015-10-24,Stevie Ray,Mickael Lebout,Red,Lightweight,MALE,3,2,1,2,1,0,0,2,1,0,1,3,6,0,0,2,0,0,0,177.8,180.34,177.8,185.42,25,28,25.0,45.0,0.595,0.46,1.0,0.0,0.0,0.0,0.0,0.0,Southpaw,Orthodox,2,2
2015-10-24,Scott Askham,Krzysztof Jotko,Blue,Middleweight,MALE,3,1,1,1,1,0,0,1,2,1,1,4,8,0,0,1,0,0,0,190.5,185.42,190.5,195.58,27,26,26.5,35.3333,0.75,0.57,0.0,0.0,0.0,0.6667,0.0,0.25,Southpaw,Southpaw,2,3
2015-10-24,Darren Elkins,Rob Whiteford,Red,Featherweight,MALE,3,0,2,5,2,1,0,8,2,4,1,28,6,0,0,2,1,0,0,177.8,175.26,180.34,175.26,31,32,29.5,20.3333,0.264,0.53,1.25,0.0,1.25,1.6667,0.296,0.117,Orthodox,Southpaw,12,3
2015-10-03,Daniel Cormier,Alexander Gustafsson,Red,Light Heavyweight,MALE,5,1,0,4,6,0,1,5,8,1,3,18,22,2,1,1,4,2,2,180.34,195.58,182.88,200.66,36,28,47.0,34.0,0.52,0.375,0.8333,0.4545,1.6667,1.0909,0.348,0.298,Orthodox,Orthodox,6,11
2015-10-03,Ryan Bader,Rashad Evans,Red,Light Heavyweight,MALE,3,4,2,5,5,0,0,12,14,4,4,38,51,1,4,3,6,1,0,187.96,182.88,187.96,190.5,32,36,26.625,28.3889,0.393,0.392,0.3125,0.0,2.5,2.7778,0.295,0.399,Orthodox,Orthodox,16,18
2015-10-03,Yair Rodriguez,Dan Hooker,Red,Featherweight,MALE,3,2,1,2,1,0,0,2,2,0,1,6,6,1,0,0,2,0,0,180.34,182.88,180.34,190.5,22,25,45.0,44.0,0.48,0.47,3.5,0.0,1.5,0.0,0.665,0.0,Orthodox,Switch,2,3
2015-10-03,Alan Jouban,Albert Tumenov,Blue,Welterweight,MALE,3,2,3,2,3,0,0,3,3,1,1,8,8,0,0,2,2,0,0,182.88,180.34,185.42,185.42,33,23,41.75,32.25,0.513,0.373,0.0,0.0,0.25,0.25,0.25,0.25,Southpaw,Orthodox,4,4
2015-09-26,Gegard Mousasi,Uriah Hall,Blue,Middleweight,MALE,3,2,1,2,3,0,0,4,4,2,3,16,15,0,1,1,1,1,0,187.96,182.88,193.04,200.66,30,31,36.6667,32.5714,0.462,0.553,0.3333,0.1429,0.6667,1.0,0.167,0.463,Orthodox,Orthodox,6,7
2015-09-26,Takeya Mizugaki,George Roop,Red,Bantamweight,MALE,3,0,0,5,2,2,1,7,5,4,7,30,28,0,0,1,2,0,0,170.18,185.42,172.72,182.88,31,33,47.8182,35.3333,0.37,0.362,0.0909,0.0833,1.4545,0.6667,0.388,0.326,Orthodox,Orthodox,11,12
2015-09-26,Katsunori Kikuno,Diego Brandao,Blue,Featherweight,MALE,3,0,1,1,3,1,0,2,5,2,3,7,14,0,1,0,0,1,2,172.72,170.18,167.64,172.72,33,28,19.5,20.375,0.408,0.449,0.25,0.375,1.0,1.875,0.438,0.464,Orthodox,Orthodox,4,8
2015-09-26,Keita Nakamura,Li Jingliang,Red,Welterweight,MALE,3,0,1,0,1,3,0,0,2,3,1,9,7,0,0,0,1,0,0,180.34,182.88,185.42,180.34,31,27,35.0,39.0,0.337,0.337,0.3333,0.0,2.0,1.3333,0.667,0.193,Southpaw,Orthodox,3,3
2015-09-26,Naoyuki Kotani,Kajan Johnson,Blue,Lightweight,MALE,3,0,1,0,1,4,0,0,1,4,1,9,6,0,0,0,0,0,0,172.72,180.34,167.64,190.5,33,31,8.5,24.5,0.278,0.35,0.75,0.5,0.5,3.5,0.375,0.355,Southpaw,Orthodox,4,2
2015-09-05,Anthony Johnson,Jimi Manuwa,Red,Light Heavyweight,MALE,3,0,1,3,3,1,0,10,4,5,1,27,10,1,0,8,1,0,0,187.96,185.42,198.12,200.66,31,35,21.2667,35.0,0.479,0.58,0.3333,0.2,1.0667,0.6,0.259,0.2,Orthodox,Orthodox,15,5
2015-09-05,Jan Blachowicz,Corey Anderson,Blue,Light Heavyweight,MALE,3,0,0,1,2,1,1,1,2,1,1,4,7,0,1,1,1,0,0,187.96,190.5,198.12,200.66,32,25,28.5,60.0,0.53,0.51,0.0,0.0,0.0,3.0,0.0,0.51,Orthodox,Orthodox,2,3
2015-09-05,Ross Pearson,Paul Felder,Red,Lightweight,MALE,3,0,0,3,2,1,1,9,2,7,1,39,8,1,0,4,1,0,0,172.72,180.34,175.26,177.8,30,31,40.0625,43.6667,0.428,0.42,0.0,0.0,0.625,0.3333,0.313,0.333,Orthodox,Orthodox,16,3
2015-09-05,Francisco Rivera,John Lineker,Blue,Bantamweight,MALE,3,1,2,2,4,0,0,4,6,4,2,17,19,0,0,3,4,0,0,172.72,160.02,172.72,170.18,33,25,35.125,57.5,0.446,0.409,0.5,0.625,0.625,0.5,0.219,0.188,Orthodox,Orthodox,8,8
2015-09-05,Clay Collard,Tiago Trator,Blue,Featherweight,MALE,3,0,0,1,1,1,1,1,1,2,1,9,4,0,0,0,0,0,0,180.34,175.26,185.42,177.8,22,28,54.6667,34.5,0.283,0.48,0.6667,0.0,3.3333,0.0,0.413,0.0,Orthodox,Orthodox,3,2
2015-09-05,Joe Riggs,Ron Stallings,Red,Middleweight,MALE,3,0,1,1,1,3,0,4,1,6,1,16,4,0,0,1,0,1,0,182.88,187.96,177.8,190.5,32,32,13.0,30.0,0.455,0.57,0.2,0.0,1.1,0.0,0.603,0.0,Southpaw,Southpaw,10,2
2015-08-23,Max Holloway,Charles Oliveira,Red,Featherweight,MALE,5,6,4,6,4,0,0,9,8,3,5,30,26,0,0,4,0,2,7,180.34,177.8,175.26,187.96,23,25,65.9167,25.3846,0.403,0.527,0.4167,1.4615,0.0833,1.1538,0.083,0.344,Orthodox,Orthodox,12,13
2015-08-23,Neil Magny,Erick Silva,Red,Welterweight,MALE,3,0,2,7,2,1,0,8,6,3,4,28,15,0,0,3,2,1,4,190.5,182.88,203.2,187.96,28,31,41.4545,12.8,0.423,0.587,0.0909,0.8,2.0909,0.3,0.481,0.166,Orthodox,Orthodox,11,10
2015-08-23,Patrick Cote,Joshua Burkman,Red,Welterweight,MALE,3,1,0,4,2,0,5,8,5,9,7,42,30,2,0,2,1,0,1,180.34,177.8,180.34,182.88,35,35,27.6471,28.1667,0.438,0.498,0.1765,0.3333,0.5882,2.1667,0.156,0.4,Orthodox,Orthodox,17,12
2015-08-23,Chad Laprise,Francisco Trinaldo,Blue,Lightweight,MALE,3,3,3,3,3,0,0,3,7,0,3,9,24,1,0,0,1,0,2,177.8,175.26,180.34,177.8,29,36,63.3333,31.4,0.433,0.51,0.0,0.5,1.3333,0.8,0.19,0.29,Orthodox,Southpaw,3,10
2015-08-23,Yves Jabouin,Felipe Arantes,Blue,Bantamweight,MALE,3,0,0,3,1,1,1,5,3,4,4,20,19,0,0,0,1,0,0,170.18,172.72,172.72,185.42,36,27,32.7778,35.7143,0.432,0.523,0.0,0.4286,1.2222,1.2857,0.364,0.361,Orthodox,Orthodox,9,7
2015-08-23,Marcos Rogerio de Lima,Nikita Krylov,Blue,Light Heavyweight,MALE,3,2,2,2,2,0,0,2,3,0,2,2,7,0,0,2,2,0,1,185.42,190.5,190.5,195.58,30,23,12.5,22.4,0.775,0.6,0.0,0.6,0.0,0.0,0.0,0.0,Orthodox,Orthodox,2,5
2015-08-08,Glover Teixeira,Ovince Saint Preux,Red,Light Heavyweight,MALE,5,0,2,5,4,2,0,5,6,2,1,16,14,1,0,1,4,2,1,187.96,190.5,193.04,203.2,35,32,38.2857,17.0,0.443,0.541,0.4286,0.2857,1.4286,0.7143,0.393,0.357,Orthodox,Southpaw,7,7
2015-08-08,Michael Johnson,Beneil Dariush,Blue,Lightweight,MALE,3,4,4,4,4,0,0,8,5,4,1,30,12,1,0,3,0,0,3,177.8,177.8,185.42,182.88,29,26,38.5833,21.6667,0.343,0.463,0.0,0.8333,0.5,1.3333,0.354,0.443,Southpaw,Southpaw,12,6
2015-08-08,Derek Brunson,Sam Alvey,Red,Middleweight,MALE,3,2,3,2,3,0,0,4,3,1,1,11,6,0,0,1,3,1,0,185.42,187.96,195.58,190.5,31,29,20.6,25.0,0.444,0.61,0.6,0.0,2.2,0.0,0.246,0.0,Southpaw,Southpaw,5,4
2015-08-08,Chris Camozzi,Tom Watson,Red,Middleweight,MALE,3,0,0,4,1,5,1,6,2,7,4,33,17,0,0,0,1,1,0,187.96,185.42,193.04,185.42,28,33,45.0,53.0,0.452,0.427,0.3077,0.0,0.0,0.0,0.0,0.0,Orthodox,Orthodox,13,6
2015-08-01,Mauricio Rua,Rogerio Nogueira,Red,Light Heavyweight,MALE,3,0,0,2,2,2,1,6,4,8,3,35,15,3,0,6,2,0,0,185.42,187.96,193.04,190.5,33,39,35.6429,23.8571,0.508,0.294,0.2857,0.1429,1.2143,0.1429,0.201,0.143,Orthodox,Southpaw,14,7
2015-08-01,Demian Maia,Neil Magny,Red,Welterweight,MALE,3,2,7,5,7,0,0,14,8,6,2,53,26,1,0,1,3,6,1,185.42,190.5,182.88,203.2,37,27,21.65,45.6,0.49,0.465,0.95,0.1,2.4,2.3,0.363,0.529,Southpaw,Orthodox,20,10
2015-08-01,Rafael Feijao,Patrick Cummins,Blue,Light Heavyweight,MALE,3,0,0,1,3,1,1,1,3,2,2,5,10,0,0,1,1,0,0,185.42,187.96,185.42,193.04,35,34,16.6667,37.8,0.473,0.55,0.0,0.2,0.0,3.6,0.0,0.402,Orthodox,Orthodox,3,5
2015-08-01,Warlley Alves,Nordine Taleb,Red,Welterweight,MALE,3,2,3,2,3,0,0,2,3,0,0,6,9,1,0,0,0,1,0,180.34,185.42,182.88,187.96,24,34,33.0,50.0,0.46,0.59,1.0,0.0,1.5,4.0,0.83,0.833,Orthodox,Orthodox,2,3
2015-08-01,Iuri Alcantara,Leandro Issa,Red,Bantamweight,MALE,3,0,2,3,2,1,0,6,2,4,1,24,7,0,0,2,0,0,2,175.26,170.18,180.34,175.26,34,31,25.3,28.6667,0.48,0.43,0.5,1.6667,1.4,2.0,0.466,0.37,Southpaw,Orthodox,10,3
2015-08-01,Vitor Miranda,Clint Hester,Red,Middleweight,MALE,3,1,0,1,4,0,1,1,4,1,1,4,13,1,0,1,1,0,0,185.42,187.96,195.58,195.58,36,28,17.5,46.6,0.55,0.448,0.0,0.0,0.0,0.8,0.0,0.532,Orthodox,Orthodox,2,5
2015-07-25,TJ Dillashaw,Renan Barao,Red,Bantamweight,MALE,5,3,1,4,7,0,0,7,8,2,1,24,27,3,5,4,2,1,3,167.64,167.64,170.18,177.8,29,28,64.2222,52.8889,0.396,0.386,1.2222,0.3333,1.5556,1.3333,0.403,0.194,Orthodox,Orthodox,9,9
2015-07-25,Edson Barboza,Paul Felder,Red,Lightweight,MALE,3,0,2,4,2,1,0,9,2,3,0,27,5,0,0,5,1,0,0,180.34,180.34,190.5,177.8,29,31,36.9167,42.0,0.455,0.475,0.0833,0.0,0.3333,0.5,0.167,0.5,Orthodox,Orthodox,12,2
2015-07-25,Joe Lauzon,Takanori Gomi,Red,Lightweight,MALE,3,0,0,3,2,1,1,11,4,7,5,35,19,0,0,2,2,7,0,177.8,170.18,180.34,177.8,31,36,18.4444,39.6667,0.419,0.322,1.4444,0.0,1.2778,0.1111,0.389,0.056,Orthodox,Southpaw,18,9
2015-07-25,Gian Villante,Tom Lawlor,Blue,Light Heavyweight,MALE,3,2,1,2,2,0,0,3,5,2,4,14,19,0,0,2,1,0,2,190.5,182.88,193.04,187.96,29,32,53.4,21.2222,0.48,0.406,0.0,1.0,0.8,1.6667,0.25,0.178,Orthodox,Southpaw,5,9
2015-07-25,Jim Miller,Danny Castillo,Red,Lightweight,MALE,3,0,0,7,3,2,2,13,7,6,5,44,31,0,0,2,2,6,0,172.72,175.26,180.34,180.34,31,35,25.4211,31.5833,0.345,0.492,1.7895,0.25,1.2632,2.4167,0.449,0.343,Southpaw,Orthodox,19,12
2015-07-25,Kenny Robertson,Ben Saunders,Blue,Welterweight,MALE,3,3,2,3,3,0,0,4,6,3,3,14,17,0,0,1,2,2,3,177.8,187.96,187.96,195.58,31,32,29.7143,21.6667,0.547,0.643,0.7143,1.0,0.8571,0.1111,0.351,0.111,Orthodox,Orthodox,7,9
2015-07-25,Eddie Wineland,Bryan Caraway,Blue,Bantamweight,MALE,3,0,0,2,2,1,1,3,4,4,2,16,16,1,0,2,0,0,4,170.18,172.72,175.26,172.72,31,30,36.7143,26.6667,0.256,0.328,0.0,1.0,0.2857,2.5,0.19,0.443,Orthodox,Orthodox,7,6
2015-07-25,Daron Cruickshank,James Krause,Blue,Lightweight,MALE,3,0,0,2,1,2,2,6,2,5,3,26,11,0,0,3,1,0,1,172.72,187.96,182.88,185.42,30,29,31.1818,57.0,0.395,0.418,0.1818,0.2,1.3636,0.2,0.329,0.1,Switch,Orthodox,11,5
2015-07-18,Michael Bisping,Thales Leites,Red,Middleweight,MALE,5,1,5,4,5,0,0,16,10,7,3,59,31,1,1,9,2,0,4,185.42,185.42,190.5,198.12,36,33,50.8696,21.3077,0.39,0.402,0.2174,1.1538,1.1304,1.8462,0.29,0.322,Orthodox,Orthodox,23,13
2015-07-18,Ross Pearson,Evan Dunham,Blue,Lightweight,MALE,3,1,1,3,4,0,0,9,8,6,6,36,34,1,0,4,1,0,1,172.72,177.8,175.26,177.8,30,33,41.6667,61.6429,0.418,0.378,0.0,0.8571,0.6667,1.2143,0.333,0.336,Orthodox,Southpaw,15,14
2015-07-18,Leon Edwards,Pawel Pawlak,Red,Welterweight,MALE,3,1,1,1,1,0,0,1,1,1,1,4,6,0,0,1,0,0,0,182.88,182.88,187.96,185.42,23,26,18.0,25.5,0.77,0.375,0.0,0.0,0.0,1.5,0.0,0.375,Southpaw,Orthodox,2,2
2015-07-18,Ilir Latifi,Hans Stringer,Red,Light Heavyweight,MALE,3,0,0,2,1,1,1,2,1,2,1,6,5,0,0,1,0,1,0,177.8,190.5,185.42,185.42,31,28,9.0,38.5,0.25,0.64,0.5,0.0,0.75,2.0,0.583,0.56,Orthodox,Orthodox,4,2
2015-07-15,Josh Thomson,Tony Ferguson,Blue,Lightweight,MALE,3,0,5,2,5,2,0,3,8,3,1,15,16,0,1,2,2,0,3,177.8,180.34,180.34,193.04,36,31,27.3333,28.3333,0.495,0.36,0.0,0.7778,1.6667,0.6667,0.613,0.462,Orthodox,Orthodox,6,9
2015-07-15,Scott Jorgensen,Manvel Gamburyan,Blue,Bantamweight,MALE,3,0,1,2,2,1,0,4,5,6,7,22,28,0,1,1,0,1,3,165.1,165.1,167.64,170.18,32,34,34.6,18.9167,0.405,0.388,0.2,0.5,1.8,2.0833,0.302,0.358,Orthodox,Orthodox,10,12
2015-07-15,Kevin Lee,James Moontasri,Red,Lightweight,MALE,3,3,1,3,1,0,0,3,1,1,1,12,5,0,0,0,0,0,1,175.26,177.8,195.58,180.34,22,27,56.0,33.5,0.395,0.51,1.25,0.5,3.25,0.0,0.423,0.0,Orthodox,Switch,4,2
2015-07-15,Alan Jouban,Matt Dwyer,Red,Welterweight,MALE,3,1,1,1,1,0,0,2,1,1,1,5,2,0,0,2,1,0,0,182.88,193.04,185.42,193.04,33,25,38.6667,6.5,0.52,0.175,0.0,0.0,0.0,0.0,0.0,0.0,Southpaw,Orthodox,3,2
2015-07-15,Sam Sicilia,Yaotzin Meza,Red,Featherweight,MALE,3,1,1,1,1,0,0,4,2,4,3,16,12,0,0,3,0,0,1,172.72,175.26,170.18,187.96,29,34,25.75,15.6,0.413,0.418,0.25,1.4,1.0,1.0,0.345,0.398,Orthodox,Orthodox,8,5
2015-07-15,Igor Araujo,Sean Strickland,Blue,Welterweight,MALE,3,0,0,2,2,1,1,2,2,1,1,8,7,0,0,0,0,0,1,185.42,185.42,195.58,193.04,34,24,13.6667,37.3333,0.377,0.373,0.6667,0.3333,1.0,1.3333,0.147,0.443,Orthodox,Orthodox,3,3
2015-07-15,Kevin Casey,Ildemar Alcantara,Red,Middleweight,MALE,3,0,1,0,2,2,0,0,4,2,2,3,17,0,0,0,0,0,1,180.34,187.96,195.58,198.12,34,32,14.5,28.0,0.73,0.41,1.0,1.0,0.0,2.1667,0.0,0.622,Southpaw,Orthodox,2,6
2015-07-12,Jake Ellenberger,Stephen Thompson,Blue,Welterweight,MALE,5,1,4,6,4,0,0,9,5,5,1,31,13,0,0,4,3,1,0,175.26,182.88,180.34,190.5,30,32,22.5714,46.5,0.404,0.512,0.2857,0.0,1.5714,0.6667,0.486,0.25,Orthodox,Orthodox,14,6
2015-07-12,Jorge Masvidal,Cezar Ferreira,Red,Welterweight,MALE,3,0,0,3,3,1,1,5,4,2,2,20,12,0,1,0,0,1,1,180.34,185.42,187.96,198.12,30,30,54.8571,16.0,0.511,0.388,0.5714,0.1667,1.7143,0.8333,0.464,0.208,Orthodox,Southpaw,7,6
2015-07-12,Maximo Blanco,Mike de la Torre,Red,Featherweight,MALE,3,2,1,2,1,0,0,3,1,3,2,16,5,0,0,0,1,0,0,172.72,180.34,180.34,180.34,31,28,51.8333,26.3333,0.458,0.463,0.1667,0.0,1.6667,0.3333,0.455,0.167,Orthodox,Orthodox,6,3
2015-07-12,Josh Samman,Caio Magalhaes,Red,Middleweight,MALE,3,2,4,2,4,0,0,2,4,0,1,4,10,0,0,2,2,0,1,190.5,185.42,200.66,185.42,27,27,23.5,20.0,0.515,0.508,0.0,1.0,0.5,0.6,0.25,0.126,Orthodox,Orthodox,2,5
2015-07-12,Russell Doane,Jerrod Sanders,Blue,Bantamweight,MALE,3,0,0,2,0,1,2,2,0,1,2,8,2,0,0,0,0,1,0,170.18,172.72,177.8,182.88,28,35,27.0,1.5,0.39,0.58,0.3333,0.0,3.0,0.0,0.277,0.0,Orthodox,Orthodox,3,2
2015-07-12,Dan Miller,Trevor Smith,Blue,Middleweight,MALE,3,0,0,3,1,1,1,6,2,6,3,29,11,0,0,0,0,4,0,185.42,190.5,187.96,190.5,34,34,22.75,38.2,0.342,0.534,1.25,0.8,1.25,0.8,0.286,0.144,Orthodox,Orthodox,12,5
2015-07-11,Chad Mendes,Conor McGregor,Blue,Featherweight,MALE,5,1,5,5,5,0,0,8,5,2,0,22,8,2,0,5,4,0,0,167.64,175.26,167.64,187.96,30,26,30.0,33.0,0.596,0.428,0.2,0.0,2.0,1.0,0.282,0.36,Orthodox,Southpaw,10,5
2015-07-11,Robbie Lawler,Rory MacDonald,Red,Welterweight,MALE,5,3,3,3,5,0,0,10,9,4,2,38,28,2,0,5,3,0,1,180.34,182.88,187.96,193.04,33,25,46.8571,47.2727,0.454,0.45,0.0,0.4545,1.1429,1.9091,0.464,0.414,Southpaw,Orthodox,14,11
2015-07-11,Dennis Bermudez,Jeremy Stephens,Blue,Featherweight,MALE,3,0,0,7,3,1,2,7,10,2,10,20,53,1,0,1,4,2,0,167.64,172.72,167.64,180.34,28,29,47.6667,33.4,0.41,0.466,1.2222,0.45,3.1111,1.35,0.456,0.354,Orthodox,Orthodox,9,20
2015-07-11,Gunnar Nelson,Brandon Thatch,Red,Welterweight,MALE,3,0,0,4,2,1,1,4,2,1,1,12,6,0,0,0,2,3,0,180.34,187.96,182.88,187.96,26,29,26.6,24.3333,0.65,0.457,0.8,0.0,1.2,1.0,0.75,0.553,Switch,Switch,5,3
2015-07-11,Brad Pickett,Thomas Almeida,Blue,Bantamweight,MALE,3,0,2,2,2,2,0,4,2,5,0,21,4,0,0,1,1,1,0,167.64,170.18,172.72,177.8,36,23,37.3333,75.5,0.303,0.48,0.2222,0.0,1.6667,0.0,0.343,0.0,Orthodox,Southpaw,9,2
2015-07-11,Matt Brown,Tim Means,Red,Welterweight,MALE,3,0,4,7,4,2,0,12,6,7,3,45,23,0,0,9,2,1,1,182.88,187.96,190.5,190.5,34,31,36.7895,46.5556,0.568,0.466,1.1579,0.2222,1.1579,0.7778,0.406,0.278,Orthodox,Orthodox,19,9
2015-07-11,Mike Swick,Alex Garcia,Blue,Welterweight,MALE,3,0,0,5,2,1,1,10,2,4,1,28,7,0,0,5,1,2,0,185.42,175.26,195.58,182.88,36,27,19.1429,25.0,0.44,0.39,0.3571,0.0,0.5714,3.6667,0.316,0.38,Orthodox,Orthodox,14,3
2015-07-11,Cathal Pendred,John Howard,Blue,Welterweight,MALE,3,4,0,4,4,0,3,4,6,0,6,11,32,0,0,0,2,1,0,185.42,170.18,190.5,180.34,27,32,33.0,25.0833,0.41,0.564,0.25,0.4167,3.0,2.3333,0.308,0.446,Orthodox,Orthodox,4,12
2015-06-27,Lyoto Machida,Yoel Romero,Blue,Middleweight,MALE,5,0,5,8,5,1,0,14,5,6,0,52,13,5,0,6,4,1,0,185.42,182.88,187.96,185.42,37,38,30.45,38.4,0.536,0.646,0.4,0.0,0.7,2.0,0.308,0.266,Southpaw,Southpaw,20,5
2015-06-27,Santiago Ponzinibbio,Lorenz Larkin,Blue,Welterweight,MALE,3,2,1,2,1,0,0,2,2,1,4,7,14,0,0,1,1,0,0,182.88,180.34,185.42,182.88,28,28,28.3333,30.3333,0.327,0.453,0.0,0.0,0.3333,0.0,0.11,0.0,Orthodox,Orthodox,3,6
2015-06-27,Antonio Carlos Junior,Eddie Gordon,Red,Middleweight,MALE,3,0,0,1,1,1,2,1,1,1,2,6,6,1,1,0,1,0,0,187.96,182.88,200.66,193.04,25,31,15.5,22.3333,0.34,0.437,1.0,0.0,3.0,1.6667,0.665,0.667,Orthodox,Orthodox,2,3
2015-06-20,Dennis Siver,Tatsuya Kawajiri,Blue,Featherweight,MALE,3,0,0,4,1,1,1,11,1,8,1,44,5,0,0,3,0,2,1,167.64,170.18,177.8,175.26,36,37,39.1579,25.5,0.337,0.625,0.2105,1.0,0.6842,2.0,0.297,0.225,Orthodox,Orthodox,19,2
2015-06-20,Mairbek Taisumov,Alan Patrick,Red,Lightweight,MALE,3,2,2,2,2,0,0,3,2,1,0,9,4,0,0,2,1,0,0,175.26,180.34,185.42,187.96,26,31,26.25,28.0,0.543,0.37,0.0,0.0,1.75,1.5,0.428,0.34,Orthodox,Southpaw,4,2
2015-06-20,Niklas Backstrom,Noad Lahat,Blue,Featherweight,MALE,3,0,1,1,1,1,0,1,1,1,1,2,4,0,0,0,0,1,0,185.42,175.26,187.96,175.26,25,31,6.0,18.5,0.495,0.39,1.0,1.0,0.0,2.0,0.0,0.115,Orthodox,Orthodox,2,2
2015-06-13,Kelvin Gastelum,Nate Marquardt,Red,Middleweight,MALE,3,0,0,5,4,1,1,5,11,1,7,14,38,1,1,0,4,2,3,175.26,182.88,180.34,187.96,23,36,36.5,24.9444,0.413,0.524,0.3333,0.7778,1.0,1.6111,0.333,0.497,Southpaw,Orthodox,6,18
2015-06-13,Efrain Escudero,Drew Dober,Red,Lightweight,MALE,3,1,0,2,1,0,1,4,1,5,3,25,9,1,0,1,0,0,1,175.26,172.72,177.8,177.8,29,26,37.7778,34.25,0.412,0.338,0.7778,0.25,1.1111,0.0,0.319,0.0,Orthodox,Southpaw,9,4
2015-06-06,Tim Boetsch,Dan Henderson,Blue,Middleweight,MALE,5,0,0,4,4,1,2,9,7,7,7,38,38,0,3,4,2,0,0,182.88,180.34,187.96,187.96,34,44,28.625,29.7857,0.504,0.458,0.6875,0.3571,1.1875,1.0,0.184,0.281,Orthodox,Orthodox,16,14
2015-06-06,Dustin Poirier,Yancy Medeiros,Red,Lightweight,MALE,3,1,2,4,2,0,0,9,2,3,3,25,6,0,0,3,0,3,2,175.26,177.8,182.88,190.5,26,27,42.3333,18.4,0.478,0.36,0.6667,0.6,0.9167,0.0,0.203,0.0,Southpaw,Orthodox,12,5
2015-06-06,Francisco Rivera,Alex Caceres,Red,Bantamweight,MALE,3,0,0,2,2,2,2,3,5,4,6,16,29,0,0,2,0,0,2,172.72,177.8,172.72,185.42,33,26,39.4286,43.4545,0.431,0.499,0.5714,1.0909,0.7143,0.1818,0.25,0.182,Orthodox,Southpaw,7,11
2015-06-06,Brian Ebersole,Omari Akhmedov,Blue,Welterweight,MALE,3,1,1,4,1,0,0,5,2,2,1,19,5,0,0,1,1,0,0,182.88,182.88,185.42,185.42,34,27,34.1429,28.0,0.546,0.47,0.1429,0.3333,1.4286,2.0,0.189,0.25,Southpaw,Orthodox,7,3
2015-06-06,Chris Wade,Christos Giagos,Red,Lightweight,MALE,3,2,1,2,1,0,0,2,1,0,1,4,2,0,0,0,0,1,1,177.8,177.8,177.8,180.34,27,25,23.5,11.0,0.36,0.41,0.5,0.5,2.5,0.5,0.72,0.5,Orthodox,Orthodox,2,2
2015-06-06,Joe Proctor,Justin Edwards,Red,Lightweight,MALE,3,0,0,2,1,1,2,3,2,2,4,10,14,0,0,2,0,0,1,177.8,177.8,182.88,177.8,29,32,27.6,24.0,0.33,0.47,1.0,0.8333,0.0,1.5,0.0,0.083,Orthodox,Orthodox,5,6
2015-05-30,Carlos Condit,Thiago Alves,Red,Welterweight,MALE,5,0,2,5,7,1,0,6,13,4,6,30,45,2,1,4,7,0,1,187.96,175.26,190.5,177.8,31,31,51.0,37.5789,0.373,0.466,0.9,0.2632,0.4,0.5789,0.125,0.315,Orthodox,Orthodox,10,19
2015-05-30,Nik Lentz,Charles Oliveira,Blue,Featherweight,MALE,3,1,3,4,3,0,0,9,7,5,5,38,23,0,0,1,0,1,6,172.72,177.8,172.72,187.96,30,25,41.2857,22.1667,0.523,0.508,1.1429,1.4167,3.5,1.1667,0.339,0.331,Orthodox,Orthodox,14,12
2015-05-30,Francimar Barroso,Ryan Jimmo,Red,Light Heavyweight,MALE,3,0,0,1,1,1,1,1,3,1,3,6,12,0,0,0,2,0,0,185.42,185.42,190.5,185.42,35,33,33.5,28.6667,0.51,0.703,0.0,0.0,2.5,0.3333,0.385,0.25,Orthodox,Orthodox,2,6
2015-05-30,Francisco Trinaldo,Norman Parke,Red,Lightweight,MALE,3,2,0,2,3,0,1,6,4,3,2,21,17,0,1,1,1,2,0,175.26,180.34,177.8,177.8,36,28,27.5556,50.8333,0.529,0.377,0.5556,0.0,0.8889,1.8333,0.322,0.468,Southpaw,Southpaw,9,6
2015-05-30,Lucas Martins,Mirsad Bektic,Blue,Featherweight,MALE,3,0,2,3,2,1,0,3,2,2,0,11,6,0,0,2,0,1,0,182.88,172.72,182.88,177.8,26,24,28.0,30.5,0.382,0.45,0.4,0.0,0.0,2.0,0.0,0.58,Southpaw,Orthodox,5,2
2015-05-23,Anthony Johnson,Daniel Cormier,Blue,Light Heavyweight,MALE,5,3,0,3,4,0,1,10,4,4,1,24,15,0,1,8,1,0,1,187.96,180.34,198.12,182.88,31,36,21.1429,51.8,0.48,0.512,0.3571,0.4,1.0714,1.4,0.241,0.344,Orthodox,Orthodox,14,5
2015-05-23,Chris Weidman,Vitor Belfort,Red,Middleweight,MALE,5,8,3,8,3,0,0,8,13,0,6,19,29,3,5,3,10,2,2,187.96,182.88,198.12,187.96,30,38,30.25,10.6316,0.45,0.508,0.875,0.4211,2.5,0.3158,0.749,0.145,Orthodox,Southpaw,8,19
2015-05-23,Donald Cerrone,John Makdessi,Red,Lightweight,MALE,3,7,1,7,3,0,0,14,6,3,3,36,21,0,0,4,3,4,0,185.42,172.72,185.42,172.72,32,30,44.0588,51.2222,0.475,0.427,0.4118,0.0,0.7647,0.0,0.311,0.0,Orthodox,Orthodox,17,9
2015-05-23,Dong Hyun Kim,Joshua Burkman,Red,Welterweight,MALE,3,0,0,4,2,1,4,10,5,4,6,35,27,0,0,3,1,0,1,187.96,177.8,193.04,182.88,33,35,23.7857,28.9091,0.51,0.503,0.5,0.3636,2.2857,2.3636,0.471,0.436,Southpaw,Orthodox,14,11
2015-05-23,Uriah Hall,Rafael Natal,Blue,Middleweight,MALE,3,3,2,3,3,0,0,3,7,2,5,11,33,1,0,0,0,0,1,182.88,182.88,200.66,193.04,30,32,34.8,39.6667,0.536,0.477,0.2,0.5833,1.0,2.5833,0.382,0.308,Orthodox,Orthodox,5,12
2015-05-23,Mike Pyle,Colby Covington,Blue,Welterweight,MALE,3,0,2,4,2,1,0,9,2,5,0,27,4,0,0,4,1,2,1,182.88,180.34,187.96,182.88,39,27,20.0714,17.0,0.396,0.505,0.7857,0.5,1.0714,3.5,0.253,0.705,Orthodox,Orthodox,14,2
2015-05-16,Frankie Edgar,Urijah Faber,Red,Featherweight,MALE,5,3,2,5,4,0,0,12,8,5,3,63,31,7,3,3,0,2,6,167.64,167.64,172.72,170.18,33,36,64.1765,39.5455,0.429,0.487,0.4706,0.7273,3.2941,1.6364,0.35,0.341,Orthodox,Orthodox,17,11
2015-05-16,Gegard Mousasi,Costas Philippou,Red,Middleweight,MALE,3,1,1,1,5,0,0,3,6,2,3,13,21,0,0,1,3,1,0,187.96,180.34,193.04,185.42,29,35,32.8,26.1111,0.424,0.37,0.4,0.2222,0.0,0.3333,0.0,0.184,Orthodox,Orthodox,5,9
2015-05-16,Mark Munoz,Luke Barnatt,Red,Middleweight,MALE,3,0,0,4,3,3,2,8,3,6,2,27,12,0,0,4,1,0,1,182.88,198.12,182.88,195.58,37,27,25.6429,55.0,0.381,0.342,0.3571,0.4,1.3571,0.4,0.219,0.3,Orthodox,Orthodox,14,5
2015-05-16,Hyun Gyu Lim,Neil Magny,Blue,Welterweight,MALE,3,1,6,2,6,0,0,3,7,1,2,9,24,0,0,3,2,0,1,190.5,190.5,195.58,203.2,30,27,55.0,45.8889,0.5,0.453,0.25,0.1111,0.25,2.3333,0.25,0.532,Orthodox,Orthodox,4,9
2015-05-16,Tae Hyun Bang,Jon Tuck,Blue,Lightweight,MALE,3,1,0,1,1,0,1,1,2,1,2,6,12,0,0,1,1,0,0,175.26,180.34,180.34,185.42,32,30,30.0,44.75,0.35,0.43,0.0,1.0,0.0,0.75,0.0,0.15,Switch,Orthodox,2,4
2015-05-16,Li Jingliang,Dhiego Lima,Red,Welterweight,MALE,3,0,0,1,1,1,1,1,1,1,2,6,5,0,1,0,0,0,0,182.88,187.96,180.34,187.96,27,26,52.0,27.3333,0.34,0.433,0.0,1.3333,2.0,2.0,0.29,0.25,Orthodox,Orthodox,2,3
2015-05-09,Brad Tavares,Robert Whittaker,Blue,Middleweight,MALE,3,1,2,5,2,0,0,8,4,3,2,30,15,0,1,1,2,0,0,185.42,182.88,187.96,185.42,27,24,41.9091,53.0,0.425,0.373,0.0,0.0,1.2727,0.5,0.276,0.417,Orthodox,Orthodox,11,6
2015-05-09,Anthony Perosh,Sean O'Connell,Blue,Light Heavyweight,MALE,3,1,1,3,1,0,0,5,1,5,2,16,7,0,0,2,1,3,0,190.5,185.42,190.5,187.96,42,31,14.2,63.3333,0.428,0.51,0.5,0.6667,0.9,0.0,0.185,0.0,Orthodox,Orthodox,10,3
2015-05-09,Jake Matthews,James Vick,Blue,Lightweight,MALE,3,2,3,2,3,0,0,2,3,0,0,5,7,0,0,0,0,2,1,180.34,190.5,185.42,193.04,20,28,43.0,39.0,0.555,0.207,1.0,0.3333,2.5,0.0,0.43,0.0,Orthodox,Orthodox,2,3
2015-05-09,Hatsu Hioki,Dan Hooker,Blue,Featherweight,MALE,3,0,0,2,1,1,1,3,1,4,1,20,4,0,0,0,1,0,0,180.34,182.88,177.8,190.5,31,25,31.4286,55.5,0.433,0.535,0.7143,0.0,2.2857,0.0,0.556,0.0,Orthodox,Switch,7,2
2015-05-09,Daniel Kelly,Sam Alvey,Blue,Middleweight,MALE,3,2,2,2,2,0,0,2,2,0,1,4,5,0,0,0,2,1,0,182.88,187.96,177.8,190.5,37,29,43.0,30.6667,0.42,0.61,0.5,0.0,0.5,0.0,0.25,0.0,Southpaw,Southpaw,2,3
2015-05-09,Dylan Andrews,Bradley Scott,Blue,Middleweight,MALE,3,0,0,2,1,2,1,2,1,2,2,7,7,0,1,2,0,0,1,185.42,185.42,185.42,193.04,35,25,14.25,36.6667,0.563,0.487,0.0,0.6667,1.5,0.3333,0.39,0.067,Switch,Orthodox,4,3
2015-04-25,Michael Bisping,CB Dollaway,Red,Middleweight,MALE,3,0,0,4,3,1,1,15,9,7,6,56,28,1,1,9,2,0,2,185.42,187.96,190.5,193.04,36,31,49.7727,20.2,0.39,0.441,0.2273,0.6,1.1818,1.9333,0.304,0.45,Orthodox,Orthodox,22,15
2015-04-25,Patrick Cote,Joe Riggs,Red,Welterweight,MALE,3,0,0,4,1,1,2,7,4,9,5,39,13,2,0,2,1,0,1,180.34,182.88,180.34,177.8,35,32,28.0625,12.1111,0.438,0.439,0.125,0.2222,0.4375,1.0,0.135,0.559,Orthodox,Southpaw,16,9
2015-04-25,Olivier Aubin-Mercier,David Michaud,Red,Lightweight,MALE,3,1,1,1,1,0,0,1,1,1,1,5,6,1,0,0,0,1,0,175.26,175.26,177.8,182.88,26,26,38.0,59.0,0.51,0.44,0.5,1.0,2.0,3.5,0.31,0.685,Southpaw,Orthodox,2,2
2015-04-25,Nordine Taleb,Chris Clements,Red,Welterweight,MALE,3,2,1,2,1,0,0,2,2,0,2,6,9,0,0,0,1,0,0,185.42,177.8,187.96,177.8,33,39,57.0,37.0,0.605,0.59,0.0,0.0,3.0,0.0,0.75,0.0,Orthodox,Orthodox,2,4
2015-04-18,Lyoto Machida,Luke Rockhold,Blue,Middleweight,MALE,5,1,3,8,3,0,0,14,3,5,1,50,5,5,0,6,1,1,2,185.42,190.5,187.96,195.58,36,30,31.3684,10.5,0.539,0.628,0.4211,0.75,0.7368,0.0,0.324,0.0,Southpaw,Southpaw,19,4
2015-04-18,Jacare Souza,Chris Camozzi,Red,Middleweight,MALE,3,4,0,4,4,0,4,4,6,0,6,8,32,0,0,1,0,2,1,185.42,187.96,182.88,193.04,35,28,21.0,48.1667,0.498,0.448,1.25,0.3333,1.75,0.0,0.308,0.0,Orthodox,Orthodox,4,12
2015-04-18,Cub Swanson,Max Holloway,Blue,Featherweight,MALE,3,0,5,6,5,1,0,6,8,2,3,23,27,0,0,4,4,0,1,172.72,180.34,177.8,175.26,31,23,41.625,64.4545,0.44,0.403,0.125,0.1818,0.75,0.0909,0.5,0.091,Orthodox,Orthodox,8,11
2015-04-18,Jim Miller,Beneil Dariush,Blue,Lightweight,MALE,3,0,3,7,3,1,0,13,4,5,1,41,9,0,0,2,0,6,3,172.72,177.8,180.34,182.88,31,25,26.2222,20.6,0.342,0.456,1.7222,0.8,1.3333,1.2,0.474,0.432,Southpaw,Southpaw,18,5
2015-04-18,Ovince Saint Preux,Patrick Cummins,Red,Light Heavyweight,MALE,3,1,3,4,3,0,0,5,3,1,1,13,9,0,0,3,1,1,0,190.5,187.96,203.2,193.04,32,34,16.8333,43.75,0.56,0.538,0.3333,0.25,0.8333,4.25,0.417,0.42,Southpaw,Orthodox,6,4
2015-04-18,Corey Anderson,Gian Villante,Blue,Light Heavyweight,MALE,3,2,1,2,1,0,0,2,2,0,2,4,11,1,0,1,1,0,0,190.5,190.5,200.66,193.04,25,29,34.5,49.25,0.57,0.498,0.0,0.0,4.5,1.0,0.765,0.313,Orthodox,Orthodox,2,4
2015-04-18,Takeya Mizugaki,Aljamain Sterling,Blue,Bantamweight,MALE,3,0,2,5,2,1,0,7,2,3,0,27,6,0,0,1,1,0,0,170.18,170.18,172.72,180.34,31,25,51.3,54.0,0.377,0.57,0.1,1.5,1.6,3.5,0.427,0.8,Orthodox,Orthodox,10,2
2015-04-18,George Sullivan,Tim Means,Blue,Welterweight,MALE,3,2,3,2,3,0,0,2,5,0,3,5,20,0,0,1,2,0,0,182.88,187.96,185.42,190.5,34,31,52.0,46.375,0.51,0.479,0.0,0.125,1.5,0.625,0.32,0.188,Orthodox,Orthodox,2,8
2015-04-18,Diego Brandao,Jimy Hettes,Red,Featherweight,MALE,3,0,0,3,2,2,1,4,3,3,2,13,13,1,0,0,0,2,2,170.18,175.26,172.72,180.34,27,27,21.5714,41.8,0.441,0.6,0.4286,1.2,1.8571,4.2,0.436,0.414,Orthodox,Southpaw,7,5
2015-04-04,Chad Mendes,Ricardo Lamas,Red,Featherweight,MALE,5,0,2,5,4,1,0,7,6,2,1,21,17,2,1,4,2,0,2,167.64,172.72,167.64,180.34,29,32,30.3333,25.8571,0.569,0.436,0.2222,1.0,2.2222,1.1429,0.313,0.203,Orthodox,Orthodox,9,7
2015-04-04,Jorge Masvidal,Al Iaquinta,Blue,Lightweight,MALE,3,3,3,3,3,0,0,5,6,1,2,17,19,0,1,0,3,1,0,180.34,177.8,187.96,177.8,30,27,50.1667,52.25,0.517,0.449,0.6667,0.375,2.0,1.0,0.542,0.323,Orthodox,Orthodox,6,8
2015-04-04,Michael Chiesa,Mitch Clarke,Red,Lightweight,MALE,3,0,2,2,2,1,0,4,2,2,2,12,10,1,0,0,0,3,1,185.42,177.8,190.5,185.42,27,29,15.6667,18.0,0.383,0.285,0.8333,0.5,1.3333,0.75,0.327,0.093,Southpaw,Orthodox,6,4
2015-04-04,Clay Guida,Robert Peralta,Red,Featherweight,MALE,3,0,0,4,2,1,1,11,4,9,3,55,17,0,0,1,2,4,0,170.18,172.72,177.8,180.34,33,29,28.45,39.7143,0.345,0.391,0.65,0.0,2.7,0.5714,0.356,0.429,Orthodox,Orthodox,20,7
2015-04-04,Dustin Poirier,Diego Ferreira,Red,Lightweight,MALE,3,0,0,4,2,1,1,8,2,3,1,24,6,0,0,2,1,3,1,175.26,175.26,182.88,187.96,26,30,44.0,17.6667,0.478,0.43,0.7273,1.0,1.0,0.3333,0.221,0.333,Southpaw,Orthodox,11,3
2015-04-04,Gray Maynard,Alexander Yakovlev,Blue,Lightweight,MALE,3,0,0,8,0,3,2,9,0,6,2,42,6,2,0,1,0,0,0,175.26,190.5,177.8,187.96,35,30,26.7333,33.0,0.364,0.46,0.6,0.0,2.2667,0.5,0.468,0.25,Orthodox,Southpaw,15,2
2015-03-21,Demian Maia,Ryan LaFlare,Red,Welterweight,MALE,5,1,4,5,4,0,0,13,4,6,0,48,12,1,0,1,0,6,0,185.42,185.42,182.88,187.96,37,31,20.8947,61.0,0.488,0.458,0.8947,0.5,2.2632,4.75,0.363,0.598,Southpaw,Southpaw,19,4
2015-03-21,Erick Silva,Josh Koscheck,Red,Welterweight,MALE,3,1,0,1,5,0,4,5,15,4,9,14,51,0,1,2,6,3,3,182.88,177.8,187.96,185.42,30,37,12.6667,17.6667,0.604,0.392,0.7778,0.2917,0.3333,1.6667,0.184,0.467,Orthodox,Orthodox,9,24
2015-03-21,Leonardo Santos,Anthony Rocco Martin,Red,Lightweight,MALE,3,1,1,1,1,0,0,2,1,1,2,8,6,1,0,0,0,1,1,182.88,182.88,190.5,185.42,35,25,28.0,17.6667,0.393,0.327,0.3333,1.3333,1.0,1.0,0.213,0.457,Orthodox,Orthodox,3,3
2015-03-21,Godofredo Pepey,Andre Fili,Red,Featherweight,MALE,3,2,1,2,1,0,0,3,2,3,1,10,8,1,0,1,1,1,0,170.18,180.34,185.42,187.96,27,24,14.6667,47.0,0.393,0.413,0.5,0.3333,0.1667,3.0,0.083,0.623,Orthodox,Orthodox,6,3
2015-03-21,Francisco Trinaldo,Akbarh Arreola,Red,Lightweight,MALE,3,1,1,2,1,0,0,5,1,3,1,18,4,0,0,1,0,2,1,175.26,177.8,177.8,180.34,36,32,26.125,21.0,0.554,0.435,0.625,0.5,0.625,1.5,0.238,1.0,Southpaw,Southpaw,8,2
2015-03-21,Kevin Souza,Katsunori Kikuno,Red,Featherweight,MALE,3,2,1,2,1,0,0,2,2,0,1,5,6,0,0,1,0,0,1,182.88,172.72,187.96,167.64,30,33,65.5,25.6667,0.42,0.46,0.0,0.3333,0.0,1.3333,0.0,0.583,Orthodox,Orthodox,2,3
2015-03-14,Anthony Pettis,Rafael Dos Anjos,Blue,Lightweight,MALE,5,5,3,5,5,0,0,5,12,1,5,11,43,2,0,2,3,2,2,177.8,172.72,182.88,177.8,28,30,16.8333,33.1765,0.478,0.409,0.5,0.7059,1.0,1.7647,0.11,0.343,Orthodox,Southpaw,6,17
2015-03-14,Johny Hendricks,Matt Brown,Red,Welterweight,MALE,3,0,0,6,7,1,1,11,12,3,6,39,42,3,0,5,9,0,1,175.26,182.88,175.26,190.5,31,34,47.5714,37.5556,0.548,0.574,0.4286,1.2222,3.2143,1.2222,0.303,0.428,Southpaw,Orthodox,14,18
2015-03-14,Ross Pearson,Sam Stout,Red,Lightweight,MALE,3,0,0,3,2,1,1,8,9,6,9,34,48,1,0,3,1,0,0,172.72,175.26,175.26,177.8,30,30,42.8571,53.8889,0.424,0.296,0.0,0.1111,0.7143,0.5556,0.357,0.213,Orthodox,Orthodox,14,18
2015-03-14,Elias Theodorou,Roger Narvaez,Red,Middleweight,MALE,3,2,1,2,1,0,0,2,1,0,1,5,5,1,0,1,0,0,0,185.42,190.5,190.5,200.66,26,31,58.0,25.5,0.55,0.28,0.0,1.0,3.0,0.0,0.71,0.0,Orthodox,Southpaw,2,2
2015-03-14,Daron Cruickshank,Beneil Dariush,Blue,Lightweight,MALE,3,0,2,2,2,1,0,6,3,4,1,24,7,0,0,3,0,0,2,172.72,177.8,182.88,182.88,29,25,32.6,19.0,0.395,0.44,0.2,0.5,1.5,1.25,0.362,0.29,Switch,Southpaw,10,4
2015-02-28,Jake Ellenberger,Josh Koscheck,Red,Welterweight,MALE,3,0,0,6,5,3,3,8,15,5,8,29,49,0,1,4,6,0,3,175.26,177.8,180.34,185.42,29,37,23.1538,18.1304,0.414,0.401,0.2308,0.3043,1.6923,1.6957,0.523,0.48,Orthodox,Orthodox,13,23
2015-02-28,Alan Jouban,Richard Walsh,Red,Welterweight,MALE,3,0,0,1,1,1,1,1,1,1,1,4,6,0,0,1,0,0,0,182.88,182.88,185.42,185.42,33,26,52.0,65.0,0.54,0.57,0.0,0.0,0.0,2.5,0.0,0.275,Southpaw,Orthodox,2,2
2015-02-28,Tony Ferguson,Gleison Tibau,Red,Lightweight,MALE,3,4,3,4,3,0,0,7,16,1,8,15,61,1,0,2,1,2,4,180.34,177.8,193.04,180.34,31,31,30.5,23.5833,0.37,0.356,0.625,0.6667,0.625,3.4167,0.395,0.531,Orthodox,Southpaw,8,24
2015-02-28,Mark Munoz,Roan Carneiro,Blue,Middleweight,MALE,3,0,0,4,1,2,2,8,2,5,3,26,12,0,0,4,1,0,0,182.88,180.34,182.88,187.96,37,36,27.6154,16.0,0.41,0.552,0.3846,1.6,1.4615,3.2,0.235,0.606,Orthodox,Orthodox,13,5
2015-02-28,Dhiego Lima,Tim Means,Blue,Welterweight,MALE,3,1,2,1,2,0,0,1,4,1,3,4,19,1,0,0,1,0,0,187.96,187.96,187.96,190.5,26,31,37.5,49.7143,0.505,0.47,2.0,0.1429,3.0,0.7143,0.375,0.214,Orthodox,Orthodox,2,7
2015-02-22,Edson Barboza,Michael Johnson,Blue,Lightweight,MALE,3,2,3,4,3,0,0,9,7,2,4,24,27,0,1,5,3,0,0,180.34,177.8,190.5,185.42,29,28,37.4545,38.6364,0.468,0.355,0.0909,0.0,0.3636,0.4545,0.182,0.295,Orthodox,Southpaw,11,11
2015-02-22,Cezar Ferreira,Sam Alvey,Blue,Middleweight,MALE,3,1,1,3,1,0,0,4,1,1,1,11,4,1,0,0,1,1,0,185.42,187.96,198.12,190.5,30,28,16.6,44.0,0.394,0.665,0.2,0.0,1.0,0.0,0.25,0.0,Southpaw,Southpaw,5,2
2015-02-22,Rustam Khabilov,Adriano Martins,Blue,Lightweight,MALE,3,0,1,3,1,1,0,3,2,1,1,9,4,0,0,1,1,0,1,172.72,177.8,185.42,182.88,28,32,16.5,12.6667,0.35,0.51,0.25,0.3333,3.5,0.3333,0.533,0.333,Orthodox,Southpaw,4,3
2015-02-22,Santiago Ponzinibbio,Sean Strickland,Red,Welterweight,MALE,3,1,2,1,2,0,0,1,2,1,0,4,4,0,0,1,0,0,1,182.88,185.42,185.42,193.04,28,23,17.5,34.0,0.34,0.43,0.0,0.5,0.0,1.0,0.0,0.415,Orthodox,Orthodox,2,2
2015-02-14,Benson Henderson,Brandon Thatch,Red,Welterweight,MALE,5,0,2,7,2,2,0,9,2,3,0,43,2,5,0,0,2,1,0,175.26,187.96,177.8,187.96,31,29,56.9167,14.5,0.463,0.535,0.75,0.0,2.1667,0.5,0.418,0.5,Southpaw,Switch,12,2
2015-02-14,Max Holloway,Cole Miller,Red,Featherweight,MALE,3,4,2,4,2,0,0,7,10,3,6,24,34,0,0,4,1,1,7,180.34,185.42,175.26,187.96,23,30,65.2,30.75,0.411,0.328,0.2,1.4375,0.0,0.3125,0.0,0.153,Orthodox,Orthodox,10,16
2015-02-14,Neil Magny,Kiichi Kunimoto,Red,Welterweight,MALE,3,5,3,5,3,0,0,6,3,2,0,21,5,0,0,2,0,0,1,190.5,177.8,203.2,180.34,27,33,42.125,17.6667,0.426,0.47,0.0,0.3333,2.25,0.6667,0.505,0.143,Orthodox,Orthodox,8,3
2015-02-14,Michel Prazeres,Kevin Lee,Blue,Lightweight,MALE,3,2,2,2,2,0,0,2,2,1,1,9,9,0,0,0,0,0,0,167.64,175.26,170.18,195.58,33,22,28.0,54.0,0.477,0.393,0.0,0.6667,4.3333,3.0,0.327,0.297,Orthodox,Orthodox,3,3
2015-01-31,Tyron Woodley,Kelvin Gastelum,Red,Welterweight,MALE,3,1,5,2,5,0,0,4,5,2,0,11,11,0,1,4,0,0,2,175.26,175.26,187.96,180.34,32,23,25.0,37.4,0.602,0.452,0.0,0.4,0.5,1.2,0.167,0.4,Orthodox,Southpaw,6,5
2015-01-31,Joe Lauzon,Al Iaquinta,Blue,Lightweight,MALE,3,2,2,3,3,0,0,11,5,6,2,33,17,0,1,2,2,7,0,177.8,177.8,180.34,177.8,30,27,17.6471,51.2857,0.422,0.459,1.5294,0.4286,1.3529,1.0,0.412,0.321,Orthodox,Orthodox,17,7
2015-01-31,Thales Leites,Tim Boetsch,Red,Middleweight,MALE,3,4,1,5,4,0,0,9,9,3,6,29,36,1,0,2,4,3,0,185.42,182.88,198.12,187.96,33,34,21.4167,28.8,0.408,0.511,1.0833,0.7333,1.9167,1.2667,0.307,0.196,Orthodox,Orthodox,12,15
2015-01-31,Jordan Mein,Thiago Alves,Blue,Welterweight,MALE,3,2,1,2,7,0,0,3,12,1,6,7,43,0,1,2,6,0,1,182.88,175.26,185.42,177.8,25,31,27.25,38.3889,0.538,0.474,0.0,0.2778,1.0,0.6111,0.25,0.333,Orthodox,Orthodox,4,18
2015-01-31,Ed Herman,Derek Brunson,Blue,Middleweight,MALE,3,1,1,3,2,0,0,9,3,7,1,36,10,1,0,2,0,4,1,185.42,185.42,195.58,195.58,34,31,27.6875,23.0,0.526,0.403,0.8125,0.75,1.875,2.75,0.492,0.308,Orthodox,Southpaw,16,4
2015-01-31,Rafael Natal,Tom Watson,Red,Middleweight,MALE,3,1,1,3,1,0,0,6,2,5,3,30,14,0,0,0,1,1,0,182.88,185.42,193.04,185.42,32,32,37.1818,57.8,0.48,0.474,0.6364,0.0,2.0909,0.0,0.281,0.0,Orthodox,Orthodox,11,5
2015-01-31,Thiago Santos,Andy Enz,Red,Middleweight,MALE,3,0,0,1,0,1,2,1,0,2,2,5,6,0,0,1,0,0,0,187.96,190.5,193.04,198.12,31,23,17.0,55.5,0.257,0.24,0.0,0.0,0.0,0.0,0.0,0.0,Orthodox,Orthodox,3,2
2015-01-24,Alexander Gustafsson,Anthony Johnson,Blue,Light Heavyweight,MALE,5,1,2,6,3,0,0,8,9,2,4,21,23,1,0,4,7,2,0,195.58,187.96,200.66,198.12,28,30,36.4,20.4615,0.362,0.468,0.5,0.3846,1.2,1.1538,0.328,0.26,Orthodox,Orthodox,10,13
2015-01-24,Dan Henderson,Gegard Mousasi,Blue,Middleweight,MALE,3,0,0,4,1,1,1,7,2,6,2,37,12,3,0,2,0,0,1,180.34,187.96,187.96,193.04,44,29,31.7692,40.0,0.465,0.485,0.3846,0.5,1.0769,0.0,0.303,0.0,Orthodox,Orthodox,13,4
2015-01-24,Phil Davis,Ryan Bader,Blue,Light Heavyweight,MALE,3,1,3,5,5,0,0,9,11,3,4,32,35,0,1,0,3,3,1,187.96,187.96,200.66,187.96,30,31,37.5,26.6667,0.408,0.405,0.5,0.3333,2.5833,2.6,0.401,0.293,Orthodox,Orthodox,12,15
2015-01-24,Akira Corassani,Sam Sicilia,Blue,Featherweight,MALE,3,0,0,3,1,2,1,3,3,2,4,10,15,0,0,0,2,0,0,172.72,172.72,172.72,170.18,32,28,25.8,28.0,0.452,0.417,0.0,0.2857,0.4,1.1429,0.066,0.394,Orthodox,Orthodox,5,7
2015-01-24,Nico Musoke,Albert Tumenov,Blue,Welterweight,MALE,3,1,2,2,2,0,0,3,2,1,1,10,5,0,0,0,2,1,0,182.88,180.34,190.5,185.42,28,23,40.75,14.0,0.413,0.353,0.25,0.0,1.25,0.3333,0.433,0.333,Orthodox,Orthodox,4,3
2015-01-24,Nikita Krylov,Stanislav Nedkov,Red,Light Heavyweight,MALE,3,1,0,1,1,0,2,2,1,2,2,6,6,0,0,2,1,0,0,190.5,180.34,195.58,180.34,22,33,24.75,28.6667,0.548,0.437,0.5,0.0,0.0,1.6667,0.0,0.277,Orthodox,Orthodox,4,3
2015-01-18,Conor McGregor,Dennis Siver,Red,Featherweight,MALE,5,4,1,4,4,0,0,4,11,0,7,6,42,0,0,3,3,0,2,175.26,167.64,187.96,177.8,26,36,25.25,39.5556,0.403,0.339,0.0,0.2222,1.25,0.7222,0.45,0.314,Southpaw,Orthodox,4,18
2015-01-18,Donald Cerrone,Benson Henderson,Red,Lightweight,MALE,3,6,0,6,7,0,1,13,9,3,2,33,40,0,5,4,0,4,1,185.42,175.26,185.42,177.8,31,31,43.25,54.2727,0.476,0.455,0.4375,0.8182,0.75,2.3636,0.322,0.456,Orthodox,Southpaw,16,11
2015-01-18,Norman Parke,Gleison Tibau,Blue,Lightweight,MALE,3,1,2,3,3,0,0,4,15,1,8,14,58,1,0,1,1,0,4,180.34,177.8,177.8,180.34,28,31,52.4,22.9565,0.392,0.359,0.0,0.6957,2.2,3.4783,0.562,0.54,Southpaw,Southpaw,5,23
2015-01-18,Cathal Pendred,Sean Spencer,Red,Welterweight,MALE,3,2,1,2,2,0,0,2,3,0,2,5,15,0,0,0,0,1,0,185.42,177.8,190.5,190.5,27,27,33.0,67.4,0.4,0.324,0.5,0.0,2.0,0.2,0.335,0.1,Orthodox,Southpaw,2,5
2015-01-18,John Howard,Lorenz Larkin,Blue,Welterweight,MALE,3,0,0,4,1,2,3,6,1,5,4,31,13,0,0,2,0,0,0,170.18,180.34,180.34,182.88,31,28,26.4545,30.6,0.555,0.428,0.4545,0.0,2.5455,0.0,0.486,0.0,Orthodox,Orthodox,11,5
2015-01-03,Jon Jones,Daniel Cormier,Red,Light Heavyweight,MALE,5,11,4,11,4,0,0,14,4,1,0,42,10,8,0,4,1,5,1,193.04,180.34,213.36,182.88,27,35,54.9333,50.25,0.573,0.553,0.6667,0.5,2.0,1.5,0.612,0.4,Orthodox,Orthodox,15,4
2015-01-03,Donald Cerrone,Myles Jury,Red,Lightweight,MALE,3,5,6,5,6,0,0,12,6,3,0,30,13,0,0,4,2,4,1,185.42,177.8,185.42,185.42,31,26,43.6667,25.1667,0.479,0.335,0.3333,0.3333,0.7333,2.0,0.277,0.527,Orthodox,Orthodox,15,6
2015-01-03,Brad Tavares,Nate Marquardt,Red,Middleweight,MALE,3,0,1,5,4,2,0,7,11,3,6,27,35,0,1,1,4,0,3,185.42,182.88,187.96,187.96,27,35,41.1,24.6471,0.426,0.528,0.0,0.8235,1.3,1.7059,0.204,0.526,Orthodox,Orthodox,10,17
2015-01-03,Evan Dunham,Rodrigo Damm,Red,Lightweight,MALE,3,0,0,4,2,3,2,7,3,6,3,31,16,0,0,1,0,1,1,177.8,170.18,177.8,180.34,33,34,54.6923,49.8333,0.373,0.393,0.9231,0.3333,1.2308,0.5,0.323,0.213,Southpaw,Orthodox,13,6
